#pragma once

const unsigned int UbuntuBoldCompressedSize = 174860;
const unsigned int UbuntuBoldCompressedData[174860 / 4] = {
	0x00010000, 0x00100100, 0x00040000, 0x47535542, 0xABFD95A8, 0x000021E0, 0x00001032, 0x4F532F32, 0x89EE00B2, 0x00000190, 0x00000060, 0x56444D58,
0x6C3C73DA, 0x00000BCC, 0x000005E0, 0x636D6170, 0xA33E3AB2, 0x00000758, 0x00000474, 0x63767420, 0x391E2966, 0x00000314, 0x00000176, 0x6670676D,
0x76BD44C4, 0x000011AC, 0x00000623, 0x67617370, 0xFFFF0003, 0x0000010C, 0x00000008, 0x676C7966, 0xDFB9CDDE, 0x00007388, 0x00023783, 0x68656164,
0xF4C11F12, 0x00000158, 0x00000036, 0x68686561, 0x053500A7, 0x00000134, 0x00000024, 0x686D7478, 0x34612D05, 0x000017D0, 0x00000A0E, 0x6C6F6361,
0x0616FBB5, 0x00003214, 0x0000141C, 0x6D617870, 0x0B76099F, 0x00000114, 0x00000020, 0x6E616D65, 0x3C276F38, 0x0000048C, 0x000002CC, 0x706F7374,
0xE5D5F15A, 0x00004630, 0x00002D57, 0x70726570, 0xF658C3BB, 0x000001F0, 0x00000123, 0x00000001, 0xFFFF0002, 0x00010000, 0x05060154, 0x0055006A,
0x00070002, 0x0010002F, 0x00590000, 0x05A707AF, 0x00030001, 0x00010000, 0x033EFF56, 0x000001F4, 0xFF5BFF5B, 0x02990001, 0x00000000, 0x00000000,
0x00000000, 0x00000001, 0x00010000, 0x0000CCCC, 0x0BD16318, 0x5F0F3CF5, 0x000903E8, 0x00000000, 0xC9E5BECB, 0x00000000, 0xCAA64FFF, 0xFE7EFF56,
0x0299033F, 0x00010009, 0x00020001, 0x00000000, 0x000301F4, 0x02BC0005, 0x000002BC, 0x028A0000, 0x008C02BC, 0x028A0000, 0x01DD0032, 0x00FA0000,
0x020B0809, 0x03060203, 0x0204E000, 0x02FF5000, 0x205B0000, 0x00000000, 0x00004441, 0x4D410020, 0x0000FFFD, 0x02B5FF5B, 0x0031033E, 0x00AA2000,
0x009F5601, 0x00000208, 0x02B50000, 0x00200003, 0x40A0766E, 0x291F756F, 0x641F7472, 0x641F7243, 0x291F716F, 0x641F706E, 0x641F6F42, 0x1B1F6E42,
0x1B1F6961, 0x291F6765, 0x641F6543, 0x291F6442, 0x0E1F6361, 0x641F6142, 0x1B1F5951, 0x291F5842, 0x151F5755, 0x641F5543, 0x291F5442, 0x151F5351,
0x641F5242, 0x1B1F5142, 0x1B1F4C44, 0x291F4A48, 0x641F4843, 0x291F4644, 0x641F4442, 0x1B1F4341, 0x111F2F42, 0x3F42029D, 0x9C2A1F0D, 0x2A0C5505,
0x2A045500, 0x9C109C02, 0x0F2A0E55, 0x0B2A0A55, 0x072A0655, 0x012A0055, 0x092A0855, 0x032A0255, 0x5453B801, 0x00B31601, 0x0501B801, 0x904BB808,
0x00524BB0, 0x08505BB0, 0x0188B025, 0x53B00188, 0xB040515A, 0xB00688B0, 0x00555A5B, 0x58B10101, 0x8E59858D, 0x8D00421D, 0x4BB01D53, 0x58B0A01D,
0x594BB080, 0x5358B000, 0x1DB11600, 0x42592B2B, 0x002B2B2B, 0x2B2B2B74, 0x2B2B2B01, 0x73002B01, 0x2B2B002B, 0x2B2B012B, 0x2B2B2B00, 0x2B2B2B2B,
0x012B2B2B, 0x002B2B2B, 0x012B2B2B, 0x2B002B2B, 0x2B2B1800, 0x02B00005, 0x026B000E, 0x026B000E, 0x0000FFF5, 0x0000FFF3, 0x01D6000C, 0x0000FFF3,
0xFF5BFFFD, 0x02BB0000, 0xFF5B0000, 0x00000000, 0x00000000, 0x00000000, 0x00000000, 0x00000000, 0x00000000, 0x00000000, 0x00000000, 0x00000000,
0x00000000, 0x00000000, 0x00000000, 0x00000000, 0x00000000, 0x00000000, 0x00000000, 0x00000000, 0x00000000, 0x00000000, 0x00000000, 0x00000000,
0x00000000, 0x0000007C, 0x007C0066, 0x007C0050, 0x007D0000, 0x00660050, 0x006B0000, 0x00720000, 0x00000000, 0x0000007B, 0x0064007D, 0x009B0066,
0x0000006B, 0x009B0000, 0x00000000, 0x00000000, 0x00000000, 0x0000007B, 0x0000007D, 0x006F0066, 0x0000006B, 0x00000000, 0x00000000, 0x00000000,
0x007B008E, 0x007D00A6, 0x00660054, 0x006B00A6, 0x00760000, 0x00000066, 0x00B300B3, 0x00500050, 0x0201003C, 0x003C003A, 0x003A0164, 0x0064005F,
0x0340FF9F, 0xFF7E0000, 0x02C60272, 0x00FA00FB, 0x00000055, 0x002AFFD8, 0xFF570287, 0xFF21008C, 0x008C0287, 0x02A30047, 0x01030103, 0x0178016F,
0x027B02B5, 0x02AA0139, 0x016A0195, 0x005A005C, 0x02B60212, 0x022E0072, 0xFFD302BE, 0x022B007A, 0x02340059, 0x032A0243, 0x00720072, 0x02510059,
0xFFA70312, 0x02F400DD, 0x001C0000, 0x0000000F, 0x00BA0003, 0x00010409, 0x00000092, 0x01800003, 0x00010409, 0x00010016, 0x016A0003, 0x00010409,
0x00020008, 0x01620003, 0x00010409, 0x0003003A, 0x01280003, 0x00010409, 0x00040020, 0x01080003, 0x00010409, 0x00050018, 0x00F00003, 0x00010409,
0x0006001E, 0x00D20003, 0x00010409, 0x00070080, 0x00520003, 0x00010409, 0x0008001E, 0x00340003, 0x00010409, 0x0009001E, 0x00340003, 0x00010409,
0x000B0034, 0x00000003, 0x00010409, 0x000C0034, 0x00000003, 0x00010409, 0x00100016, 0x016A0003, 0x00010409, 0x00110008, 0x01620003, 0x00010409,
0x00120020, 0x01080068, 0x00740074, 0x0070003A, 0x002F002F, 0x00770077, 0x0077002E, 0x00640061, 0x006C0074, 0x006F006E, 0x006D0061, 0x00610067,
0x002E0063, 0x006F006D, 0x002F0044, 0x0061006C, 0x0074006F, 0x006E0020, 0x004D0061, 0x00610067, 0x0020004C, 0x00740064, 0x00550062, 0x0075006E,
0x00740075, 0x00200061, 0x006E0064, 0x00200043, 0x0061006E, 0x006F006E, 0x00690063, 0x0061006C, 0x00200061, 0x00720065, 0x00200072, 0x00650067,
0x00690073, 0x00740065, 0x00720065, 0x00640020, 0x00740072, 0x00610064, 0x0065006D, 0x00610072, 0x006B0073, 0x0020006F, 0x00660020, 0x00430061,
0x006E006F, 0x006E0069, 0x00630061, 0x006C0020, 0x004C0074, 0x0064002E, 0x00550062, 0x0075006E, 0x00740075, 0x004D006F, 0x006E006F, 0x002D0042,
0x006F006C, 0x00640056, 0x00650072, 0x00730069, 0x006F006E, 0x00200030, 0x002E0038, 0x00300055, 0x00620075, 0x006E0074, 0x00750020, 0x004D006F,
0x006E006F, 0x00200042, 0x006F006C, 0x00640055, 0x00620075, 0x006E0074, 0x00750020, 0x004D006F, 0x006E006F, 0x00200042, 0x006F006C, 0x00640020,
0x00560065, 0x00720073, 0x0069006F, 0x006E0020, 0x0030002E, 0x00380030, 0x0042006F, 0x006C0064, 0x00550062, 0x0075006E, 0x00740075, 0x0020004D,
0x006F006E, 0x006F0043, 0x006F0070, 0x00790072, 0x00690067, 0x00680074, 0x00200032, 0x00300031, 0x00310020, 0x00430061, 0x006E006F, 0x006E0069,
0x00630061, 0x006C0020, 0x004C0074, 0x0064002E, 0x00200020, 0x004C0069, 0x00630065, 0x006E0073, 0x00650064, 0x00200075, 0x006E0064, 0x00650072,
0x00200074, 0x00680065, 0x00200055, 0x00620075, 0x006E0074, 0x00750020, 0x0046006F, 0x006E0074, 0x0020004C, 0x00690063, 0x0065006E, 0x00630065,
0x00200031, 0x002E0030, 0x00000002, 0x00000003, 0x00000014, 0x00030001, 0x00000014, 0x00040460, 0x000000E6, 0x00800006, 0x00660000, 0x0009000D,
0x001D007E, 0x01310137, 0x01480151, 0x0153015F, 0x01610177, 0x017F0191, 0x01920217, 0x021B0236, 0x0237024F, 0x029202BC, 0x02C702C9, 0x02DB02DD,
0x03110386, 0x038A038C, 0x039003A1, 0x03A903B0, 0x03C903CE, 0x045F0463, 0x047504F9, 0x1E851EF3, 0x1F151F1D, 0x1F451F4D, 0x1F571F59, 0x1F5B1F5D,
0x1F7D1FB4, 0x1FC41FD3, 0x1FDB1FEF, 0x1FF41FFE, 0x2015201A, 0x201E2022, 0x20262030, 0x203A2044, 0x20702079, 0x208920AC, 0x20AE20B4, 0x20B92113,
0x21162122, 0x2126212E, 0x215A215E, 0x22022206, 0x220F2212, 0x2215221A, 0x221E222B, 0x22482260, 0x22652500, 0x2502250C, 0x25102514, 0x2518251C,
0x2524252C, 0x2534253C, 0x256C2588, 0x259325CA, 0xE0FFEFFD, 0xF002F511, 0xF81DFB02, 0xFFFDFFFF, 0x00000000, 0x0008000D, 0x001D0020, 0x00A00132,
0x01380149, 0x01520154, 0x01600162, 0x01780180, 0x01920193, 0x0218021C, 0x02370238, 0x029202BC, 0x02C602C9, 0x02D802DC, 0x03110384, 0x0388038C,
0x038E0391, 0x03A303AA, 0x03B103CA, 0x04000462, 0x0472048A, 0x1E801EF2, 0x1F001F18, 0x1F201F48, 0x1F501F59, 0x1F5B1F5D, 0x1F5F1F80, 0x1FB61FC6,
0x1FD61FDD, 0x1FF21FF6, 0x20132018, 0x201C2020, 0x20262030, 0x20392044, 0x20702074, 0x208020AC, 0x20AE20B4, 0x20B92113, 0x21162122, 0x2126212E,
0x2153215B, 0x22022206, 0x220F2211, 0x22152219, 0x221E222B, 0x22482260, 0x22642500, 0x2502250C, 0x25102514, 0x2518251C, 0x2524252C, 0x2534253C,
0x25502588, 0x259125CA, 0xE0FFEFFD, 0xF000F506, 0xF80AFB01, 0xFFFDFFFF, 0x0001FFF9, 0xFFF5FFE4, 0xFFE3FFDB, 0xFFDCFFDD, 0xFFDE0000, 0xFFDC0000,
0xFFDA0000, 0x0059FED2, 0x0058FF41, 0x0054FF26, 0x00530011, 0xFEA20000, 0xFE97FE89, 0x0000FF93, 0x00000033, 0x00330000, 0xFFF8FFF7, 0x0000FFF0,
0x0000FEAD, 0xFEACFE9E, 0xFE8AE2E6, 0xE27AE4D1, 0xE4CFE4CD, 0xE4CBE4C9, 0xE4C8E4C7, 0xE4C6E4C5, 0xE4C3E4C2, 0xE4C1E4BF, 0xE4BEE4BC, 0xE4BB0000,
0x00000000, 0x0000E040, 0xE03A0000, 0xE12AE0FF, 0xE0FCE0F6, 0xDFB6E2D9, 0xE2D2E41C, 0xE06DE26E, 0xDF54E078, 0xE0530000, 0xE029DF98, 0xDF95DF8D,
0x0000DF8B, 0xDF88DF85, 0xDF79DF5D, 0xDF46DF43, 0xDFDEDFDB, 0xDFD0DFD4, 0xDFC7DFC2, 0xDFC6DFBB, 0xDFB4DFAD, 0xDFA70000, 0xDF78DF70, 0xDBDF23D7,
0x14DC0000, 0x0C8809A4, 0x000004DB, 0x00010000, 0x00000000, 0x00000000, 0x00000000, 0x00000000, 0x00D40000, 0x00D40000, 0x00D40000, 0x00000000,
0x00000000, 0x00000000, 0x00000000, 0x00D00000, 0x000000CE, 0x000000CE, 0x00000000, 0x00CE0000, 0x000000CE, 0x000000D8, 0x00000000, 0x00000000,
0x00000000, 0x00000000, 0x00000000, 0x00000000, 0x00000000, 0x00000000, 0x00000000, 0x00000000, 0x00000000, 0x00B400B8, 0x00BC00C0, 0x00000000,
0x00C00000, 0x00000000, 0x00000000, 0x00000000, 0x00000000, 0x00000000, 0x00000000, 0x00A80000, 0x00000000, 0x000000AE, 0x00000000, 0x00000000,
0x00000000, 0x00000000, 0x00000000, 0x00000000, 0x00000000, 0x00000000, 0x00000000, 0x008C0000, 0x00000000, 0x00000000, 0x00BA0000, 0x000000BA,
0x00000000, 0x006D0079, 0x006B0077, 0x007A0152, 0x01530154, 0x01550156, 0x01570158, 0x0069015F, 0x00750165, 0x03CE03D0, 0x03BA03C0, 0x03C203C8,
0x03BE03C1, 0x03C303C4, 0x03C503C6, 0x03CC03C7, 0x03CA03C9, 0x03CB03CD, 0x00730074, 0x0385006E, 0x006F0063, 0x00700071, 0x00650067, 0x00680072,
0x006C0078, 0x01820183, 0x01880189, 0x018A018B, 0x018C018D, 0x019D019F, 0x04F704ED, 0x04EC04FF, 0x04F604EB, 0x04FE04F5, 0x04E904FC, 0x04F304E8,
0x04FB04F2, 0x04E604F9, 0x04F004E5, 0x04F804EF, 0x04EA04FD, 0x04F404E7, 0x04FA04F1, 0x05050504, 0x04EE04D7, 0x01AA01AC, 0x01AB01AD, 0x00010001,
0x00010101, 0x0101000C, 0x00F808FF, 0x00080008, 0xFFFE0009, 0x0009FFFE, 0x000A0009, 0xFFFE000B, 0x000AFFFE, 0x000C000B, 0xFFFE000D, 0x000BFFFE,
0x000E000D, 0xFFFE000F, 0x000DFFFD, 0x0010000E, 0xFFFD0011, 0x000FFFFD, 0x0012000F, 0xFFFD0013, 0x0010FFFD, 0x00140011, 0xFFFD0015, 0x0012FFFC,
0x00160013, 0xFFFC0017, 0x0014FFFC, 0x00180014, 0xFFFC0019, 0x0015FFFC, 0x001A0016, 0xFFFC001B, 0x0017FFFB, 0x001C0017, 0xFFFB001D, 0x0018FFFB,
0x001E0019, 0xFFFB001F, 0x001AFFFB, 0x0020001B, 0xFFFB0021, 0x001CFFFA, 0x0022001D, 0xFFFA0023, 0x001DFFFA, 0x0024001E, 0xFFFA0025, 0x001FFFFA,
0x00260020, 0xFFFA0027, 0x0020FFF9, 0x00280022, 0xFFF90029, 0x0022FFF9, 0x002A0024, 0xFFF8002B, 0x0025FFF8, 0x002C0025, 0xFFF8002D, 0x0026FFF8,
0x002E0027, 0xFFF7002F, 0x0028FFF7, 0x00300029, 0xFFF70031, 0x0029FFF7, 0x0032002A, 0xFFF70033, 0x002BFFF7, 0x0034002B, 0xFFF60035, 0x002DFFF6,
0x0036002E, 0xFFF60037, 0x002EFFF6, 0x0038002F, 0xFFF60039, 0x0030FFF6, 0x003A0031, 0xFFF5003B, 0x0032FFF5, 0x003C0032, 0xFFF5003D, 0x0033FFF5,
0x003E0034, 0xFFF5003F, 0x0035FFF5, 0x00400036, 0xFFF40041, 0x0036FFF4, 0x00420037, 0xFFF40043, 0x0038FFF4, 0x00440039, 0xFFF40045, 0x003AFFF4,
0x0046003B, 0xFFF30047, 0x003BFFF3, 0x0048003C, 0xFFF30049, 0x003DFFF3, 0x004A003E, 0xFFF3004B, 0x003FFFF3, 0x004C0040, 0xFFF2004D, 0x0041FFF2,
0x004E0041, 0xFFF2004F, 0x0042FFF2, 0x00500043, 0xFFF20051, 0x0044FFF2, 0x00520044, 0xFFF10053, 0x0046FFF1, 0x00540046, 0xFFF10055, 0x0047FFF1,
0x00560048, 0xFFF10057, 0x0049FFF1, 0x00580049, 0xFFF00059, 0x004AFFF0, 0x005A004B, 0xFFF0005B, 0x004CFFF0, 0x005C004D, 0xFFF0005D, 0x004EFFF0,
0x005E004E, 0xFFEF005F, 0x004FFFEF, 0x00600050, 0xFFEF0061, 0x0051FFEF, 0x00620052, 0xFFEF0063, 0x0053FFEF, 0x00640053, 0xFFEE0065, 0x0054FFEE,
0x00660055, 0xFFEE0067, 0x0056FFEE, 0x00680057, 0xFFEE0069, 0x0058FFEE, 0x006A0058, 0xFFEE006B, 0x0059FFED, 0x006C005A, 0xFFED006D, 0x005BFFED,
0x006E005C, 0xFFED006F, 0x005CFFED, 0x0070005E, 0xFFED0071, 0x005EFFEC, 0x0072005F, 0xFFEC0073, 0x0060FFEB, 0x00740061, 0xFFEB0075, 0x0061FFEB,
0x00760062, 0xFFEB0077, 0x0064FFEB, 0x00780065, 0xFFEB0079, 0x0065FFEB, 0x007A0066, 0xFFEA007B, 0x0066FFEA, 0x007C0067, 0xFFEA007D, 0x0068FFEA,
0x007E006A, 0xFFEA007F, 0x006AFFEA, 0x0080006B, 0xFFEA0081, 0x006BFFEA, 0x0082006C, 0xFFEA0083, 0x006DFFEA, 0x0084006E, 0xFFEA0085, 0x006EFFE9,
0x00860070, 0xFFE90087, 0x0070FFE9, 0x00880071, 0xFFE90089, 0x0072FFE9, 0x008A0073, 0xFFE9008B, 0x0073FFE8, 0x008C0075, 0xFFE8008D, 0x0076FFE8,
0x008E0076, 0xFFE8008F, 0x0077FFE8, 0x00900078, 0xFFE80091, 0x0078FFE7, 0x00920079, 0xFFE70093, 0x007AFFE7, 0x0094007B, 0xFFE70095, 0x007CFFE7,
0x0096007D, 0xFFE60097, 0x007DFFE6, 0x0098007F, 0xFFE60099, 0x007FFFE6, 0x009A0080, 0xFFE6009B, 0x0081FFE6, 0x009C0082, 0xFFE5009D, 0x0083FFE5,
0x009E0084, 0xFFE5009F, 0x0084FFE5, 0x00A00085, 0xFFE500A1, 0x0086FFE5, 0x00A20087, 0xFFE400A3, 0x0088FFE4, 0x00A40089, 0xFFE400A5, 0x0089FFE4,
0x00A6008A, 0xFFE300A7, 0x008BFFE3, 0x00A8008B, 0xFFE300A9, 0x008CFFE3, 0x00AA008E, 0xFFE300AB, 0x008EFFE2, 0x00AC008F, 0xFFE200AD, 0x0090FFE2,
0x00AE0091, 0xFFE200AF, 0x0091FFE2, 0x00B00092, 0xFFE200B1, 0x0093FFE1, 0x00B20094, 0xFFE100B3, 0x0095FFE1, 0x00B40096, 0xFFE100B5, 0x0096FFE1,
0x00B60097, 0xFFE100B7, 0x0098FFE1, 0x00B80099, 0xFFE000B9, 0x009AFFE0, 0x00BA009B, 0xFFE000BB, 0x009BFFE0, 0x00BC009C, 0xFFE000BD, 0x009DFFE0,
0x00BE009E, 0xFFDF00BF, 0x009FFFDF, 0x00C000A0, 0xFFDF00C1, 0x00A1FFDF, 0x00C200A1, 0xFFDF00C3, 0x00A2FFDF, 0x00C400A3, 0xFFDE00C5, 0x00A4FFDE,
0x00C600A5, 0xFFDE00C7, 0x00A6FFDE, 0x00C800A6, 0xFFDE00C9, 0x00A7FFDE, 0x00CA00A8, 0xFFDD00CB, 0x00A9FFDD, 0x00CC00A9, 0xFFDD00CD, 0x00ABFFDD,
0x00CE00AC, 0xFFDD00CF, 0x00ACFFDD, 0x00D000AD, 0xFFDD00D1, 0x00AEFFDC, 0x00D200AE, 0xFFDC00D3, 0x00AFFFDC, 0x00D400B0, 0xFFDC00D5, 0x00B2FFDC,
0x00D600B2, 0xFFDC00D7, 0x00B3FFDB, 0x00D800B3, 0xFFDB00D9, 0x00B4FFDB, 0x00DA00B5, 0xFFDB00DB, 0x00B6FFDB, 0x00DC00B7, 0xFFDB00DD, 0x00B8FFDA,
0x00DE00B9, 0xFFDA00DF, 0x00B9FFDA, 0x00E000BA, 0xFFDA00E1, 0x00BBFFDA, 0x00E200BC, 0xFFDA00E3, 0x00BDFFD9, 0x00E400BE, 0xFFD900E5, 0x00BEFFD9,
0x00E600BF, 0xFFD900E7, 0x00C0FFD9, 0x00E800C1, 0xFFD900E9, 0x00C1FFD8, 0x00EA00C3, 0xFFD800EB, 0x00C4FFD8, 0x00EC00C4, 0xFFD800ED, 0x00C5FFD8,
0x00EE00C6, 0xFFD800EF, 0x00C6FFD7, 0x00F000C7, 0xFFD700F1, 0x00C9FFD7, 0x00F200C9, 0xFFD700F3, 0x00CAFFD7, 0x00F400CB, 0xFFD700F5, 0x00CCFFD6,
0x00F600CC, 0xFFD600F7, 0x00CDFFD6, 0x00F800CE, 0xFFD600F9, 0x00CFFFD6, 0x00FA00D0, 0xFFD500FB, 0x00D1FFD5, 0x00FC00D2, 0xFFD500FD, 0x00D2FFD5,
0x00FE00D3, 0xFFD500FF, 0x00D4FFD5, 0x403F5855, 0x54535251, 0x504F4E4D, 0x4C4B4A49, 0x48474645, 0x44434241, 0x403F3E3D, 0x3C3B3A39, 0x38373635,
0x2F2E2D2C, 0x28262524, 0x23221F18, 0x1411100F, 0x0D0B0A09, 0x08070605, 0x04030201, 0x002C4523, 0x466020B0, 0x2660B004, 0x26234848, 0x2D2C4523,
0x46236120, 0xB02661B0, 0x04262348, 0x482D2C45, 0x234660B0, 0x206120B0, 0x4660B004, 0x26234848, 0x2D2C4523, 0x462361B0, 0x206020B0, 0x2661B020,
0x61B00426, 0x2348482D, 0x2C452346, 0x60B04061, 0x20B06660, 0xB0042623, 0x48482D2C, 0x45234623, 0x61B04060, 0x20B02661, 0xB04061B0, 0x04262348,
0x482D2C01, 0x10203C00, 0x3C2D2C20, 0x452320B0, 0xCD442320, 0xB8015A51, 0x582320B0, 0x8D442359, 0x20B0ED51, 0x582320B0, 0x4D442359, 0x20B00426,
0x51582320, 0xB00D4423, 0x5921212D, 0x2C202045, 0x18684420, 0xB0016020, 0x45B04676, 0x688A4560, 0x442D2C01, 0xB10B0A43, 0x2343650A, 0x2D2C00B1,
0x0A0B4323, 0x430B2D2C, 0x00B02823, 0x70B10128, 0x3E01B028, 0x2370B102, 0x28453AB1, 0x0200080D, 0x2D2C2045, 0xB0032545, 0x6164B050, 0x51584544,
0x1B212159, 0x2D2C2045, 0xB0004360, 0x442D2C01, 0xB00643B0, 0x0743650A, 0x2D2C2069, 0xB04061B0, 0x008B20B1, 0x2CC08A8C, 0xB8100062, 0x602B0C64,
0x2364615C, 0x58B00361, 0x592D2C8A, 0x03458A8A, 0x87B0112B, 0xB0292344, 0xB0297AE4, 0x182D2C45, 0x65B02C23, 0x4445B02B, 0x23442D2C, 0x4B525845,
0x441B2121, 0x592D2C01, 0xB0052510, 0x23208AF5, 0x00B00160, 0x23EDEC2D, 0x2C01B005, 0x25102320, 0x8AF500B0, 0x016123ED, 0xEC2D2C01, 0xB0062510,
0xF500EDEC, 0x2D2C20B0, 0x01600110, 0x203C003C, 0x2D2C20B0, 0x01610110, 0x203C003C, 0x2D2C00B0, 0x0743B006, 0x430B2D2C, 0x21210C64, 0x23648BB8,
0x4000622D, 0x2C21B080, 0x51580C64, 0x23648BB8, 0x2000621B, 0xB200402F, 0x2B59B002, 0x602D2C21, 0xB0C05158, 0x0C642364, 0x8BB81555, 0x621BB200,
0x802F2B59, 0xB002602D, 0x2C0C6423, 0x648BB840, 0x00626023, 0x212D2C45, 0x23456023, 0x45602345, 0x60237668, 0x18B08062, 0x202D2CB0, 0x0426B004,
0x26B00425, 0xB0042545, 0x234520B0, 0x03266062, 0x636820B0, 0x03266165, 0x8A234444, 0x2D2C2045, 0xB0005458, 0xB0404420, 0x45B04061, 0x441B2121,
0x592D2C45, 0xB1302F45, 0x23456160, 0xB0016069, 0x442D2C4B, 0x5158B02F, 0x2370B014, 0x23421B21, 0x21592D2C, 0x4B515820, 0xB0032545, 0x69535844,
0x1B212159, 0x1B212159, 0x2D2C45B0, 0x1443B000, 0x6063B001, 0x6069442D, 0x2CB02F45, 0x442D2C45, 0x2320458A, 0x60442D2C, 0x45234560, 0x442D2C4B,
0x235158B9, 0x0033FFE0, 0xB134201B, 0xB3330034, 0x00594444, 0x2D2CB016, 0x4358B003, 0x26458A58, 0x6466B01F, 0x601B64B0, 0x20606620, 0x581B21B0,
0x4059B001, 0x61592358, 0x6559B029, 0x23442310, 0xB029E01B, 0x21212121, 0x21592D2C, 0xB0164358, 0xB0042545, 0x64B02060, 0x6620581B, 0x21B04059,
0xB0016123, 0x586559B0, 0x292344B0, 0x0425B007, 0x25082058, 0x021B0359, 0xB0052510, 0xB0042520, 0x46B00425, 0x23423CB0, 0x072510B0, 0x06252046,
0xB00425B0, 0x01602342, 0x3C205801, 0x1B0059B0, 0x052510B0, 0x0425B029, 0xE0B00725, 0x10B00625, 0xB029E0B0, 0x0425B007, 0x25082058, 0x021B0359,
0xB00425B0, 0x03254348, 0xB00625B0, 0x0325B001, 0x6043481B, 0x21592121, 0x21212121, 0x212D2CB0, 0x164358B0, 0x04254564, 0xB0206066, 0x20581B21,
0xB04059B0, 0x01612358, 0x1B6559B0, 0x292344B0, 0x0525B008, 0x25082058, 0x021B0359, 0xB0042510, 0xB0052520, 0x46B00425, 0x23423CB0, 0x0425B007,
0x2508B007, 0x2510B006, 0x252046B0, 0x0425B001, 0x6023423C, 0x2058011B, 0x0059B004, 0x2510B005, 0x25B029E0, 0xB0292045, 0x6544B007, 0x2510B006,
0x25B029E0, 0xB00525B0, 0x08250820, 0x58021B03, 0x59B00525, 0xB0032543, 0x48B00425, 0xB0072508, 0xB00625B0, 0x0325B001, 0x6043481B, 0x21592121,
0x21212121, 0x212D2C02, 0xB0042520, 0x2046B004, 0x252342B0, 0x052508B0, 0x03254548, 0x21212121, 0x2D2C02B0, 0x032520B0, 0x042508B0, 0x02254348,
0x2121212D, 0x2C452320, 0x451820B0, 0x00502058, 0x23652359, 0x236820B0, 0x40505821, 0xB0405923, 0x5865598A, 0x60442D2C, 0x4B53234B, 0x515A5820,
0x458A6044, 0x1B212159, 0x2D2C4B54, 0x5820458A, 0x60441B21, 0x21592D2C, 0x4B53234B, 0x515A5838, 0x1B212159, 0x2D2C4B54, 0x58381B21, 0x21592D2C,
0xB0024354, 0x58B0462B, 0x1B212121, 0x21592D2C, 0xB0024354, 0x58B0472B, 0x1B212121, 0x592D2CB0, 0x02435458, 0xB0482B1B, 0x21212121, 0x592D2CB0,
0x02435458, 0xB0492B1B, 0x21212159, 0x2D2C208A, 0x08234B53, 0x8A4B515A, 0x5823381B, 0x2121592D, 0x2C00208A, 0x49B00051, 0x58B04023, 0x208A3812,
0x341B2121, 0x592D2C01, 0x46234660, 0x23466123, 0x20102046, 0x8A61B8FF, 0x80628AB1, 0x40408A70, 0x4560683A, 0x2D2C208A, 0x2349648A, 0x2353583C,
0x1B21592D, 0x2C4B5258, 0x7D1B7A59, 0x2D2CB012, 0x004B014B, 0x54422D2C, 0xB1020042, 0xB1230188, 0x51B14001, 0x88535A58, 0xB9100000, 0x20885458,
0xB1020142, 0x59592D2C, 0x45186823, 0x4B515823, 0x20452064, 0xB0405058, 0x7C59688A, 0x6059442D, 0x2CB00016, 0xB00225B0, 0x022501B0, 0x01233E00,
0xB002233E, 0xB1010206, 0x0CB00A23, 0x6542B00B, 0x234201B0, 0x01233F00, 0xB002233F, 0xB1010206, 0x0CB00623, 0x6542B007, 0x2342B001, 0x16012D00,
0x01F40032, 0x00000000, 0x000000A7, 0x00570012, 0x00220002, 0x001500BA, 0x005E0055, 0x002E0028, 0x007E0071, 0x00A1002F, 0x00230030, 0x002B0029,
0x001B0023, 0x002E0031, 0x0026002D, 0x00A10076, 0x002D0028, 0x00280045, 0x00120009, 0x0036001B, 0x0036003F, 0x003F001B, 0x002D0036, 0x002A002D,
0x00470017, 0x002E001B, 0x0036001B, 0x00360028, 0x00190027, 0x000D0017, 0x000B000D, 0x002E0071, 0x0031006D, 0x00100008, 0x0098002C, 0x003E002C,
0x001C001F, 0x00240021, 0x003F0024, 0x0031003F, 0x0024001D, 0x003F001D, 0x003F001F, 0x00590036, 0x0024003B, 0x000E000B, 0x00140014, 0x0043003F,
0x00BD003F, 0x0015001F, 0x007EFFFF, 0x000C001C, 0x003E003A, 0x00700009, 0x00280084, 0x00120090, 0x00900029, 0x001D0072, 0x00360000, 0x005A0012,
0x0036009B, 0x0016000D, 0x000000A7, 0x002E0026, 0x0014000D, 0x00BD0031, 0x00530019, 0x00680032, 0x002D0071, 0x0019006C, 0x006C0028, 0x00710071,
0x0098003B, 0x001300A1, 0x009F0081, 0x004A0032, 0x00020002, 0x000C0045, 0x00090009, 0x00090009, 0x00090009, 0x0009001B, 0x003F003F, 0x003F003F,
0x00360036, 0x00360036, 0x0012002E, 0x001B001B, 0x001B001B, 0x001B003C, 0x001B0027, 0x00270027, 0x0027000D, 0x0036001F, 0x002C002C, 0x002C002C,
0x002C002C, 0x0017002C, 0x001F001F, 0x001F001F, 0x00240024, 0x00240024, 0x0028003F, 0x001D001D, 0x001D001D, 0x001D0028, 0x001D003B, 0x003B003B,
0x003B0014, 0x003F0014, 0x0009002C, 0x0009002C, 0x0009002C, 0x001B002C, 0x001B002C, 0x001B002C, 0x001B002C, 0x0036000D, 0x0012001C, 0x003F001F,
0x003F001F, 0x003F001F, 0x003F001F, 0x003F001F, 0x001B0021, 0x001B0021, 0x001B0021, 0x001B0021, 0x002D0037, 0x00120019, 0x00360024, 0x00360024,
0x00360024, 0x00360024, 0x00360024, 0x00240018, 0x0037002A, 0x0031002D, 0x003F002D, 0x003F0047, 0x00240047, 0x00240047, 0x00240047, 0x0024FFF6,
0x0024002E, 0x003F002E, 0x003F002E, 0x003F0009, 0xFFE6002E, 0x003F001B, 0x001D001B, 0x001D001B, 0x001D0036, 0x00590036, 0x00230036, 0x00590028,
0x00360028, 0x00360028, 0x00360019, 0x00240019, 0x00240019, 0x00240027, 0x003B0027, 0x003B0027, 0x003B0027, 0x003B0027, 0x003B0027, 0x003B0017,
0x000B000D, 0x0014002E, 0x0043002E, 0x0043002E, 0x0043008B, 0x00280036, 0x00190024, 0x003100B0, 0x0070006A, 0x006900B3, 0x009100A3, 0x00430017,
0x000B0017, 0x000B0017, 0x000B000D, 0x00140019, 0x00660059, 0x00710062, 0x006B006A, 0x00810066, 0x00810071, 0x00710059, 0x00710062, 0x006B006A,
0x00810035, 0x001B0002, 0x00000002, 0x00030005, 0x00160002, 0x0000000C, 0x00000002, 0x00050002, 0x0000000C, 0x00000005, 0x00090002, 0x00000000,
0x00050010, 0x0000001D, 0x00090028, 0x001F0009, 0x00280019, 0x00A70009, 0x000E0031, 0x00150028, 0x002C002C, 0x00190012, 0x00120012, 0x00120066,
0x00810071, 0x00710059, 0x00710062, 0x006B006A, 0x00810066, 0x00810071, 0x00710059, 0x00710062, 0x006B006A, 0x008100C4, 0x00A400A1, 0x00C4005E,
0x00550071, 0x002F0012, 0x00710031, 0x006D003F, 0x003F0084, 0x00720036, 0x0000009B, 0x00A90032, 0x00320045, 0x00120000, 0x0036003F, 0xFFF2FFFC,
0x001B001B, 0x00280012, 0x0000001F, 0x001C001F, 0x003F0019, 0x001FFFCC, 0x001B0009, 0x001B0020, 0x0036002D, 0x003F003B, 0x00120014, 0xFFBC003F,
0x001B001B, 0x001D001E, 0x00170000, 0x003F0036, 0x00280036, 0x001C0009, 0x0024000A, 0x00240019, 0x00270029, 0x00090027, 0x000D0014, 0x002E0043,
0x001A0028, 0x0036002D, 0x001C001B, 0x00240035, 0x003F00BD, 0x005C0016, 0x00A70012, 0x00120009, 0x0012002D, 0x00370012, 0x00120012, 0x0009002C,
0x00360024, 0x001B001D, 0x0027003B, 0x0027003B, 0x0027003B, 0x0027003B, 0x0027003B, 0x001F0009, 0x002C0009, 0x002C0009, 0x0017001B, 0x0021001B,
0x0021002D, 0x0037001B, 0x001D001B, 0x001D001A, 0x001F0031, 0x00120012, 0x0009001B, 0x0021001E, 0x0036002E, 0x003F0009, 0x002C0009, 0x0017001B,
0x001D0009, 0x002C0009, 0x002C003C, 0x001F003F, 0x001F0036, 0x00240036, 0x0024001B, 0x001D001B, 0x001D002C, 0x004F0036, 0x00590027, 0x003B0027,
0x003B0022, 0x004B002D, 0x0037002D, 0x0011001B, 0x001B002E, 0x00430009, 0x002C003F, 0x001F001B, 0x001D001B, 0x001D001B, 0x001D001B, 0x001D000D,
0x00140024, 0x001B0024, 0x00180018, 0x0009001B, 0x00270012, 0xFFFC0024, 0x00430037, 0x003C0012, 0x00120009, 0x00360016, 0x002A0031, 0x001B001F,
0x00120012, 0x00090009, 0x001F0069, 0x004F00A1, 0x006D0086, 0x004A004A, 0x004A006F, 0x003F003F, 0x00120024, 0x001B0028, 0x00360036, 0x002A0004,
0x002E0012, 0x002D002E, 0x0005002D, 0x00090036, 0x00360024, 0x000F003F, 0x00090017, 0x002E002E, 0x002D0008, 0x0017002D, 0x001B002D, 0x0036001B,
0x00190005, 0x0019000B, 0x002D002D, 0x00170017, 0x00120022, 0x0036002A, 0x001E0014, 0x002C0028, 0x00440059, 0x0018001F, 0x000E0033, 0x003F003F,
0x003F0011, 0x0018003B, 0x001D003F, 0x003F002C, 0x00260014, 0x00180014, 0x003F002B, 0x00200020, 0x00120022, 0x00360018, 0x00170014, 0x001F001F,
0x00190059, 0x00270036, 0x00240024, 0x00310004, 0x002E0019, 0x003F003F, 0x0014003F, 0x001F0012, 0x0012001B, 0x001D0003, 0x000E002E, 0x003F0012,
0x00120036, 0x003F0024, 0x00590024, 0x0012002D, 0x003F0009, 0x000E0017, 0x0033002D, 0x003F001C, 0x001C001B, 0x00120012, 0x0012002D, 0x003B002D,
0x003B0024, 0x00240012, 0x0011001B, 0x002C0019, 0x0026000D, 0x000E000D, 0x000E000B, 0x00140011, 0x0012002D, 0x002B001B, 0x002D0036, 0x003F0009,
0x00090009, 0x00090036, 0x0009000E, 0x002D003F, 0x00080011, 0x002D003B, 0x002D003B, 0x002D002B, 0x00170018, 0x00360009, 0x002C0009, 0x002C0009,
0x0017003F, 0x001F0019, 0x001F0019, 0x001F0009, 0x000E0017, 0x0033001A, 0x001F002E, 0x003F002E, 0x003F001B, 0x001D001B, 0x001D001B, 0x001D002A,
0x00180005, 0x00140005, 0x00140005, 0x0014002D, 0x002B0024, 0x00590022, 0x00220012, 0x00000015, 0x00190060, 0x00090036, 0x00240009, 0x003F002E,
0x002D0016, 0x0036002D, 0x00090017, 0x002E0020, 0x001B002D, 0x0036001C, 0x0019000D, 0x0019000B, 0x00190009, 0x00280036, 0x000E001F, 0x00400036,
0x003F001F, 0x0024003F, 0x0013003B, 0x000E0035, 0x001D003F, 0x003F002D, 0x001D0024, 0x00330018, 0x00140018, 0x0019FFE8, 0xFF7BFF6A, 0xFF6D0036,
0xFF80FF5A, 0x000DFF80, 0x00280040, 0x003F0024, 0x00240024, 0x001D0033, 0x00330026, 0x00190097, 0x00AB0026, 0x00280028, 0x00280028, 0x00280028,
0x00280028, 0xFFE0FFCB, 0xFEFBFF17, 0xFF36FF29, 0xFF77FF78, 0x00400040, 0x00400040, 0x00400040, 0xFF6BFF7B, 0xFEA4FEBF, 0xFEC3FEB2, 0x003F003F,
0x003F003F, 0x003F003F, 0x003F003F, 0xFF5AFF66, 0xFE90FEAD, 0xFEB0FE9E, 0xFEF6FEF6, 0x00240024, 0x00240024, 0x00240024, 0x00240024, 0xFF64FF60,
0xFE99FEB5, 0xFEB9FEA7, 0xFEFEFEFF, 0x001D001D, 0x001D001D, 0x001D001D, 0xFF7DFF60, 0xFE99FEB5, 0xFECFFEBA, 0x00330033, 0x00330033, 0x00330033,
0x00330033, 0xFF72FEC7, 0xFE9AFEDB, 0x00190019, 0x00190019, 0x00190019, 0x00190019, 0xFF6BFF47, 0xFE7EFE9C, 0xFECBFEBD, 0xFEFFFEFE, 0x00280028,
0x00400040, 0x003F003F, 0x00240024, 0x001D001D, 0x00330033, 0x00190019, 0x00280028, 0x00280028, 0x00280028, 0x00280028, 0xFFAAFF9E, 0xFEC5FEE2,
0xFEF7FEEA, 0xFF2EFF2E, 0x003F003F, 0x003F003F, 0x003F003F, 0x003F003F, 0xFF51FF5D, 0xFE87FEA4, 0xFEA7FE9B, 0xFEE0FEE0, 0x00190019, 0x00190019,
0x00190019, 0x00190019, 0xFF6BFF47, 0xFE7EFE9C, 0xFECBFEBD, 0xFEFFFEFE, 0x00280028, 0x00280028, 0x00280028, 0x00280009, 0x0009FF67, 0xFF8B0009,
0x00AB00A4, 0x00AB0069, 0x005E003F, 0x003F003F, 0x003F003F, 0xFF39FF42, 0xFF27FF31, 0x00120040, 0x004E006E, 0x00240024, 0x00150015, 0x00240024,
0x00360036, 0xFF25FF1F, 0x004F0048, 0x006E0033, 0x00330026, 0x0026003F, 0x003F0033, 0x0033000D, 0x000DFF37, 0xFF27FF57, 0x00260026, 0x00850019,
0x00190019, 0x00190019, 0xFF14FF44, 0xFEFAFF33, 0x00090085, 0x00ABFFAA, 0xFFA7FED7, 0xFEF4FF1B, 0xFF0EFF5C, 0xFF5DFF5A, 0xFF66FE90, 0xFEADFEB0,
0xFE9EFEF6, 0xFEF6FF6B, 0xFF47FE7E, 0xFE9CFECB, 0xFEBDFEFF, 0xFEFE0009, 0x002D0009, 0x002E0039, 0xFF5B0004, 0x00090000, 0x00D200D2, 0x00D20000,
0x00000000, 0x000000D2, 0x00000000, 0x000000D2, 0x00000000, 0x00D20000, 0x000000D2, 0x00820000, 0x00000082, 0x00000000, 0x00820000, 0x00000082,
0x00000000, 0x00820000, 0x00000082, 0x00000000, 0x00820000, 0x00000000, 0x00000000, 0x00000000, 0x00010000, 0x000A0174, 0x046A0003, 0x6379726C,
0x00EE6772, 0x656B00CE, 0x6C61746E, 0x0014009C, 0x0005415A, 0x45200082, 0x43525420, 0x00684D4F, 0x4C200052, 0x524F4D20, 0x003C5452, 0x4B200022,
0x0000FFFF, 0x000A000A, 0x0013001E, 0x0029002F, 0x003A0048, 0x00550060, 0x006B0000, 0xFFFF0008, 0x0009001D, 0x00280039, 0x00470054, 0x005F006A,
0x0000FFFF, 0x00080008, 0x001C0027, 0x00380046, 0x0053005E, 0x00690000, 0xFFFF000A, 0x00070012, 0x001B0026, 0x002E0037, 0x00450052, 0x005D0068,
0x0000FFFF, 0x000A0006, 0x0011001A, 0x0025002D, 0x00360044, 0x0051005C, 0x00670000, 0xFFFF000C, 0x00050010, 0x00190024, 0x0035003B, 0x003D0043,
0x004A0050, 0x005B0066, 0x00040000, 0x0000FFFF, 0x000B0004, 0x000F0018, 0x00230034, 0x003C0042, 0x0049004F, 0x005A0065, 0x00640003, 0x42475220,
0x004A4D4B, 0x44200030, 0x53524220, 0x00160000, 0xFFFF000A, 0x0003000E, 0x00170022, 0x002C0033, 0x0041004E, 0x00590064, 0x0000FFFF, 0x000A0002,
0x000D0016, 0x0021002B, 0x00320040, 0x004D0058, 0x00630000, 0xFFFF000A, 0x0001000C, 0x00150020, 0x002A0031, 0x003F004C, 0x00570062, 0x0000FFFF,
0x00090000, 0x000B0014, 0x001F0030, 0x003E004B, 0x00560061, 0x006C6166, 0x726302EC, 0x61667263, 0x02EC6166, 0x726302EC, 0x61667263, 0x02EC6166,
0x726302EC, 0x61667263, 0x02EC6166, 0x726302EC, 0x61667263, 0x02EC6166, 0x726302EC, 0x61667263, 0x02EC6166, 0x726302EC, 0x63617365, 0x02E46361,
0x736502E4, 0x63617365, 0x02E46361, 0x736502E4, 0x63617365, 0x02E46361, 0x736502E4, 0x63617365, 0x02E46361, 0x736502E4, 0x63617365, 0x02E4646E,
0x6F6D02DE, 0x646E6F6D, 0x02DE646E, 0x6F6D02DE, 0x646E6F6D, 0x02DE646E, 0x6F6D02DE, 0x646E6F6D, 0x02DE646E, 0x6F6D02DE, 0x646E6F6D, 0x02DE646E,
0x6F6D02DE, 0x646E6F6D, 0x02DE646E, 0x6F6D02DE, 0x66726163, 0x02D66672, 0x616302D6, 0x66726163, 0x02D66672, 0x616302D6, 0x66726163, 0x02D66672,
0x616302D6, 0x66726163, 0x02D66672, 0x616302D6, 0x66726163, 0x02D66672, 0x616302D6, 0x66726163, 0x02D66C6F, 0x636C02D0, 0x6C6F636C, 0x02CA6C6F,
0x636C02C4, 0x6C6F636C, 0x02BE6C6F, 0x636C02B8, 0x6C6F636C, 0x02B26E75, 0x6D7202AC, 0x6E756D72, 0x02AC6E75, 0x6D7202AC, 0x6E756D72, 0x02AC6E75,
0x6D7202AC, 0x6E756D72, 0x02AC6E75, 0x6D7202AC, 0x6E756D72, 0x02AC6E75, 0x6D7202AC, 0x6E756D72, 0x02AC6E75, 0x6D7202AC, 0x6F72646E, 0x02A67361,
0x6C74029C, 0x73616C74, 0x029C7369, 0x6E660296, 0x73696E66, 0x02967369, 0x6E660296, 0x73696E66, 0x02967369, 0x6E660296, 0x73696E66, 0x02967369,
0x6E660296, 0x73696E66, 0x02967369, 0x6E660296, 0x73696E66, 0x02967369, 0x6E660296, 0x73733031, 0x029C7373, 0x3031029C, 0x73733032, 0x02EC7373,
0x303202EC, 0x73733032, 0x02EC7373, 0x303202EC, 0x73733032, 0x02EC7373, 0x303202EC, 0x73733032, 0x02EC7373, 0x303202EC, 0x73733032, 0x02EC7373,
0x303202EC, 0x73733032, 0x02EC7375, 0x62730290, 0x73756273, 0x02907375, 0x62730290, 0x73756273, 0x02907375, 0x62730290, 0x73756273, 0x02907375,
0x62730290, 0x73756273, 0x02907375, 0x62730290, 0x73756273, 0x02907375, 0x62730290, 0x73757073, 0x028A7375, 0x7073028A, 0x73757073, 0x028A7375,
0x7073028A, 0x73757073, 0x028A7375, 0x7073028A, 0x73757073, 0x028A7375, 0x7073028A, 0x73757073, 0x028A7375, 0x7073028A, 0x73757073, 0x028A0000,
0x00010009, 0x00000001, 0x000A0000, 0x0001000B, 0x00000003, 0x00130014, 0x00150000, 0x00010007, 0x00000001, 0x00060000, 0x00010001, 0x00000001,
0x00020000, 0x00010000, 0x00000001, 0x00050000, 0x00010004, 0x00000001, 0x00030000, 0x0002000C, 0x000D0000, 0x00010008, 0x00000002, 0x00110012,
0x00000003, 0x000E000F, 0x00100017, 0x0BB40BB4, 0x0BB40BA0, 0x0BA00BA0, 0x0B2C0B12, 0x0A920A12, 0x09920992, 0x09780396, 0x09780B2C, 0x035602F0,
0x00E200B2, 0x00820052, 0x00300001, 0x00000001, 0x00080002, 0x0338000A, 0x01780179, 0x01770176, 0x017A017B, 0x017C017D, 0x017E017F, 0x00010000,
0x00010008, 0x00020018, 0x000904CA, 0x04CB04CC, 0x04CD04CE, 0x04CF04D0, 0x04D104D4, 0x00020002, 0x046B0472, 0x000004B7, 0x04B70008, 0x00010000,
0x00010008, 0x00020018, 0x000904C2, 0x04C304C4, 0x04C504C6, 0x04C704C8, 0x04C904D3, 0x00020002, 0x045B0462, 0x0000048D, 0x048D0008, 0x00010000,
0x00010008, 0x00020018, 0x000904BA, 0x04BB04BC, 0x04BD04BE, 0x04BF04C0, 0x04C104D2, 0x00020002, 0x044B0452, 0x0000047E, 0x047E0008, 0x00010000,
0x00010008, 0x00020104, 0x007F0024, 0x00250026, 0x00270028, 0x0029002A, 0x002B002C, 0x002D002E, 0x002F0030, 0x00310032, 0x00330034, 0x00350036,
0x00370038, 0x0039003A, 0x003B003C, 0x003D006B, 0x006D009B, 0x009C009D, 0x009E009F, 0x00A000A1, 0x00A200A3, 0x00A400A5, 0x00A600A7, 0x00A800A9,
0x00AA00AB, 0x00AC00AD, 0x00AE00AF, 0x00B000B1, 0x00B300B4, 0x00B500B6, 0x00B700B8, 0x00B9007A, 0x00DB00DD, 0x00DF00E1, 0x00E300E5, 0x00E700E9,
0x00EB00ED, 0x00EF00F1, 0x00F300F5, 0x00F700F9, 0x00FB00FD, 0x00FF0101, 0x01030105, 0x01070109, 0x010B010E, 0x01100112, 0x01140116, 0x0118011A,
0x011C011E, 0x01200122, 0x01240126, 0x0128012A, 0x012C012E, 0x01300132, 0x01340136, 0x0138013A, 0x013C013E, 0x01400142, 0x01440146, 0x0148014A,
0x014C014E, 0x01500152, 0x01540156, 0x0159015B, 0x01660168, 0x016A016C, 0x0001007F, 0x00440045, 0x00460047, 0x00480049, 0x004A004B, 0x004C004D,
0x004E004F, 0x00500051, 0x00520053, 0x00540055, 0x00560057, 0x00580059, 0x005A005B, 0x005C005D, 0x00770079, 0x00BB00BC, 0x00BD00BE, 0x00BF00C0,
0x00C100C2, 0x00C300C4, 0x00C500C6, 0x00C700C8, 0x00C900CA, 0x00CB00CC, 0x00CD00CE, 0x00CF00D0, 0x00D100D3, 0x00D400D5, 0x00D600D7, 0x00D800D9,
0x00DA00DC, 0x00DE00E0, 0x00E200E4, 0x00E600E8, 0x00EA00EC, 0x00EE00F0, 0x00F200F4, 0x00F600F8, 0x00FA00FC, 0x00FE0100, 0x01020104, 0x01060108,
0x010A010D, 0x010F0111, 0x01130115, 0x01170119, 0x011B011D, 0x011F0121, 0x01230125, 0x01270129, 0x012B012D, 0x012F0131, 0x01330135, 0x01370139,
0x013B013D, 0x013F0141, 0x01430145, 0x01470149, 0x014B014D, 0x014F0151, 0x01530155, 0x0157015A, 0x015C0167, 0x0169016B, 0x016D0001, 0x00000001,
0x00080002, 0x00300015, 0x01C601C7, 0x01C801C9, 0x01CA01CB, 0x01CC01CD, 0x01CE01CF, 0x01D001D1, 0x01D201D3, 0x01D401D5, 0x01D601D7, 0x01D80036,
0x002D0001, 0x0015000B, 0x000C0010, 0x00120023, 0x003E003F, 0x0040005E, 0x0060006C, 0x00720073, 0x00740078, 0x007C0086, 0x0096009A, 0x0158015D,
0x00060000, 0x00010008, 0x00030001, 0x00280001, 0x00120000, 0x00010000, 0x00160002, 0x0003008D, 0x008E0000, 0x00940094, 0x0002016F, 0x01750003,
0x00020002, 0x016E016E, 0x00000176, 0x017F0001, 0x00040000, 0x00010008, 0x000105AC, 0x0028041A, 0x03500286, 0x01EE0124, 0x00F0008A, 0x00560350,
0x0286041A, 0x01EE0124, 0x00F0008A, 0x0056041A, 0x03500286, 0x01EE0124, 0x00F0008A, 0x0056041A, 0x03500286, 0x01EE0124, 0x00F0008A, 0x0056041A,
0x03500286, 0x01EE0124, 0x00F0008A, 0x00560005, 0x002C0024, 0x001C0014, 0x000C0199, 0x0003016E, 0x01C10199, 0x0003016E, 0x01B70199, 0x0003016E,
0x017F0199, 0x0003016E, 0x01750199, 0x0003016E, 0x001C000A, 0x005E0056, 0x004E0046, 0x003E0036, 0x002E0026, 0x001E0016, 0x01980003, 0x016E01C1,
0x01870003, 0x016E01C0, 0x01980003, 0x016E01B7, 0x01870003, 0x016E01B6, 0x01980003, 0x016E017F, 0x01870003, 0x016E017E, 0x01980003, 0x016E0175,
0x01870003, 0x016E0174, 0x01980003, 0x016E001C, 0x01870003, 0x016E001B, 0x0005002C, 0x0024001C, 0x0014000C, 0x01930003, 0x016E01BF, 0x01930003,
0x016E01B5, 0x01930003, 0x016E017D, 0x01930003, 0x016E0173, 0x01930003, 0x016E001A, 0x001400C2, 0x00BA00B2, 0x00AA00A2, 0x009A0092, 0x008A0082,
0x007A0072, 0x006A0062, 0x005A0052, 0x004A0042, 0x003A0032, 0x002A0197, 0x0003016E, 0x01C10186, 0x0003016E, 0x01C00192, 0x0003016E, 0x01BF018D,
0x0003016E, 0x01BE0197, 0x0003016E, 0x01B70186, 0x0003016E, 0x01B60192, 0x0003016E, 0x01B5018D, 0x0003016E, 0x01B40197, 0x0003016E, 0x017F0186,
0x0003016E, 0x017E0192, 0x0003016E, 0x017D018D, 0x0003016E, 0x017C0197, 0x0003016E, 0x01750186, 0x0003016E, 0x01740192, 0x0003016E, 0x0173018D,
0x0003016E, 0x01720197, 0x0003016E, 0x001C0186, 0x0003016E, 0x001B0192, 0x0003016E, 0x001A018D, 0x0003016E, 0x0019000F, 0x00900088, 0x00800078,
0x00700068, 0x00600058, 0x00500048, 0x00400038, 0x00300028, 0x00200196, 0x0003016E, 0x01C10191, 0x0003016E, 0x01BF018B, 0x0003016E, 0x01BD0196,
0x0003016E, 0x01B70191, 0x0003016E, 0x01B5018B, 0x0003016E, 0x01B30196, 0x0003016E, 0x017F0191, 0x0003016E, 0x017D018B, 0x0003016E, 0x017B0196,
0x0003016E, 0x01750191, 0x0003016E, 0x0173018B, 0x0003016E, 0x01710196, 0x0003016E, 0x001C0191, 0x0003016E, 0x001A018B, 0x0003016E, 0x00180014,
0x00C200BA, 0x00B200AA, 0x00A2009A, 0x0092008A, 0x0082007A, 0x0072006A, 0x0062005A, 0x0052004A, 0x0042003A, 0x0032002A, 0x01850003, 0x016E01C0,
0x01900003, 0x016E01BF, 0x018A0003, 0x016E01BD, 0x00990003, 0x016E01BC, 0x01850003, 0x016E01B6, 0x01900003, 0x016E01B5, 0x018A0003, 0x016E01B3,
0x00990003, 0x016E01B2, 0x01850003, 0x016E017E, 0x01900003, 0x016E017D, 0x018A0003, 0x016E017B, 0x00990003, 0x016E017A, 0x01850003, 0x016E0174,
0x01900003, 0x016E0173, 0x018A0003, 0x016E0171, 0x00990003, 0x016E0170, 0x01850003, 0x016E001B, 0x01900003, 0x016E001A, 0x018A0003, 0x016E0018,
0x00990003, 0x016E0017, 0x001400C2, 0x00BA00B2, 0x00AA00A2, 0x009A0092, 0x008A0082, 0x007A0072, 0x006A0062, 0x005A0052, 0x004A0042, 0x003A0032,
0x002A0195, 0x0003016E, 0x01C1018F, 0x0003016E, 0x01BF0189, 0x0003016E, 0x01BD0183, 0x0003016E, 0x01BB0195, 0x0003016E, 0x01B7018F, 0x0003016E,
0x01B50189, 0x0003016E, 0x01B30183, 0x0003016E, 0x01B10195, 0x0003016E, 0x017F018F, 0x0003016E, 0x017D0189, 0x0003016E, 0x017B0183, 0x0003016E,
0x01790195, 0x0003016E, 0x0175018F, 0x0003016E, 0x01730189, 0x0003016E, 0x01710183, 0x0003016E, 0x008E0195, 0x0003016E, 0x001C018F, 0x0003016E,
0x001A0189, 0x0003016E, 0x00180183, 0x0003016E, 0x00160028, 0x018A0182, 0x017A0172, 0x016A0162, 0x015A0152, 0x014A0142, 0x013A0132, 0x012A0122,
0x011A0112, 0x010A0102, 0x00FA00F2, 0x00EA00E2, 0x00DA00D2, 0x00CA00C2, 0x00BA00B2, 0x00AA00A2, 0x009A0092, 0x008A0082, 0x007A0072, 0x006A0062,
0x005A0052, 0x01940003, 0x016E01C1, 0x01840003, 0x016E01C0, 0x018E0003, 0x016E01BF, 0x018C0003, 0x016E01BE, 0x01880003, 0x016E01BD, 0x00970003,
0x016E01BC, 0x01820003, 0x016E01BB, 0x00980003, 0x016E01BA, 0x01940003, 0x016E01B7, 0x01840003, 0x016E01B6, 0x018E0003, 0x016E01B5, 0x018C0003,
0x016E01B4, 0x01880003, 0x016E01B3, 0x00970003, 0x016E01B2, 0x01820003, 0x016E01B1, 0x00980003, 0x016E01B0, 0x01940003, 0x016E017F, 0x01840003,
0x016E017E, 0x018E0003, 0x016E017D, 0x018C0003, 0x016E017C, 0x01880003, 0x016E017B, 0x00970003, 0x016E017A, 0x01820003, 0x016E0179, 0x00980003,
0x016E0178, 0x01940003, 0x016E0175, 0x01840003, 0x016E0174, 0x018E0003, 0x016E0173, 0x018C0003, 0x016E0172, 0x01880003, 0x016E0171, 0x00970003,
0x016E0170, 0x01820003, 0x016E008E, 0x00980003, 0x016E008D, 0x01940003, 0x016E001C, 0x01840003, 0x016E001B, 0x018E0003, 0x016E001A, 0x018C0003,
0x016E0019, 0x01880003, 0x016E0018, 0x00970003, 0x016E0017, 0x01820003, 0x016E0016, 0x00980003, 0x016E0015, 0x00020007, 0x0014001B, 0x0000008D,
0x008E0008, 0x00940094, 0x000A0170, 0x0174000B, 0x0177017E, 0x001001AF, 0x01B60018, 0x01B901C0, 0x00200001, 0x00000001, 0x00080002, 0x000A0002,
0x016E016E, 0x00010002, 0x001201A0, 0x00010000, 0x00010008, 0x00020056, 0x002801B8, 0x01B901BA, 0x01BB01BC, 0x01BD01BE, 0x01BF01C0, 0x01C101BA,
0x01BB01B9, 0x01B801BC, 0x01BD01BE, 0x01BF01C0, 0x01C101B8, 0x01B901BA, 0x01BB01BC, 0x01BD01BE, 0x01BF01C0, 0x01C101B8, 0x01B901BA, 0x01BB01BC,
0x01BD01BE, 0x01BF01C0, 0x01C10002, 0x00050013, 0x001C0000, 0x008D008E, 0x000A0094, 0x0094000C, 0x016F017F, 0x000D01AE, 0x01B7001E, 0x00010000,
0x00010008, 0x00020056, 0x002801AE, 0x01AF01B0, 0x01B101B2, 0x01B301B4, 0x01B501B6, 0x01B701B0, 0x01B101AF, 0x01AE01B2, 0x01B301B4, 0x01B501B6,
0x01B701AE, 0x01AF01B0, 0x01B101B2, 0x01B301B4, 0x01B501B6, 0x01B701AE, 0x01AF01B0, 0x01B101B2, 0x01B301B4, 0x01B501B6, 0x01B70002, 0x00050013,
0x001C0000, 0x008D008E, 0x000A0094, 0x0094000C, 0x016F017F, 0x000D01B8, 0x01C1001E, 0x00010000, 0x00010008, 0x00020056, 0x00280176, 0x01770178,
0x0179017A, 0x017B017C, 0x017D017E, 0x017F0178, 0x01790177, 0x0176017A, 0x017B017C, 0x017D017E, 0x017F0176, 0x01770178, 0x0179017A, 0x017B017C,
0x017D017E, 0x017F0176, 0x01770178, 0x0179017A, 0x017B017C, 0x017D017E, 0x017F0002, 0x00050013, 0x001C0000, 0x008D008E, 0x000A0094, 0x0094000C,
0x016F0175, 0x000D01AE, 0x01C10014, 0x00010000, 0x00010008, 0x0002000A, 0x00020085, 0x00950001, 0x00020044, 0x00520001, 0x00000001, 0x00080002,
0x00560028, 0x016F0094, 0x008D008E, 0x01700171, 0x01720173, 0x01740175, 0x016F0094, 0x008D008E, 0x01700171, 0x01720173, 0x01740175, 0x016F0094,
0x008D008E, 0x01700171, 0x01720173, 0x01740175, 0x016F0094, 0x008D008E, 0x01700171, 0x01720173, 0x01740175, 0x00020003, 0x0013001C, 0x00000176,
0x017F000A, 0x01AE01C1, 0x00140001, 0x00000001, 0x00080001, 0x0006002F, 0x00010001, 0x02DE0001, 0x00000001, 0x00080001, 0x000600C1, 0x00010001,
0x004C0000, 0x00000000, 0x00000059, 0x00000059, 0x00000059, 0x00000059, 0x000000C8, 0x00000153, 0x0000031B, 0x000003F7, 0x0000057E, 0x00000703,
0x00000772, 0x000007C3, 0x00000815, 0x00000927, 0x000009DE, 0x00000A3D, 0x00000A67, 0x00000AFC, 0x00000B43, 0x00000C03, 0x00000C6D, 0x00000D03,
0x00000E0C, 0x00000E85, 0x00000F2E, 0x00000FF1, 0x0000104E, 0x000011F0, 0x000012AF, 0x000012DB, 0x000012F3, 0x00001345, 0x0000138C, 0x000013E2,
0x0000149D, 0x000016B4, 0x00001748, 0x0000182C, 0x000018C7, 0x00001964, 0x000019DE, 0x00001A4E, 0x00001AED, 0x00001B55, 0x00001BAC, 0x00001C1C,
0x00001C9F, 0x00001CEA, 0x00001EB7, 0x00001F43, 0x00001FCE, 0x0000205D, 0x00002102, 0x000021C9, 0x000022A8, 0x000022EA, 0x00002368, 0x00002433,
0x0000261F, 0x000026D6, 0x00002759, 0x000027FD, 0x0000284F, 0x00002894, 0x000028E6, 0x00002934, 0x00002964, 0x0000298F, 0x00002A6A, 0x00002B28,
0x00002BBD, 0x00002C77, 0x00002D45, 0x00002DEC, 0x00002EA9, 0x00002F30, 0x00002FDD, 0x0000308B, 0x00003130, 0x000031A6, 0x000032A0, 0x0000330E,
0x00003394, 0x00003425, 0x000034C1, 0x00003526, 0x000035FF, 0x000036BC, 0x0000372C, 0x000037BC, 0x00003975, 0x000039ED, 0x00003A88, 0x00003B1C,
0x00003BB6, 0x00003BF7, 0x00003CA8, 0x00003D27, 0x00003E24, 0x00003E7D, 0x00003F26, 0x00003FBE, 0x0000406F, 0x000040E2, 0x00004194, 0x000041F6,
0x000043E4, 0x00004410, 0x00004469, 0x00004543, 0x0000459C, 0x000045FE, 0x0000469C, 0x00004741, 0x00004797, 0x000047C1, 0x000047EC, 0x000048DF,
0x000049DA, 0x00004A02, 0x00004A7F, 0x00004B9D, 0x00004BD1, 0x00004BD1, 0x00004C44, 0x00004D05, 0x00004DC7, 0x00004F23, 0x00005007, 0x0000504F,
0x00005195, 0x000051FF, 0x0000534A, 0x00005438, 0x000054C9, 0x000054FE, 0x0000550E, 0x000056C8, 0x000056F3, 0x00005767, 0x00005818, 0x000058AB,
0x00005A04, 0x00005A30, 0x00005AB7, 0x00005B38, 0x00005B4C, 0x00005BB7, 0x00005C28, 0x00005CEC, 0x00005D5A, 0x00005E9F, 0x00005F9C, 0x000060E5,
0x000061B7, 0x000061E7, 0x00006213, 0x0000623F, 0x0000626B, 0x0000629F, 0x000063E5, 0x000064CD, 0x000065B8, 0x000065E8, 0x00006618, 0x00006648,
0x0000667C, 0x000066AC, 0x000066DC, 0x00006708, 0x0000673C, 0x000067FE, 0x0000682A, 0x0000685A, 0x00006886, 0x000068B2, 0x000068DE, 0x00006912,
0x000069BA, 0x00006ACA, 0x00006AFA, 0x00006B26, 0x00006B52, 0x00006B86, 0x00006BB2, 0x00006C45, 0x00006D5B, 0x00006D83, 0x00006DAB, 0x00006DD3,
0x00006DFB, 0x00006E2B, 0x00006E57, 0x00006FC4, 0x000070AB, 0x000070D7, 0x000070FF, 0x00007127, 0x00007157, 0x00007183, 0x000071AF, 0x000071DB,
0x0000720F, 0x0000730C, 0x00007334, 0x00007360, 0x00007388, 0x000073B0, 0x000073D8, 0x00007408, 0x000074BE, 0x0000758D, 0x000075B9, 0x000075E1,
0x00007609, 0x00007639, 0x00007661, 0x0000770E, 0x0000773E, 0x0000776A, 0x00007792, 0x000077BE, 0x000077E6, 0x000078AF, 0x000079C4, 0x000079F0,
0x00007A18, 0x00007A44, 0x00007A6C, 0x00007A98, 0x00007AC0, 0x00007AEC, 0x00007B14, 0x00007B44, 0x00007BF7, 0x00007C07, 0x00007CB4, 0x00007CE4,
0x00007D0C, 0x00007D3C, 0x00007D64, 0x00007D94, 0x00007DBC, 0x00007E75, 0x00007F8C, 0x00007FBC, 0x00007FE4, 0x00008010, 0x00008038, 0x00008064,
0x0000808C, 0x000080B8, 0x000080E0, 0x00008104, 0x0000812C, 0x00008158, 0x000081FA, 0x000082A3, 0x000083AA, 0x000083D6, 0x00008402, 0x0000842E,
0x0000845A, 0x00008486, 0x000084B2, 0x0000856C, 0x00008651, 0x0000867D, 0x000086F8, 0x00008708, 0x00008795, 0x000088A1, 0x000088CD, 0x000088F5,
0x0000891D, 0x00008945, 0x00008A2D, 0x00008AA8, 0x00008AD8, 0x00008B60, 0x00008B88, 0x00008BAC, 0x00008BD0, 0x00008BF4, 0x00008C7B, 0x00008D2A,
0x00008DA0, 0x00008E32, 0x00008E5E, 0x00008E86, 0x00008EAE, 0x00008ED6, 0x00008F02, 0x00008F2E, 0x00009023, 0x00009043, 0x000090E1, 0x00009171,
0x0000919D, 0x000091C5, 0x000091F1, 0x00009219, 0x0000924D, 0x0000927D, 0x000092AD, 0x000092D5, 0x000092FD, 0x00009325, 0x00009355, 0x0000937D,
0x000093A9, 0x000093D1, 0x000093FD, 0x00009425, 0x00009569, 0x000096D5, 0x00009788, 0x00009884, 0x000098B0, 0x000098D4, 0x00009968, 0x00009A6C,
0x00009A98, 0x00009AC0, 0x00009AEC, 0x00009B14, 0x00009B40, 0x00009B68, 0x00009C60, 0x00009C84, 0x00009CB8, 0x00009CE8, 0x00009D93, 0x00009E47,
0x00009E73, 0x00009E9B, 0x00009EC7, 0x00009EEF, 0x00009F1B, 0x00009F43, 0x00009F6F, 0x00009F9B, 0x00009FC7, 0x00009FEF, 0x0000A067, 0x0000A08F,
0x0000A0B7, 0x0000A0DF, 0x0000A103, 0x0000A16A, 0x0000A1B4, 0x0000A214, 0x0000A23E, 0x0000A29C, 0x0000A2DA, 0x0000A35B, 0x0000A3B8, 0x0000A408,
0x0000A438, 0x0000A464, 0x0000A490, 0x0000A4B8, 0x0000A4EC, 0x0000A51C, 0x0000A54C, 0x0000A578, 0x0000A5AF, 0x0000A64B, 0x0000A6DF, 0x0000A7B8,
0x0000A892, 0x0000A902, 0x0000AA48, 0x0000AB37, 0x0000AB4B, 0x0000AB5F, 0x0000AB73, 0x0000AB87, 0x0000AB9B, 0x0000ABAF, 0x0000ABC3, 0x0000ABD7,
0x0000ABEB, 0x0000ABFF, 0x0000ACBC, 0x0000ADA8, 0x0000AF06, 0x0000B0AA, 0x0000B228, 0x0000B410, 0x0000B64E, 0x0000B7F5, 0x0000B92F, 0x0000BAE7,
0x0000BCBD, 0x0000BE1A, 0x0000BF50, 0x0000C103, 0x0000C1FC, 0x0000C328, 0x0000C4A0, 0x0000C5CB, 0x0000C728, 0x0000C875, 0x0000C9D9, 0x0000CB5C,
0x0000CCDA, 0x0000CE7D, 0x0000CFB3, 0x0000D213, 0x0000D2F0, 0x0000D36D, 0x0000D3BA, 0x0000D439, 0x0000D520, 0x0000D54F, 0x0000D55F, 0x0000D59E,
0x0000D61A, 0x0000D6F8, 0x0000D799, 0x0000D7B1, 0x0000D82E, 0x0000D8AA, 0x0000D938, 0x0000DA1E, 0x0000DAF3, 0x0000DB03, 0x0000DBF3, 0x0000DC03,
0x0000DC13, 0x0000DC23, 0x0000DC33, 0x0000DC43, 0x0000DC53, 0x0000DC63, 0x0000DC73, 0x0000DC83, 0x0000DC93, 0x0000DCA3, 0x0000DCB7, 0x0000DCCB,
0x0000DCDF, 0x0000DCF3, 0x0000DD07, 0x0000DD1B, 0x0000DD2F, 0x0000DD43, 0x0000DD57, 0x0000DD6B, 0x0000DD95, 0x0000DDDC, 0x0000DE17, 0x0000DE41,
0x0000DE51, 0x0000DE61, 0x0000DE71, 0x0000DE81, 0x0000DE91, 0x0000DEA1, 0x0000DEB1, 0x0000DEC1, 0x0000DED1, 0x0000DEE1, 0x0000DEF1, 0x0000DF01,
0x0000DF11, 0x0000DF21, 0x0000DF31, 0x0000DF45, 0x0000DF55, 0x0000DF65, 0x0000DF79, 0x0000E056, 0x0000E142, 0x0000E1F7, 0x0000E2BC, 0x0000E36A,
0x0000E408, 0x0000E497, 0x0000E562, 0x0000E60E, 0x0000E61E, 0x0000E6ED, 0x0000E788, 0x0000E81C, 0x0000E920, 0x0000E99B, 0x0000EA65, 0x0000EB6F,
0x0000EBE6, 0x0000ECA9, 0x0000ED96, 0x0000EE71, 0x0000EEF5, 0x0000EF9C, 0x0000F051, 0x0000F11E, 0x0000F1B5, 0x0000F283, 0x0000F397, 0x0000F447,
0x0000F4B5, 0x0000F592, 0x0000F63C, 0x0000F6F0, 0x0000F7D5, 0x0000F8CF, 0x0000F986, 0x0000FA36, 0x0000FAF0, 0x0000FBC3, 0x0000FCC5, 0x0000FCD5,
0x0000FDA7, 0x0000FE77, 0x0000FED7, 0x0000FF8F, 0x00010005, 0x0001009F, 0x00010134, 0x000101E1, 0x00010290, 0x00010367, 0x0001045A, 0x00010556,
0x00010679, 0x0001073B, 0x0001081B, 0x000108D8, 0x000109B0, 0x00010A9F, 0x00010B5A, 0x00010C1E, 0x00010D04, 0x00010D92, 0x00010DA2, 0x00010DBA,
0x00010E59, 0x00010E69, 0x00010F9C, 0x000110D4, 0x00011223, 0x000112B6, 0x00011393, 0x000114B3, 0x0001155E, 0x0001167A, 0x000117BC, 0x000117E8,
0x00011810, 0x0001183C, 0x00011868, 0x00011894, 0x000118BC, 0x000118E8, 0x00011910, 0x00011A22, 0x00011A5A, 0x00011B61, 0x00011B99, 0x00011CE6,
0x00011D1E, 0x00011E55, 0x00011E8D, 0x00011F79, 0x00012178, 0x000121B0, 0x000122DB, 0x0001230B, 0x00012337, 0x0001235F, 0x00012453, 0x00012563,
0x0001258F, 0x000125B7, 0x000125E7, 0x000126AA, 0x0001277A, 0x00012849, 0x00012875, 0x0001289D, 0x000128CD, 0x000128F5, 0x0001291D, 0x00012A0A,
0x00012B15, 0x00012C0F, 0x00012C3B, 0x00012C63, 0x00012D35, 0x00012DC0, 0x00012DF0, 0x00012E1C, 0x00012F62, 0x00012F8A, 0x00012FB6, 0x00012FDE,
0x00013002, 0x0001302E, 0x00013062, 0x00013092, 0x000130BE, 0x000130E6, 0x0001311A, 0x0001314E, 0x0001317E, 0x000131A6, 0x000131DA, 0x0001320E,
0x0001323A, 0x00013266, 0x0001329A, 0x000132CE, 0x000132FA, 0x00013322, 0x00013356, 0x0001338A, 0x000133BA, 0x000133E2, 0x00013416, 0x0001344A,
0x00013476, 0x0001349E, 0x0001357E, 0x00013642, 0x0001366E, 0x00013710, 0x00013780, 0x00013886, 0x00013994, 0x00013AA8, 0x00013B67, 0x00013C12,
0x00013C3E, 0x00013C66, 0x00013D3A, 0x00013E34, 0x00014002, 0x0001403A, 0x00014195, 0x000141C5, 0x000141F1, 0x00014219, 0x0001433C, 0x0001436C,
0x00014398, 0x000143C0, 0x0001447A, 0x00014596, 0x000146A1, 0x000147A5, 0x000148A5, 0x0001495A, 0x00014A5D, 0x00014B4E, 0x00014BB0, 0x00014C31,
0x00014D3A, 0x00014DDB, 0x00014E64, 0x00014EF5, 0x0001500B, 0x0001510A, 0x0001511A, 0x000151BF, 0x000152E0, 0x0001536C, 0x00015454, 0x00015509,
0x000155B5, 0x00015671, 0x000156F8, 0x00015813, 0x00015929, 0x000159D5, 0x00015A30, 0x00015A74, 0x00015B0D, 0x00015BA2, 0x00015BF5, 0x00015C7B,
0x00015D0C, 0x00015DB6, 0x00015E55, 0x00015E81, 0x00015EB5, 0x00015F76, 0x00015FA2, 0x0001603E, 0x0001604E, 0x0001605E, 0x00016092, 0x000160A2,
0x00016172, 0x00016240, 0x000162C8, 0x000162F8, 0x00016324, 0x00016350, 0x000163B9, 0x000163C9, 0x00016464, 0x00016474, 0x000164D0, 0x000165C1,
0x000165D1, 0x000166BB, 0x000167EC, 0x00016860, 0x0001688C, 0x0001689C, 0x00016909, 0x00016919, 0x00016929, 0x00016939, 0x00016992, 0x000169A2,
0x000169B2, 0x000169C2, 0x00016A6F, 0x00016B4A, 0x00016B5A, 0x00016BE6, 0x00016C76, 0x00016CDC, 0x00016D6D, 0x00016DFD, 0x00016EC6, 0x00016F53,
0x00016FF7, 0x000170E1, 0x0001718B, 0x0001719B, 0x00017285, 0x000173A0, 0x000173E8, 0x00017490, 0x000174A0, 0x00017594, 0x0001766E, 0x000176E2,
0x0001770A, 0x000177B3, 0x0001781C, 0x000178FF, 0x00017960, 0x00017970, 0x000179D7, 0x000179E7, 0x000179F7, 0x00017A46, 0x00017A56, 0x00017B42,
0x00017B52, 0x00017BB3, 0x00017C25, 0x00017CA3, 0x00017D56, 0x00017E04, 0x00017ECD, 0x00017F72, 0x00018025, 0x0001810C, 0x000181B5, 0x000181E1,
0x00018211, 0x000182ED, 0x00018315, 0x000183C8, 0x000183D8, 0x000183E8, 0x0001841C, 0x0001842C, 0x000184FD, 0x000185DD, 0x000185ED, 0x00018619,
0x00018645, 0x0001866D, 0x000186E0, 0x000187CC, 0x0001887B, 0x00018943, 0x00018A40, 0x00018B25, 0x00018BDA, 0x00018C76, 0x00018D5F, 0x00018E49,
0x00018F10, 0x00018FFA, 0x000190C5, 0x00019181, 0x000191DB, 0x0001922F, 0x000192A7, 0x00019304, 0x000193B5, 0x00019464, 0x00019561, 0x00019648,
0x0001979D, 0x000198C2, 0x00019961, 0x00019A02, 0x00019AF7, 0x00019BE2, 0x00019C9E, 0x00019D58, 0x00019DE6, 0x00019E7D, 0x00019EFB, 0x00019F96,
0x0001A051, 0x0001A0CE, 0x0001A19B, 0x0001A266, 0x0001A3C3, 0x0001A4FA, 0x0001A50A, 0x0001A51A, 0x0001A577, 0x0001A5D0, 0x0001A5E0, 0x0001A661,
0x0001A73D, 0x0001A805, 0x0001A8A6, 0x0001A948, 0x0001A9C7, 0x0001AA43, 0x0001AAD8, 0x0001AB9E, 0x0001AC39, 0x0001ACF2, 0x0001AD78, 0x0001AD88,
0x0001AE90, 0x0001AF97, 0x0001B093, 0x0001B194, 0x0001B1A4, 0x0001B1D0, 0x0001B1F8, 0x0001B2BB, 0x0001B37F, 0x0001B426, 0x0001B4C7, 0x0001B565,
0x0001B5F9, 0x0001B6A6, 0x0001B74E, 0x0001B7EC, 0x0001B88A, 0x0001B995, 0x0001BA61, 0x0001BAB7, 0x0001BAE3, 0x0001BB0B, 0x0001BB3F, 0x0001BB6F,
0x0001BB7F, 0x0001BB8F, 0x0001BBBB, 0x0001BBE3, 0x0001BBF3, 0x0001BCAE, 0x0001BCE2, 0x0001BD16, 0x0001BD4A, 0x0001BD7A, 0x0001BDAE, 0x0001BDDE,
0x0001BDEE, 0x0001BDFE, 0x0001BE2A, 0x0001BE52, 0x0001BE86, 0x0001BEB6, 0x0001BEEA, 0x0001BF1A, 0x0001BFB9, 0x0001C065, 0x0001C099, 0x0001C0C9,
0x0001C0FD, 0x0001C12D, 0x0001C159, 0x0001C181, 0x0001C1B5, 0x0001C1E5, 0x0001C219, 0x0001C249, 0x0001C27D, 0x0001C2AD, 0x0001C321, 0x0001C375,
0x0001C3A9, 0x0001C3D9, 0x0001C516, 0x0001C53F, 0x0001C647, 0x0001C70E, 0x0001C763, 0x0001C773, 0x0001C783, 0x0001C793, 0x0001C7A3, 0x0001C7B3,
0x0001C7C3, 0x0001C7D3, 0x0001C87B, 0x0001C88B, 0x0001C89B, 0x0001C900, 0x0001C910, 0x0001C920, 0x0001C97F, 0x0001C98F, 0x0001C99F, 0x0001C9AF,
0x0001CA81, 0x0001CA91, 0x0001CAA1, 0x0001CAB1, 0x0001CAC1, 0x0001CBC3, 0x0001CC86, 0x0001CD45, 0x0001CE3B, 0x0001CEEA, 0x0001CFE1, 0x0001D0EE,
0x0001D199, 0x0001D20D, 0x0001D2A4, 0x0001D311, 0x0001D3AF, 0x0001D44E, 0x0001D45E, 0x0001D46E, 0x0001D574, 0x0001D584, 0x0001D594, 0x0001D627,
0x0001D6E1, 0x0001D793, 0x0001D81D, 0x0001D882, 0x0001D966, 0x0001D976, 0x0001DA2D, 0x0001DB29, 0x0001DB51, 0x0001DB69, 0x0001DB91, 0x0001DBB9,
0x0001DBED, 0x0001DC15, 0x0001DC3D, 0x0001DC71, 0x0001DC99, 0x0001DCC1, 0x0001DCE9, 0x0001DD11, 0x0001DD3D, 0x0001DD6D, 0x0001DDA9, 0x0001DDD1,
0x0001DE01, 0x0001DE29, 0x0001DE61, 0x0001DE89, 0x0001DEB5, 0x0001DEE1, 0x0001DF6A, 0x0001DF96, 0x0001DFC2, 0x0001DFF2, 0x0001E026, 0x0001E056,
0x0001E086, 0x0001E0BA, 0x0001E0EE, 0x0001E116, 0x0001E13E, 0x0001E16A, 0x0001E196, 0x0001E1C2, 0x0001E1EE, 0x0001E21A, 0x0001E246, 0x0001E26E,
0x0001E29A, 0x0001E2CA, 0x0001E2FE, 0x0001E32E, 0x0001E35E, 0x0001E386, 0x0001E3AE, 0x0001E3DA, 0x0001E406, 0x0001E432, 0x0001E45E, 0x0001E48A,
0x0001E4B6, 0x0001E4E6, 0x0001E51A, 0x0001E54A, 0x0001E57A, 0x0001E5AE, 0x0001E5E2, 0x0001E60A, 0x0001E632, 0x0001E65E, 0x0001E68A, 0x0001E6B6,
0x0001E6E2, 0x0001E70E, 0x0001E73A, 0x0001E766, 0x0001E792, 0x0001E7C2, 0x0001E7F6, 0x0001E826, 0x0001E856, 0x0001E88A, 0x0001E8BE, 0x0001E8E6,
0x0001E90E, 0x0001E93A, 0x0001E966, 0x0001E992, 0x0001E9BE, 0x0001E9EA, 0x0001EA16, 0x0001EA3E, 0x0001EA66, 0x0001EA96, 0x0001EAC6, 0x0001EAF6,
0x0001EB26, 0x0001EB4E, 0x0001EB76, 0x0001EBA2, 0x0001EBCE, 0x0001EBFA, 0x0001EC26, 0x0001EC4E, 0x0001EC76, 0x0001ECA6, 0x0001ECD6, 0x0001ED06,
0x0001ED36, 0x0001ED66, 0x0001ED96, 0x0001EDBE, 0x0001EDEA, 0x0001EE16, 0x0001EE42, 0x0001EE6E, 0x0001EE9A, 0x0001EECA, 0x0001EEFE, 0x0001EF2E,
0x0001EF5E, 0x0001EF92, 0x0001EFC6, 0x0001EFEE, 0x0001F016, 0x0001F042, 0x0001F06E, 0x0001F09A, 0x0001F0C6, 0x0001F0F2, 0x0001F11E, 0x0001F146,
0x0001F16E, 0x0001F196, 0x0001F1BE, 0x0001F1E6, 0x0001F20E, 0x0001F236, 0x0001F25E, 0x0001F286, 0x0001F2AE, 0x0001F2D6, 0x0001F2FE, 0x0001F326,
0x0001F34E, 0x0001F37E, 0x0001F3AE, 0x0001F3DE, 0x0001F40E, 0x0001F43E, 0x0001F46E, 0x0001F49E, 0x0001F4CE, 0x0001F4E6, 0x0001F4FE, 0x0001F516,
0x0001F52E, 0x0001F546, 0x0001F55E, 0x0001F576, 0x0001F58E, 0x0001F5BE, 0x0001F5EE, 0x0001F61E, 0x0001F64E, 0x0001F67E, 0x0001F6AE, 0x0001F6DE,
0x0001F70E, 0x0001F726, 0x0001F73E, 0x0001F756, 0x0001F76E, 0x0001F786, 0x0001F79E, 0x0001F7B6, 0x0001F7CE, 0x0001F7FA, 0x0001F826, 0x0001F856,
0x0001F886, 0x0001F8B6, 0x0001F8E6, 0x0001F916, 0x0001F946, 0x0001F96E, 0x0001F996, 0x0001F9C2, 0x0001F9EE, 0x0001FA1A, 0x0001FA46, 0x0001FA72,
0x0001FA9E, 0x0001FACA, 0x0001FAF6, 0x0001FB22, 0x0001FB4A, 0x0001FB76, 0x0001FB9E, 0x0001FBCA, 0x0001FBF6, 0x0001FC22, 0x0001FC4A, 0x0001FC72,
0x0001FD18, 0x0001FD28, 0x0001FD70, 0x0001FDBB, 0x0001FE15, 0x0001FEE4, 0x0001FF14, 0x0001FF3C, 0x0001FF6C, 0x0001FF98, 0x0001FFC8, 0x0001FFF0,
0x00020018, 0x00020040, 0x00020068, 0x00020129, 0x00020192, 0x000201FC, 0x000202AA, 0x000202D6, 0x00020302, 0x0002033E, 0x0002037A, 0x000203A6,
0x000203DE, 0x0002040A, 0x00020436, 0x0002045E, 0x00020486, 0x000204EA, 0x0002054E, 0x000205F0, 0x00020618, 0x00020640, 0x00020678, 0x000206B0,
0x000206DC, 0x00020708, 0x00020730, 0x00020764, 0x00020790, 0x000207BC, 0x000207E4, 0x0002080C, 0x00020834, 0x000208B7, 0x000208C7, 0x000208F2,
0x00020922, 0x00020946, 0x00020972, 0x0002099E, 0x000209CE, 0x000209F6, 0x00020A1E, 0x00020A46, 0x00020A6E, 0x00020C37, 0x00020C63, 0x00020CAF,
0x00020CDF, 0x00020D0F, 0x00020D43, 0x00020D77, 0x00020DAB, 0x00020DDF, 0x00020E13, 0x00020E47, 0x00020E77, 0x00020EA7, 0x00020EDB, 0x00020F0F,
0x00020F43, 0x00020F77, 0x00020FAB, 0x00020FDF, 0x0002100F, 0x0002103F, 0x00021073, 0x000210A7, 0x000210DB, 0x0002110F, 0x00021143, 0x00021177,
0x0002119B, 0x000211BF, 0x000211E3, 0x000212CE, 0x00021441, 0x00021CBF, 0x00021E22, 0x00021E46, 0x00021E7B, 0x00021EB0, 0x00021EE5, 0x00021F10,
0x00021F39, 0x00021F77, 0x00021FCC, 0x0002201E, 0x00022068, 0x000220D3, 0x00022108, 0x00022193, 0x000221FC, 0x00022267, 0x000222CD, 0x00022333,
0x000223A0, 0x000223FE, 0x00022463, 0x000224A3, 0x0002256A, 0x000225EC, 0x0002268A, 0x00022704, 0x0002276D, 0x000227DE, 0x0002287A, 0x0002291B,
0x000229AF, 0x000229F0, 0x00022A45, 0x00022A9C, 0x00022B0F, 0x00022B75, 0x00022BDC, 0x00022C48, 0x00022CB5, 0x00022D25, 0x00022D50, 0x00022F57,
0x00023316, 0x0002367E, 0x00023715, 0x00023783, 0x00020000, 0x00000000, 0xFF850014, 0x00000001, 0x00000000, 0x00000000, 0x00000000, 0x00000000,
0x05060000, 0x00010002, 0x00030004, 0x00050006, 0x00070008, 0x0009000A, 0x000B000C, 0x000D000E, 0x000F0010, 0x00110012, 0x00130014, 0x00150016,
0x00170018, 0x0019001A, 0x001B001C, 0x001D001E, 0x001F0020, 0x00210022, 0x00230024, 0x00250026, 0x00270028, 0x0029002A, 0x002B002C, 0x002D002E,
0x002F0030, 0x00310032, 0x00330034, 0x00350036, 0x00370038, 0x0039003A, 0x003B003C, 0x003D003E, 0x003F0040, 0x00410042, 0x00430044, 0x00450046,
0x00470048, 0x0049004A, 0x004B004C, 0x004D004E, 0x004F0050, 0x00510052, 0x00530054, 0x00550056, 0x00570058, 0x0059005A, 0x005B005C, 0x005D005E,
0x005F0060, 0x00610102, 0x00C400A6, 0x00C500AB, 0x008200C2, 0x00D800C6, 0x00E400BE, 0x00B000B6, 0x00B700B4, 0x00B50087, 0x00B200B3, 0x00D9008C,
0x00E500BF, 0x00B100BB, 0x010300A3, 0x00840085, 0x00BD0096, 0x00E80086, 0x008E008B, 0x009D00A9, 0x00A40104, 0x008A00DA, 0x00830093, 0x00F200F3,
0x008D0097, 0x008800C3, 0x00DE00F1, 0x009E00AA, 0x00F500F4, 0x00F600A2, 0x00AD00C9, 0x00C700AE, 0x00620063, 0x00900064, 0x00CB0065, 0x00C800CA,
0x00CF00CC, 0x00CD00CE, 0x00E90066, 0x00D300D0, 0x00D100AF, 0x006700F0, 0x009100D6, 0x00D400D5, 0x006800EB, 0x00ED0089, 0x006A0069, 0x006B006D,
0x006C006E, 0x00A0006F, 0x00710070, 0x00720073, 0x00750074, 0x00760077, 0x00EA0078, 0x007A0079, 0x007B007D, 0x007C00B8, 0x00A1007F, 0x007E0080,
0x008100EC, 0x00EE00BA, 0x01050106, 0x01070108, 0x0109010A, 0x00FD00FE, 0x010B010C, 0x010D010E, 0x00FF0100, 0x010F0110, 0x01110101, 0x01120113,
0x01140115, 0x01160117, 0x01180119, 0x011A011B, 0x011C011D, 0x00F800F9, 0x011E011F, 0x01200121, 0x01220123, 0x01240125, 0x01260127, 0x01280129,
0x012A012B, 0x012C012D, 0x00FA00D7, 0x012E012F, 0x01300131, 0x01320133, 0x01340135, 0x01360137, 0x01380139, 0x013A013B, 0x013C013D, 0x013E00E2,
0x00E3013F, 0x01400141, 0x01420143, 0x01440145, 0x01460147, 0x01480149, 0x014A014B, 0x014C014D, 0x014E014F, 0x01500151, 0x01520153, 0x01540155,
0x01560157, 0x015800FB, 0x00FC0159, 0x015A015B, 0x015C015D, 0x015E015F, 0x01600161, 0x01620163, 0x01640165, 0x01660167, 0x01680169, 0x016A016B,
0x016C016D, 0x016E016F, 0x01700171, 0x017200E6, 0x00E70173, 0x01740175, 0x01760177, 0x01780179, 0x00E1017A, 0x00DB00DC, 0x00DD00E0, 0x00DF017B,
0x017C017D, 0x017E017F, 0x01800181, 0x018200BC, 0x01830184, 0x01850186, 0x01870188, 0x0189018A, 0x018B018C, 0x018D018E, 0x018F0190, 0x01910192,
0x01930194, 0x01950196, 0x01970198, 0x0199019A, 0x019B019C, 0x019D019E, 0x019F01A0, 0x01A101A2, 0x01A301A4, 0x01A501A6, 0x01A701A8, 0x01A901AA,
0x01AB01AC, 0x01AD0098, 0x00A8009A, 0x009901AE, 0x00EF01AF, 0x01B000A5, 0x0092009C, 0x00A7008F, 0x00940095, 0x00B900C0, 0x01B100C1, 0x01B201B3,
0x01B401B5, 0x01B601B7, 0x01B801B9, 0x01BA01BB, 0x01BC01BD, 0x01BE01BF, 0x01C001C1, 0x01C201C3, 0x01C401C5, 0x01C601C7, 0x01C801C9, 0x01CA01CB,
0x01CC01CD, 0x01CE01CF, 0x01D001D1, 0x01D201D3, 0x01D401D5, 0x01D601D7, 0x01D801D9, 0x01DA01DB, 0x01DC01DD, 0x01DE01DF, 0x01E001E1, 0x01E201E3,
0x01E401E5, 0x01E601E7, 0x01E801E9, 0x01EA01EB, 0x01EC01ED, 0x01EE01EF, 0x01F001F1, 0x01F201F3, 0x01F401F5, 0x01F601F7, 0x01F801F9, 0x01FA01FB,
0x01FC01FD, 0x01FE01FF, 0x02000201, 0x02020203, 0x02040205, 0x02060207, 0x02080209, 0x020A020B, 0x020C020D, 0x020E020F, 0x02100211, 0x02120213,
0x02140215, 0x02160217, 0x02180219, 0x021A021B, 0x021C021D, 0x021E021F, 0x02200221, 0x02220223, 0x02240225, 0x02260227, 0x02280229, 0x022A022B,
0x022C022D, 0x022E022F, 0x02300231, 0x02320233, 0x02340235, 0x02360237, 0x02380239, 0x023A023B, 0x023C023D, 0x023E023F, 0x02400241, 0x02420243,
0x02440245, 0x02460247, 0x02480249, 0x024A024B, 0x024C024D, 0x024E024F, 0x02500251, 0x02520253, 0x02540255, 0x02560257, 0x02580259, 0x025A025B,
0x025C025D, 0x025E025F, 0x02600261, 0x02620263, 0x02640265, 0x02660267, 0x02680269, 0x026A026B, 0x026C026D, 0x026E026F, 0x02700271, 0x02720273,
0x02740275, 0x02760277, 0x02780279, 0x027A027B, 0x027C027D, 0x027E027F, 0x02800281, 0x02820283, 0x02840285, 0x02860287, 0x02880289, 0x028A028B,
0x028C028D, 0x028E028F, 0x02900291, 0x02920293, 0x02940295, 0x02960297, 0x02980299, 0x029A029B, 0x029C029D, 0x029E029F, 0x02A002A1, 0x02A202A3,
0x02A402A5, 0x02A602A7, 0x02A802A9, 0x02AA02AB, 0x02AC02AD, 0x02AE02AF, 0x02B002B1, 0x02B202B3, 0x02B402B5, 0x02B602B7, 0x02B802B9, 0x02BA02BB,
0x02BC02BD, 0x02BE02BF, 0x02C002C1, 0x02C202C3, 0x02C402C5, 0x02C602C7, 0x02C802C9, 0x02CA02CB, 0x02CC02CD, 0x02CE02CF, 0x02D002D1, 0x02D202D3,
0x02D402D5, 0x02D602D7, 0x02D802D9, 0x02DA02DB, 0x02DC02DD, 0x02DE02DF, 0x02E002E1, 0x02E202E3, 0x02E402E5, 0x02E602E7, 0x02E802E9, 0x02EA02EB,
0x02EC02ED, 0x02EE02EF, 0x02F002F1, 0x02F202F3, 0x02F402F5, 0x02F602F7, 0x02F802F9, 0x02FA02FB, 0x02FC02FD, 0x02FE02FF, 0x03000301, 0x03020303,
0x03040305, 0x03060307, 0x03080309, 0x030A030B, 0x030C030D, 0x030E030F, 0x03100311, 0x03120313, 0x03140315, 0x03160317, 0x03180319, 0x031A031B,
0x031C031D, 0x031E031F, 0x03200321, 0x03220323, 0x03240325, 0x03260327, 0x03280329, 0x032A032B, 0x032C032D, 0x032E032F, 0x03300331, 0x03320333,
0x03340335, 0x03360337, 0x03380339, 0x033A033B, 0x033C033D, 0x033E033F, 0x03400341, 0x03420343, 0x03440345, 0x03460347, 0x03480349, 0x034A034B,
0x034C034D, 0x034E034F, 0x03500351, 0x03520353, 0x03540355, 0x03560357, 0x03580359, 0x035A035B, 0x035C035D, 0x035E035F, 0x03600361, 0x03620363,
0x03640365, 0x03660367, 0x03680369, 0x036A036B, 0x036C036D, 0x036E036F, 0x03700371, 0x03720373, 0x03740375, 0x03760377, 0x03780379, 0x037A037B,
0x037C037D, 0x037E037F, 0x03800381, 0x03820383, 0x03840385, 0x03860387, 0x03880389, 0x038A038B, 0x038C038D, 0x038E038F, 0x03900391, 0x03920393,
0x03940395, 0x03960397, 0x03980399, 0x039A039B, 0x039C039D, 0x039E039F, 0x03A003A1, 0x03A203A3, 0x03A4009F, 0x03A503A6, 0x03A703A8, 0x03A903AA,
0x03AB03AC, 0x03AD03AE, 0x03AF03B0, 0x03B103B2, 0x03B3009B, 0x03B403B5, 0x03B603B7, 0x03B803B9, 0x03BA03BB, 0x03BC03BD, 0x03BE03BF, 0x03C003C1,
0x03C203C3, 0x03C403C5, 0x03C603C7, 0x03C803C9, 0x03CA03CB, 0x03CC03CD, 0x03CE03CF, 0x03D003D1, 0x03D203D3, 0x03D403D5, 0x03D603D7, 0x03D803D9,
0x03DA03DB, 0x03DC03DD, 0x03DE03DF, 0x03E003E1, 0x03E203E3, 0x03E403E5, 0x03E603E7, 0x03E803E9, 0x03EA03EB, 0x03EC03ED, 0x03EE03EF, 0x03F003F1,
0x03F203F3, 0x03F403F5, 0x03F603F7, 0x03F803F9, 0x03FA03FB, 0x03FC03FD, 0x03FE03FF, 0x04000401, 0x04020403, 0x04040405, 0x04060407, 0x04080409,
0x040A040B, 0x040C040D, 0x040E040F, 0x04100411, 0x04120413, 0x04140415, 0x04160417, 0x04180419, 0x041A041B, 0x041C041D, 0x041E041F, 0x04200421,
0x04220423, 0x04240425, 0x04260427, 0x04280429, 0x042A042B, 0x042C042D, 0x042E042F, 0x04300431, 0x04320433, 0x04340435, 0x04360437, 0x04380439,
0x043A043B, 0x043C043D, 0x043E043F, 0x04400441, 0x04420443, 0x04440445, 0x04460447, 0x04480449, 0x044A044B, 0x044C044D, 0x044E044F, 0x04500451,
0x04520453, 0x04540455, 0x04560457, 0x04580459, 0x045A045B, 0x045C045D, 0x045E045F, 0x04600461, 0x04620463, 0x04640465, 0x04660467, 0x04680469,
0x046A046B, 0x046C046D, 0x046E046F, 0x04700471, 0x04720473, 0x04740475, 0x04760477, 0x04780479, 0x047A047B, 0x047C047D, 0x047E047F, 0x04800481,
0x04820483, 0x04840485, 0x04860487, 0x04880489, 0x048A048B, 0x048C048D, 0x048E048F, 0x04900491, 0x04920493, 0x04940495, 0x04960497, 0x04980499,
0x049A049B, 0x049C049D, 0x049E049F, 0x04A004A1, 0x04A204A3, 0x04A404A5, 0x04A604A7, 0x04A804A9, 0x04AA04AB, 0x04AC04AD, 0x04AE04AF, 0x04B004B1,
0x04B204B3, 0x04B404B5, 0x04B604B7, 0x04B804B9, 0x04BA04BB, 0x04BC04BD, 0x04BE04BF, 0x04C004C1, 0x04C204C3, 0x04C404C5, 0x04C604C7, 0x04C804C9,
0x04CA04CB, 0x04CC04CD, 0x04CE04CF, 0x04D004D1, 0x04D204D3, 0x04D404D5, 0x04D604D7, 0x04D804D9, 0x04DA04DB, 0x04DC04DD, 0x04DE04DF, 0x04E004E1,
0x04E204E3, 0x04E404E5, 0x04E604E7, 0x04E804E9, 0x04EA04EB, 0x04EC04ED, 0x04EE04EF, 0x04F004F1, 0x04F204F3, 0x04F404F5, 0x04F604F7, 0x04F804F9,
0x04FA04FB, 0x04FC04FD, 0x04FE04FF, 0x05000501, 0x05020503, 0x05040505, 0x05060507, 0x05080445, 0x75726F07, 0x756E6930, 0x30413007, 0x756E6930,
0x30414407, 0x416D6163, 0x726F6E07, 0x616D6163, 0x726F6E06, 0x41627265, 0x76650661, 0x62726576, 0x6507416F, 0x676F6E65, 0x6B07616F, 0x676F6E65,
0x6B0B4363, 0x69726375, 0x6D666C65, 0x780B6363, 0x69726375, 0x6D666C65, 0x780A4364, 0x6F746163, 0x63656E74, 0x0A63646F, 0x74616363, 0x656E7406,
0x44636172, 0x6F6E0664, 0x6361726F, 0x6E064463, 0x726F6174, 0x07456D61, 0x63726F6E, 0x07656D61, 0x63726F6E, 0x06456272, 0x65766506, 0x65627265,
0x76650A45, 0x646F7461, 0x6363656E, 0x740A6564, 0x6F746163, 0x63656E74, 0x07456F67, 0x6F6E656B, 0x07656F67, 0x6F6E656B, 0x06456361, 0x726F6E06,
0x65636172, 0x6F6E0B47, 0x63697263, 0x756D666C, 0x65780B67, 0x63697263, 0x756D666C, 0x65780A47, 0x646F7461, 0x6363656E, 0x740A6764, 0x6F746163,
0x63656E74, 0x0C47636F, 0x6D6D6161, 0x6363656E, 0x740C6763, 0x6F6D6D61, 0x61636365, 0x6E740B48, 0x63697263, 0x756D666C, 0x65780B68, 0x63697263,
0x756D666C, 0x65780448, 0x62617204, 0x68626172, 0x06497469, 0x6C646506, 0x6974696C, 0x64650749, 0x6D616372, 0x6F6E0769, 0x6D616372, 0x6F6E0649,
0x62726576, 0x65066962, 0x72657665, 0x07496F67, 0x6F6E656B, 0x07696F67, 0x6F6E656B, 0x06692E6C, 0x6F636C02, 0x494A0269, 0x6A0B4A63, 0x69726375,
0x6D666C65, 0x780B6A63, 0x69726375, 0x6D666C65, 0x780C4B63, 0x6F6D6D61, 0x61636365, 0x6E740C6B, 0x636F6D6D, 0x61616363, 0x656E7411, 0x6B677265,
0x656E6C61, 0x6E646963, 0x2E636173, 0x650C6B67, 0x7265656E, 0x6C616E64, 0x6963064C, 0x61637574, 0x65066C61, 0x63757465, 0x0C4C636F, 0x6D6D6161,
0x6363656E, 0x740C6C63, 0x6F6D6D61, 0x61636365, 0x6E74064C, 0x6361726F, 0x6E066C63, 0x61726F6E, 0x044C646F, 0x74046C64, 0x6F74064E, 0x61637574,
0x65066E61, 0x63757465, 0x0C4E636F, 0x6D6D6161, 0x6363656E, 0x740C6E63, 0x6F6D6D61, 0x61636365, 0x6E74064E, 0x6361726F, 0x6E066E63, 0x61726F6E,
0x106E6170, 0x6F737472, 0x6F706865, 0x2E636173, 0x650B6E61, 0x706F7374, 0x726F7068, 0x6503456E, 0x6703656E, 0x67074F6D, 0x6163726F, 0x6E076F6D,
0x6163726F, 0x6E064F62, 0x72657665, 0x066F6272, 0x6576650D, 0x4F68756E, 0x67617275, 0x6D6C6175, 0x740D6F68, 0x756E6761, 0x72756D6C, 0x61757406,
0x52616375, 0x74650672, 0x61637574, 0x650C5263, 0x6F6D6D61, 0x61636365, 0x6E740C72, 0x636F6D6D, 0x61616363, 0x656E7406, 0x52636172, 0x6F6E0672,
0x6361726F, 0x6E065361, 0x63757465, 0x06736163, 0x7574650B, 0x53636972, 0x63756D66, 0x6C65780B, 0x73636972, 0x63756D66, 0x6C657807, 0x756E6930,
0x31363207, 0x756E6930, 0x31363306, 0x54636172, 0x6F6E0674, 0x6361726F, 0x6E045462, 0x61720474, 0x62617206, 0x5574696C, 0x64650675, 0x74696C64,
0x6507556D, 0x6163726F, 0x6E07756D, 0x6163726F, 0x6E065562, 0x72657665, 0x06756272, 0x65766505, 0x5572696E, 0x67057572, 0x696E670D, 0x5568756E,
0x67617275, 0x6D6C6175, 0x740D7568, 0x756E6761, 0x72756D6C, 0x61757407, 0x556F676F, 0x6E656B07, 0x756F676F, 0x6E656B0B, 0x57636972, 0x63756D66,
0x6C65780B, 0x77636972, 0x63756D66, 0x6C65780B, 0x59636972, 0x63756D66, 0x6C65780B, 0x79636972, 0x63756D66, 0x6C657806, 0x5A616375, 0x7465067A,
0x61637574, 0x650A5A64, 0x6F746163, 0x63656E74, 0x0A7A646F, 0x74616363, 0x656E7405, 0x6C6F6E67, 0x730C5363, 0x6F6D6D61, 0x61636365, 0x6E740C73,
0x636F6D6D, 0x61616363, 0x656E7407, 0x756E6930, 0x32314107, 0x756E6930, 0x32314208, 0x646F746C, 0x6573736A, 0x0A61706F, 0x7374726F, 0x70686507,
0x756E6930, 0x32433906, 0x57677261, 0x76650677, 0x67726176, 0x65065761, 0x63757465, 0x06776163, 0x75746509, 0x57646965, 0x72657369, 0x73097764,
0x69657265, 0x73697306, 0x59677261, 0x76650679, 0x67726176, 0x650C7A65, 0x726F7375, 0x70657269, 0x6F720C66, 0x6F757273, 0x75706572, 0x696F720C,
0x66697665, 0x73757065, 0x72696F72, 0x0B736978, 0x73757065, 0x72696F72, 0x0D736576, 0x656E7375, 0x70657269, 0x6F720D65, 0x69676874, 0x73757065,
0x72696F72, 0x0C6E696E, 0x65737570, 0x6572696F, 0x720C7A65, 0x726F696E, 0x66657269, 0x6F720B6F, 0x6E65696E, 0x66657269, 0x6F720B74, 0x776F696E,
0x66657269, 0x6F720D74, 0x68726565, 0x696E6665, 0x72696F72, 0x0C666F75, 0x72696E66, 0x6572696F, 0x720C6669, 0x7665696E, 0x66657269, 0x6F720B73,
0x6978696E, 0x66657269, 0x6F720D73, 0x6576656E, 0x696E6665, 0x72696F72, 0x0D656967, 0x6874696E, 0x66657269, 0x6F720C6E, 0x696E6569, 0x6E666572,
0x696F7209, 0x61666969, 0x36313238, 0x39096573, 0x74696D61, 0x74656408, 0x6F6E6574, 0x68697264, 0x0974776F, 0x74686972, 0x6473096F, 0x6E656569,
0x67687468, 0x0C746872, 0x65656569, 0x67687468, 0x730B6669, 0x76656569, 0x67687468, 0x730C7365, 0x76656E65, 0x69676874, 0x6873086F, 0x6E656669,
0x66746809, 0x74776F66, 0x69667468, 0x730B7468, 0x72656566, 0x69667468, 0x730A666F, 0x75726669, 0x66746873, 0x086F6E65, 0x73697874, 0x680A6669,
0x76657369, 0x78746873, 0x0A6F6E65, 0x73657665, 0x6E74680B, 0x74776F73, 0x6576656E, 0x7468730D, 0x74687265, 0x65736576, 0x656E7468, 0x730C666F,
0x75727365, 0x76656E74, 0x68730C66, 0x69766573, 0x6576656E, 0x7468730B, 0x73697873, 0x6576656E, 0x74687308, 0x6F6E656E, 0x696E7468, 0x0974776F,
0x6E696E74, 0x68730A66, 0x6F75726E, 0x696E7468, 0x730A6669, 0x76656E69, 0x6E746873, 0x0B736576, 0x656E6E69, 0x6E746873, 0x0B656967, 0x68746E69,
0x6E746873, 0x07756E69, 0x32313236, 0x07756E69, 0x32323135, 0x07756E69, 0x32323139, 0x03665F69, 0x03665F6C, 0x097A6572, 0x6F2E7375, 0x7073086F,
0x6E652E73, 0x75707308, 0x74776F2E, 0x73757073, 0x0A746872, 0x65652E73, 0x75707309, 0x666F7572, 0x2E737570, 0x73096669, 0x76652E73, 0x75707308,
0x7369782E, 0x73757073, 0x0A736576, 0x656E2E73, 0x7570730A, 0x65696768, 0x742E7375, 0x7073096E, 0x696E652E, 0x73757073, 0x097A6572, 0x6F2E7369,
0x6E66086F, 0x6E652E73, 0x696E6608, 0x74776F2E, 0x73696E66, 0x0A746872, 0x65652E73, 0x696E6609, 0x666F7572, 0x2E73696E, 0x66096669, 0x76652E73,
0x696E6608, 0x7369782E, 0x73696E66, 0x0A736576, 0x656E2E73, 0x696E660A, 0x65696768, 0x742E7369, 0x6E66096E, 0x696E652E, 0x73696E66, 0x09636172,
0x6F6E2E61, 0x6C740B63, 0x6F6D6D61, 0x61636365, 0x6E740E72, 0x6576636F, 0x6D6D6161, 0x6363656E, 0x740F6361, 0x726F6E2E, 0x616C742E, 0x73686F72,
0x74095061, 0x72656E6C, 0x6566740A, 0x50617265, 0x6E726967, 0x68740648, 0x79706865, 0x6E05536C, 0x61736802, 0x41740B42, 0x7261636B, 0x65746C65,
0x66740942, 0x61636B73, 0x6C617368, 0x0C427261, 0x636B6574, 0x72696768, 0x74094272, 0x6163656C, 0x6566740A, 0x42726163, 0x65726967, 0x68740D47,
0x75696C73, 0x696E676C, 0x6C656674, 0x0642756C, 0x6C657406, 0x456E6461, 0x73680645, 0x6D646173, 0x680E4775, 0x696C7369, 0x6E676C72, 0x69676874,
0x0A457863, 0x6C616D64, 0x6F776E0D, 0x4775696C, 0x6C656D6F, 0x746C6566, 0x740E4775, 0x696C6C65, 0x6D6F7472, 0x69676874, 0x0C517565, 0x7374696F,
0x6E646F77, 0x6E07756E, 0x69303138, 0x3007756E, 0x69303138, 0x3107756E, 0x69303138, 0x3207756E, 0x69303138, 0x3307756E, 0x69303138, 0x3407756E,
0x69303138, 0x3507756E, 0x69303138, 0x3607756E, 0x69303138, 0x3707756E, 0x69303138, 0x3807756E, 0x69303138, 0x3907756E, 0x69303138, 0x4107756E,
0x69303138, 0x4207756E, 0x69303138, 0x4307756E, 0x69303138, 0x4407756E, 0x69303138, 0x4507756E, 0x69303138, 0x4607756E, 0x69303139, 0x3007756E,
0x69303139, 0x3107756E, 0x69303139, 0x3307756E, 0x69303139, 0x3407756E, 0x69303139, 0x3507756E, 0x69303139, 0x3607756E, 0x69303139, 0x3707756E,
0x69303139, 0x3807756E, 0x69303139, 0x3907756E, 0x69303139, 0x4107756E, 0x69303139, 0x4207756E, 0x69303139, 0x4307756E, 0x69303139, 0x4407756E,
0x69303139, 0x4507756E, 0x69303139, 0x46054F68, 0x6F726E05, 0x6F686F72, 0x6E07756E, 0x69303141, 0x3207756E, 0x69303141, 0x3307756E, 0x69303141,
0x3407756E, 0x69303141, 0x3507756E, 0x69303141, 0x3607756E, 0x69303141, 0x3707756E, 0x69303141, 0x3807756E, 0x69303141, 0x3907756E, 0x69303141,
0x4107756E, 0x69303141, 0x4207756E, 0x69303141, 0x4307756E, 0x69303141, 0x4407756E, 0x69303141, 0x45055568, 0x6F726E05, 0x75686F72, 0x6E07756E,
0x69303142, 0x3107756E, 0x69303142, 0x3207756E, 0x69303142, 0x3307756E, 0x69303142, 0x3407756E, 0x69303142, 0x3507756E, 0x69303142, 0x3607756E,
0x69303142, 0x3707756E, 0x69303142, 0x3807756E, 0x69303142, 0x3907756E, 0x69303142, 0x4107756E, 0x69303142, 0x4207756E, 0x69303142, 0x4307756E,
0x69303142, 0x4407756E, 0x69303142, 0x4507756E, 0x69303142, 0x4607756E, 0x69303143, 0x3007756E, 0x69303143, 0x3107756E, 0x69303143, 0x3207756E,
0x69303143, 0x3307756E, 0x69303143, 0x3407756E, 0x69303143, 0x3507756E, 0x69303143, 0x3607756E, 0x69303143, 0x3707756E, 0x69303143, 0x3807756E,
0x69303143, 0x3907756E, 0x69303143, 0x4107756E, 0x69303143, 0x4207756E, 0x69303143, 0x4307756E, 0x69303143, 0x4407756E, 0x69303143, 0x4507756E,
0x69303143, 0x4607756E, 0x69303144, 0x3007756E, 0x69303144, 0x3107756E, 0x69303144, 0x3207756E, 0x69303144, 0x3307756E, 0x69303144, 0x3407756E,
0x69303144, 0x3507756E, 0x69303144, 0x3607756E, 0x69303144, 0x3707756E, 0x69303144, 0x3807756E, 0x69303144, 0x3907756E, 0x69303144, 0x4107756E,
0x69303144, 0x4207756E, 0x69303144, 0x4307756E, 0x69303144, 0x4407756E, 0x69303144, 0x4507756E, 0x69303144, 0x4607756E, 0x69303145, 0x3007756E,
0x69303145, 0x3107756E, 0x69303145, 0x3207756E, 0x69303145, 0x3307756E, 0x69303145, 0x3407756E, 0x69303145, 0x35064763, 0x61726F6E, 0x06676361,
0x726F6E07, 0x756E6930, 0x31453807, 0x756E6930, 0x31453907, 0x756E6930, 0x31454107, 0x756E6930, 0x31454207, 0x756E6930, 0x31454307, 0x756E6930,
0x31454407, 0x756E6930, 0x31454507, 0x756E6930, 0x31454607, 0x756E6930, 0x31463007, 0x756E6930, 0x31463107, 0x756E6930, 0x31463207, 0x756E6930,
0x31463307, 0x756E6930, 0x31463407, 0x756E6930, 0x31463507, 0x756E6930, 0x31463607, 0x756E6930, 0x31463707, 0x756E6930, 0x31463807, 0x756E6930,
0x3146390A, 0x4172696E, 0x67616375, 0x74650A61, 0x72696E67, 0x61637574, 0x65074145, 0x61637574, 0x65076165, 0x61637574, 0x650B4F73, 0x6C617368,
0x61637574, 0x650B6F73, 0x6C617368, 0x61637574, 0x6507756E, 0x69303230, 0x3007756E, 0x69303230, 0x3107756E, 0x69303230, 0x3207756E, 0x69303230,
0x3307756E, 0x69303230, 0x3407756E, 0x69303230, 0x3507756E, 0x69303230, 0x3607756E, 0x69303230, 0x3707756E, 0x69303230, 0x3807756E, 0x69303230,
0x3907756E, 0x69303230, 0x4107756E, 0x69303230, 0x4207756E, 0x69303230, 0x4307756E, 0x69303230, 0x4407756E, 0x69303230, 0x4507756E, 0x69303230,
0x4607756E, 0x69303231, 0x3007756E, 0x69303231, 0x3107756E, 0x69303231, 0x3207756E, 0x69303231, 0x3307756E, 0x69303231, 0x3407756E, 0x69303231,
0x3507756E, 0x69303231, 0x3607756E, 0x69303231, 0x3707756E, 0x69303231, 0x4307756E, 0x69303231, 0x4407756E, 0x69303231, 0x4507756E, 0x69303231,
0x4607756E, 0x69303232, 0x3007756E, 0x69303232, 0x3107756E, 0x69303232, 0x3207756E, 0x69303232, 0x3307756E, 0x69303232, 0x3407756E, 0x69303232,
0x3507756E, 0x69303232, 0x3607756E, 0x69303232, 0x3707756E, 0x69303232, 0x3807756E, 0x69303232, 0x3907756E, 0x69303232, 0x4107756E, 0x69303232,
0x4207756E, 0x69303232, 0x4307756E, 0x69303232, 0x4407756E, 0x69303232, 0x4507756E, 0x69303232, 0x4607756E, 0x69303233, 0x3007756E, 0x69303233,
0x3107756E, 0x69303233, 0x3207756E, 0x69303233, 0x3307756E, 0x69303233, 0x3407756E, 0x69303233, 0x3507756E, 0x69303233, 0x3607756E, 0x69303233,
0x3807756E, 0x69303233, 0x3907756E, 0x69303233, 0x4107756E, 0x69303233, 0x4207756E, 0x69303233, 0x4307756E, 0x69303233, 0x4407756E, 0x69303233,
0x4507756E, 0x69303233, 0x4607756E, 0x69303234, 0x3007756E, 0x69303234, 0x3107756E, 0x69303234, 0x3207756E, 0x69303234, 0x3307756E, 0x69303234,
0x3407756E, 0x69303234, 0x3507756E, 0x69303234, 0x3607756E, 0x69303234, 0x3707756E, 0x69303234, 0x3807756E, 0x69303234, 0x3907756E, 0x69303234,
0x4107756E, 0x69303234, 0x4207756E, 0x69303234, 0x4307756E, 0x69303234, 0x4407756E, 0x69303234, 0x4507756E, 0x69303234, 0x4607756E, 0x69303239,
0x320E6272, 0x6576655F, 0x696E7665, 0x72746564, 0x0C646F75, 0x626C655F, 0x67726176, 0x650A7269, 0x6E675F61, 0x63757465, 0x0F646965, 0x72657369,
0x735F6D61, 0x63726F6E, 0x0A646F74, 0x5F6D6163, 0x726F6E0E, 0x64696572, 0x65736973, 0x5F677261, 0x76650E64, 0x69657265, 0x7369735F, 0x61637574,
0x650E6469, 0x65726573, 0x69735F62, 0x72657665, 0x0C74696C, 0x64655F6D, 0x6163726F, 0x6E07756E, 0x69303430, 0x30096166, 0x69693130, 0x30323309,
0x61666969, 0x31303035, 0x31096166, 0x69693130, 0x30353209, 0x61666969, 0x31303035, 0x33096166, 0x69693130, 0x30353409, 0x61666969, 0x31303035,
0x35096166, 0x69693130, 0x30353609, 0x61666969, 0x31303035, 0x37096166, 0x69693130, 0x30353809, 0x61666969, 0x31303035, 0x39096166, 0x69693130,
0x30363009, 0x61666969, 0x31303036, 0x3107756E, 0x69303430, 0x44096166, 0x69693130, 0x30363209, 0x61666969, 0x31303134, 0x35096166, 0x69693130,
0x30313709, 0x61666969, 0x31303031, 0x38096166, 0x69693130, 0x30313909, 0x61666969, 0x31303032, 0x30096166, 0x69693130, 0x30323109, 0x61666969,
0x31303032, 0x32096166, 0x69693130, 0x30323409, 0x61666969, 0x31303032, 0x35096166, 0x69693130, 0x30323609, 0x61666969, 0x31303032, 0x37096166,
0x69693130, 0x30323809, 0x61666969, 0x31303032, 0x39096166, 0x69693130, 0x30333009, 0x61666969, 0x31303033, 0x31096166, 0x69693130, 0x30333209,
0x61666969, 0x31303033, 0x33096166, 0x69693130, 0x30333409, 0x61666969, 0x31303033, 0x35096166, 0x69693130, 0x30333609, 0x61666969, 0x31303033,
0x37096166, 0x69693130, 0x30333809, 0x61666969, 0x31303033, 0x39096166, 0x69693130, 0x30343009, 0x61666969, 0x31303034, 0x31096166, 0x69693130,
0x30343209, 0x61666969, 0x31303034, 0x33096166, 0x69693130, 0x30343409, 0x61666969, 0x31303034, 0x35096166, 0x69693130, 0x30343609, 0x61666969,
0x31303034, 0x37096166, 0x69693130, 0x30343809, 0x61666969, 0x31303034, 0x39096166, 0x69693130, 0x30363509, 0x61666969, 0x31303036, 0x36096166,
0x69693130, 0x30363709, 0x61666969, 0x31303036, 0x38096166, 0x69693130, 0x30363909, 0x61666969, 0x31303037, 0x30096166, 0x69693130, 0x30373209,
0x61666969, 0x31303037, 0x33096166, 0x69693130, 0x30373409, 0x61666969, 0x31303037, 0x35096166, 0x69693130, 0x30373609, 0x61666969, 0x31303037,
0x37096166, 0x69693130, 0x30373809, 0x61666969, 0x31303037, 0x39096166, 0x69693130, 0x30383009, 0x61666969, 0x31303038, 0x31096166, 0x69693130,
0x30383209, 0x61666969, 0x31303038, 0x33096166, 0x69693130, 0x30383409, 0x61666969, 0x31303038, 0x35096166, 0x69693130, 0x30383609, 0x61666969,
0x31303038, 0x37096166, 0x69693130, 0x30383809, 0x61666969, 0x31303038, 0x39096166, 0x69693130, 0x30393009, 0x61666969, 0x31303039, 0x31096166,
0x69693130, 0x30393209, 0x61666969, 0x31303039, 0x33096166, 0x69693130, 0x30393409, 0x61666969, 0x31303039, 0x35096166, 0x69693130, 0x30393609,
0x61666969, 0x31303039, 0x3707756E, 0x69303435, 0x30096166, 0x69693130, 0x30373109, 0x61666969, 0x31303039, 0x39096166, 0x69693130, 0x31303009,
0x61666969, 0x31303130, 0x31096166, 0x69693130, 0x31303209, 0x61666969, 0x31303130, 0x33096166, 0x69693130, 0x31303409, 0x61666969, 0x31303130,
0x35096166, 0x69693130, 0x31303609, 0x61666969, 0x31303130, 0x37096166, 0x69693130, 0x31303809, 0x61666969, 0x31303130, 0x3907756E, 0x69303435,
0x44096166, 0x69693130, 0x31313009, 0x61666969, 0x31303139, 0x330E6166, 0x69693130, 0x3036362E, 0x6C6F636C, 0x07756E69, 0x30343632, 0x07756E69,
0x30343633, 0x07756E69, 0x30343732, 0x07756E69, 0x30343733, 0x07756E69, 0x30343734, 0x07756E69, 0x30343735, 0x07756E69, 0x30343841, 0x07756E69,
0x30343842, 0x07756E69, 0x30343843, 0x07756E69, 0x30343844, 0x07756E69, 0x30343845, 0x07756E69, 0x30343846, 0x09616669, 0x69313030, 0x35300961,
0x66696931, 0x30303938, 0x07756E69, 0x30343932, 0x07756E69, 0x30343933, 0x07756E69, 0x30343934, 0x07756E69, 0x30343935, 0x07756E69, 0x30343936,
0x07756E69, 0x30343937, 0x07756E69, 0x30343938, 0x07756E69, 0x30343939, 0x07756E69, 0x30343941, 0x07756E69, 0x30343942, 0x07756E69, 0x30343943,
0x07756E69, 0x30343944, 0x07756E69, 0x30343945, 0x07756E69, 0x30343946, 0x07756E69, 0x30344130, 0x07756E69, 0x30344131, 0x07756E69, 0x30344132,
0x07756E69, 0x30344133, 0x07756E69, 0x30344134, 0x07756E69, 0x30344135, 0x07756E69, 0x30344136, 0x07756E69, 0x30344137, 0x07756E69, 0x30344138,
0x07756E69, 0x30344139, 0x07756E69, 0x30344141, 0x07756E69, 0x30344142, 0x07756E69, 0x30344143, 0x07756E69, 0x30344144, 0x07756E69, 0x30344145,
0x07756E69, 0x30344146, 0x07756E69, 0x30344230, 0x07756E69, 0x30344231, 0x07756E69, 0x30344232, 0x07756E69, 0x30344233, 0x07756E69, 0x30344234,
0x07756E69, 0x30344235, 0x07756E69, 0x30344236, 0x07756E69, 0x30344237, 0x07756E69, 0x30344238, 0x07756E69, 0x30344239, 0x07756E69, 0x30344241,
0x07756E69, 0x30344242, 0x07756E69, 0x30344243, 0x07756E69, 0x30344244, 0x07756E69, 0x30344245, 0x07756E69, 0x30344246, 0x07756E69, 0x30344330,
0x07756E69, 0x30344331, 0x07756E69, 0x30344332, 0x07756E69, 0x30344333, 0x07756E69, 0x30344334, 0x07756E69, 0x30344335, 0x07756E69, 0x30344336,
0x07756E69, 0x30344337, 0x07756E69, 0x30344338, 0x07756E69, 0x30344339, 0x07756E69, 0x30344341, 0x07756E69, 0x30344342, 0x07756E69, 0x30344343,
0x07756E69, 0x30344344, 0x07756E69, 0x30344345, 0x07756E69, 0x30344346, 0x07756E69, 0x30344430, 0x07756E69, 0x30344431, 0x07756E69, 0x30344432,
0x07756E69, 0x30344433, 0x07756E69, 0x30344434, 0x07756E69, 0x30344435, 0x07756E69, 0x30344436, 0x07756E69, 0x30344437, 0x07756E69, 0x30344438,
0x07756E69, 0x30344439, 0x07756E69, 0x30344441, 0x07756E69, 0x30344442, 0x07756E69, 0x30344443, 0x07756E69, 0x30344444, 0x07756E69, 0x30344445,
0x07756E69, 0x30344446, 0x07756E69, 0x30344530, 0x07756E69, 0x30344531, 0x07756E69, 0x30344532, 0x07756E69, 0x30344533, 0x07756E69, 0x30344534,
0x07756E69, 0x30344535, 0x07756E69, 0x30344536, 0x07756E69, 0x30344537, 0x07756E69, 0x30344538, 0x07756E69, 0x30344539, 0x07756E69, 0x30344541,
0x07756E69, 0x30344542, 0x07756E69, 0x30344543, 0x07756E69, 0x30344544, 0x07756E69, 0x30344545, 0x07756E69, 0x30344546, 0x07756E69, 0x30344630,
0x07756E69, 0x30344631, 0x07756E69, 0x30344632, 0x07756E69, 0x30344633, 0x07756E69, 0x30344634, 0x07756E69, 0x30344635, 0x07756E69, 0x30344636,
0x07756E69, 0x30344637, 0x07756E69, 0x30344638, 0x07756E69, 0x30344639, 0x09616669, 0x69363133, 0x35320961, 0x66696930, 0x30323038, 0x07756E69,
0x32304234, 0x07756E69, 0x32304145, 0x066B7261, 0x746B6105, 0x416C7068, 0x61044265, 0x74610547, 0x616D6D61, 0x07756E69, 0x30333934, 0x07457073,
0x696C6F6E, 0x045A6574, 0x61034574, 0x61055468, 0x65746104, 0x496F7461, 0x054B6170, 0x7061064C, 0x616D6264, 0x61024D75, 0x024E7502, 0x5869074F,
0x6D696372, 0x6F6E0250, 0x69035268, 0x6F055369, 0x676D6103, 0x54617507, 0x55707369, 0x6C6F6E03, 0x50686903, 0x43686903, 0x50736905, 0x616C7068,
0x61046265, 0x74610567, 0x616D6D61, 0x0564656C, 0x74610765, 0x7073696C, 0x6F6E047A, 0x65746103, 0x65746105, 0x74686574, 0x6104696F, 0x7461056B,
0x61707061, 0x066C616D, 0x62646107, 0x756E6930, 0x33424302, 0x6E750278, 0x69076F6D, 0x6963726F, 0x6E037268, 0x6F067369, 0x676D6131, 0x05736967,
0x6D610374, 0x61750775, 0x7073696C, 0x6F6E0370, 0x68690363, 0x68690370, 0x7369056F, 0x6D656761, 0x0A416C70, 0x6861746F, 0x6E6F730C, 0x45707369,
0x6C6F6E74, 0x6F6E6F73, 0x08457461, 0x746F6E6F, 0x7309496F, 0x7461746F, 0x6E6F730C, 0x496F7461, 0x64696572, 0x65736973, 0x0C4F6D69, 0x63726F6E,
0x746F6E6F, 0x730C5570, 0x73696C6F, 0x6E746F6E, 0x6F730F55, 0x7073696C, 0x6F6E6469, 0x65726573, 0x69730A4F, 0x6D656761, 0x746F6E6F, 0x730A616C,
0x70686174, 0x6F6E6F73, 0x0C657073, 0x696C6F6E, 0x746F6E6F, 0x73086574, 0x61746F6E, 0x6F730969, 0x6F746174, 0x6F6E6F73, 0x0C696F74, 0x61646965,
0x72657369, 0x7311696F, 0x74616469, 0x65726573, 0x6973746F, 0x6E6F730C, 0x6F6D6963, 0x726F6E74, 0x6F6E6F73, 0x0F757073, 0x696C6F6E, 0x64696572,
0x65736973, 0x0C757073, 0x696C6F6E, 0x746F6E6F, 0x73147570, 0x73696C6F, 0x6E646965, 0x72657369, 0x73746F6E, 0x6F730A6F, 0x6D656761, 0x746F6E6F,
0x7305746F, 0x6E6F7309, 0x746F6E6F, 0x732E6361, 0x700D6469, 0x65726573, 0x6973746F, 0x6E6F7307, 0x756E6931, 0x46303007, 0x756E6931, 0x46303107,
0x756E6931, 0x46303207, 0x756E6931, 0x46303307, 0x756E6931, 0x46303407, 0x756E6931, 0x46303507, 0x756E6931, 0x46303607, 0x756E6931, 0x46303707,
0x756E6931, 0x46303807, 0x756E6931, 0x46303907, 0x756E6931, 0x46304107, 0x756E6931, 0x46304207, 0x756E6931, 0x46304307, 0x756E6931, 0x46304407,
0x756E6931, 0x46304507, 0x756E6931, 0x46304607, 0x756E6931, 0x46313007, 0x756E6931, 0x46313107, 0x756E6931, 0x46313207, 0x756E6931, 0x46313307,
0x756E6931, 0x46313407, 0x756E6931, 0x46313507, 0x756E6931, 0x46313807, 0x756E6931, 0x46313907, 0x756E6931, 0x46314107, 0x756E6931, 0x46314207,
0x756E6931, 0x46314307, 0x756E6931, 0x46314407, 0x756E6931, 0x46323007, 0x756E6931, 0x46323107, 0x756E6931, 0x46323207, 0x756E6931, 0x46323307,
0x756E6931, 0x46323407, 0x756E6931, 0x46323507, 0x756E6931, 0x46323607, 0x756E6931, 0x46323707, 0x756E6931, 0x46323807, 0x756E6931, 0x46323907,
0x756E6931, 0x46324107, 0x756E6931, 0x46324207, 0x756E6931, 0x46324307, 0x756E6931, 0x46324407, 0x756E6931, 0x46324507, 0x756E6931, 0x46324607,
0x756E6931, 0x46333007, 0x756E6931, 0x46333107, 0x756E6931, 0x46333207, 0x756E6931, 0x46333307, 0x756E6931, 0x46333407, 0x756E6931, 0x46333507,
0x756E6931, 0x46333607, 0x756E6931, 0x46333707, 0x756E6931, 0x46333807, 0x756E6931, 0x46333907, 0x756E6931, 0x46334107, 0x756E6931, 0x46334207,
0x756E6931, 0x46334307, 0x756E6931, 0x46334407, 0x756E6931, 0x46334507, 0x756E6931, 0x46334607, 0x756E6931, 0x46343007, 0x756E6931, 0x46343107,
0x756E6931, 0x46343207, 0x756E6931, 0x46343307, 0x756E6931, 0x46343407, 0x756E6931, 0x46343507, 0x756E6931, 0x46343807, 0x756E6931, 0x46343907,
0x756E6931, 0x46344107, 0x756E6931, 0x46344207, 0x756E6931, 0x46344307, 0x756E6931, 0x46344407, 0x756E6931, 0x46353007, 0x756E6931, 0x46353107,
0x756E6931, 0x46353207, 0x756E6931, 0x46353307, 0x756E6931, 0x46353407, 0x756E6931, 0x46353507, 0x756E6931, 0x46353607, 0x756E6931, 0x46353707,
0x756E6931, 0x46353907, 0x756E6931, 0x46354207, 0x756E6931, 0x46354407, 0x756E6931, 0x46354607, 0x756E6931, 0x46363007, 0x756E6931, 0x46363107,
0x756E6931, 0x46363207, 0x756E6931, 0x46363307, 0x756E6931, 0x46363407, 0x756E6931, 0x46363507, 0x756E6931, 0x46363607, 0x756E6931, 0x46363707,
0x756E6931, 0x46363807, 0x756E6931, 0x46363907, 0x756E6931, 0x46364107, 0x756E6931, 0x46364207, 0x756E6931, 0x46364307, 0x756E6931, 0x46364407,
0x756E6931, 0x46364507, 0x756E6931, 0x46364607, 0x756E6931, 0x46373007, 0x756E6931, 0x46373107, 0x756E6931, 0x46373207, 0x756E6931, 0x46373307,
0x756E6931, 0x46373407, 0x756E6931, 0x46373507, 0x756E6931, 0x46373607, 0x756E6931, 0x46373707, 0x756E6931, 0x46373807, 0x756E6931, 0x46373907,
0x756E6931, 0x46374107, 0x756E6931, 0x46374207, 0x756E6931, 0x46374307, 0x756E6931, 0x46374407, 0x756E6931, 0x46383007, 0x756E6931, 0x46383107,
0x756E6931, 0x46383207, 0x756E6931, 0x46383307, 0x756E6931, 0x46383407, 0x756E6931, 0x46383507, 0x756E6931, 0x46383607, 0x756E6931, 0x46383707,
0x756E6931, 0x46383807, 0x756E6931, 0x46383907, 0x756E6931, 0x46384107, 0x756E6931, 0x46384207, 0x756E6931, 0x46384307, 0x756E6931, 0x46384407,
0x756E6931, 0x46384507, 0x756E6931, 0x46384607, 0x756E6931, 0x46393007, 0x756E6931, 0x46393107, 0x756E6931, 0x46393207, 0x756E6931, 0x46393307,
0x756E6931, 0x46393407, 0x756E6931, 0x46393507, 0x756E6931, 0x46393607, 0x756E6931, 0x46393707, 0x756E6931, 0x46393807, 0x756E6931, 0x46393907,
0x756E6931, 0x46394107, 0x756E6931, 0x46394207, 0x756E6931, 0x46394307, 0x756E6931, 0x46394407, 0x756E6931, 0x46394507, 0x756E6931, 0x46394607,
0x756E6931, 0x46413007, 0x756E6931, 0x46413107, 0x756E6931, 0x46413207, 0x756E6931, 0x46413307, 0x756E6931, 0x46413407, 0x756E6931, 0x46413507,
0x756E6931, 0x46413607, 0x756E6931, 0x46413707, 0x756E6931, 0x46413807, 0x756E6931, 0x46413907, 0x756E6931, 0x46414107, 0x756E6931, 0x46414207,
0x756E6931, 0x46414307, 0x756E6931, 0x46414407, 0x756E6931, 0x46414507, 0x756E6931, 0x46414607, 0x756E6931, 0x46423007, 0x756E6931, 0x46423107,
0x756E6931, 0x46423207, 0x756E6931, 0x46423307, 0x756E6931, 0x46423407, 0x756E6931, 0x46423607, 0x756E6931, 0x46423707, 0x756E6931, 0x46423807,
0x756E6931, 0x46423907, 0x756E6931, 0x46424107, 0x756E6931, 0x46424207, 0x756E6931, 0x46424307, 0x756E6931, 0x46424407, 0x756E6931, 0x46424507,
0x756E6931, 0x46424607, 0x756E6931, 0x46433007, 0x756E6931, 0x46433107, 0x756E6931, 0x46433207, 0x756E6931, 0x46433307, 0x756E6931, 0x46433407,
0x756E6931, 0x46433607, 0x756E6931, 0x46433707, 0x756E6931, 0x46433807, 0x756E6931, 0x46433907, 0x756E6931, 0x46434107, 0x756E6931, 0x46434207,
0x756E6931, 0x46434307, 0x756E6931, 0x46434407, 0x756E6931, 0x46434507, 0x756E6931, 0x46434607, 0x756E6931, 0x46443007, 0x756E6931, 0x46443107,
0x756E6931, 0x46443207, 0x756E6931, 0x46443307, 0x756E6931, 0x46443607, 0x756E6931, 0x46443707, 0x756E6931, 0x46443807, 0x756E6931, 0x46443907,
0x756E6931, 0x46444107, 0x756E6931, 0x46444207, 0x756E6931, 0x46444407, 0x756E6931, 0x46444507, 0x756E6931, 0x46444607, 0x756E6931, 0x46453007,
0x756E6931, 0x46453107, 0x756E6931, 0x46453207, 0x756E6931, 0x46453307, 0x756E6931, 0x46453407, 0x756E6931, 0x46453507, 0x756E6931, 0x46453607,
0x756E6931, 0x46453707, 0x756E6931, 0x46453807, 0x756E6931, 0x46453907, 0x756E6931, 0x46454107, 0x756E6931, 0x46454207, 0x756E6931, 0x46454307,
0x756E6931, 0x46454407, 0x756E6931, 0x46454507, 0x756E6931, 0x46454607, 0x756E6931, 0x46463207, 0x756E6931, 0x46463307, 0x756E6931, 0x46463407,
0x756E6931, 0x46463607, 0x756E6931, 0x46463707, 0x756E6931, 0x46463807, 0x756E6931, 0x46463907, 0x756E6931, 0x46464107, 0x756E6931, 0x46464207,
0x756E6931, 0x46464307, 0x756E6931, 0x46464407, 0x756E6931, 0x4646450B, 0x756E6931, 0x4638382E, 0x616C740B, 0x756E6931, 0x4638392E, 0x616C740B,
0x756E6931, 0x4638412E, 0x616C740B, 0x756E6931, 0x4638422E, 0x616C740B, 0x756E6931, 0x4638432E, 0x616C740B, 0x756E6931, 0x4638442E, 0x616C740B,
0x756E6931, 0x4638452E, 0x616C740B, 0x756E6931, 0x4638462E, 0x616C740B, 0x756E6931, 0x4639382E, 0x616C740B, 0x756E6931, 0x4639392E, 0x616C740B,
0x756E6931, 0x4639412E, 0x616C740B, 0x756E6931, 0x4639422E, 0x616C740B, 0x756E6931, 0x4639432E, 0x616C740B, 0x756E6931, 0x4639442E, 0x616C740B,
0x756E6931, 0x4639452E, 0x616C740B, 0x756E6931, 0x4639462E, 0x616C740B, 0x756E6931, 0x4641382E, 0x616C740B, 0x756E6931, 0x4641392E, 0x616C740B,
0x756E6931, 0x4641412E, 0x616C740B, 0x756E6931, 0x4641422E, 0x616C740B, 0x756E6931, 0x4641432E, 0x616C740B, 0x756E6931, 0x4641442E, 0x616C740B,
0x756E6931, 0x4641452E, 0x616C740B, 0x756E6931, 0x4641462E, 0x616C740B, 0x756E6931, 0x4642432E, 0x616C740B, 0x756E6931, 0x4643432E, 0x616C740B,
0x756E6931, 0x4646432E, 0x616C7407, 0x756E6932, 0x30423907, 0x756E6945, 0x30464607, 0x756E6946, 0x30303007, 0x756E6946, 0x46464407, 0x756E6945,
0x46464408, 0x53463034, 0x30303030, 0x08534630, 0x32303030, 0x30085346, 0x30313030, 0x30300853, 0x46313130, 0x30303008, 0x53463130, 0x30303030,
0x08534630, 0x39303030, 0x30085346, 0x30363030, 0x30300853, 0x46303730, 0x30303008, 0x53463038, 0x30303030, 0x08534630, 0x35303030, 0x30085346,
0x30333030, 0x30300853, 0x46313930, 0x30303008, 0x53463336, 0x30303030, 0x08534634, 0x35303030, 0x30085346, 0x32383030, 0x30300853, 0x46353030,
0x30303008, 0x53463437, 0x30303030, 0x08534632, 0x32303030, 0x30085346, 0x35313030, 0x30300853, 0x46323430, 0x30303008, 0x53463434, 0x30303030,
0x08534632, 0x33303030, 0x30085346, 0x34323030, 0x30300853, 0x46343030, 0x30303008, 0x53463236, 0x30303030, 0x08534633, 0x38303030, 0x30085346,
0x34313030, 0x30300853, 0x46323530, 0x30303008, 0x53463339, 0x30303030, 0x08534634, 0x33303030, 0x30085346, 0x32303030, 0x30300853, 0x46333730,
0x30303008, 0x53463436, 0x30303030, 0x08534632, 0x37303030, 0x30085346, 0x34393030, 0x30300853, 0x46343830, 0x30303008, 0x53463231, 0x30303030,
0x08534635, 0x32303030, 0x3005626C, 0x6F636B07, 0x6C747368, 0x61646505, 0x73686164, 0x6507646B, 0x73686164, 0x65085346, 0x35333030, 0x30300853,
0x46353430, 0x30303000, 0x00020032, 0x000001C2, 0x02EE0003, 0x00070032, 0x40210003, 0x30034003, 0x03038204, 0x07821000, 0x20003000, 0x60007000,
0x05000806, 0x8101B807, 0x81000800, 0x3FED3FED, 0x0110D65D, 0xFDD6ED5D, 0x31303311, 0x21112711, 0x21113201, 0x9032FED4, 0x02EEFD12, 0x32028AFD,
0x76000200, 0xA7FFF401, 0x4D026B00, 0x0D001900, 0x1D400E0E, 0x7114006F, 0x0B1A0617, 0x7511100C, 0x02003F3F, 0xFDCE0110, 0xD6EDD4ED, 0x31300114,
0x0E020723, 0x2E033535, 0x33131406, 0x23222635, 0x34363332, 0x16014103, 0x05070466, 0x05070603, 0x8E0C3320, 0x20333320, 0x203301C7, 0x24393534,
0x20203534, 0x3924A4FD, 0xDC272C2C, 0x27262C2C, 0x00020057, 0x018E019F, 0x02A7000D, 0x001B0036, 0x4011016E, 0x0D0F6E40, 0x1B010290, 0x1BA01BB0,
0x1B031BB8, 0xFFC0400C, 0x090F481B, 0x1C1B150E, 0xA0060DA0, 0x003FC53F, 0xC52F0110, 0xD62B5D5F, 0x71FDDEED, 0x31300115, 0x140E0207, 0x232E0335,
0x35231514, 0x0E020723, 0x2E033535, 0x019F0509, 0x0A054805, 0x0A090642, 0x05090B05, 0x47050A09, 0x0602A731, 0x193B3E3C, 0x1A1A3C3E, 0x3C193031,
0x193B3E3C, 0x1A1A3C3E, 0x3C193000, 0x02001200, 0x0001E302, 0x6B001B00, 0x1F016AB9, 0x001FFFC0, 0xB310004D, 0x1CB8FFC0, 0xB70F1000, 0x4C4F1701,
0x15B8FFC0, 0xB309004D, 0x14B8FFC0, 0xB4090A00, 0x4C13B8FF, 0xC0B30F00, 0x4D13B8FF, 0xC0B7090A, 0x004C7013, 0x0112B8FF, 0x80B31000, 0x4D12B8FF,
0xC0B30900, 0x4D11B8FF, 0xF8400910, 0x004D1140, 0x0F004D11, 0xB8FFC0B3, 0x09004D10, 0xB8FFD0B3, 0x10004D10, 0xB8FFC0B7, 0x090A004C, 0x7C10010F,
0xB8FFC0B4, 0x090A004C, 0x0EB8FFC0, 0xB309004D, 0x0DB8FFC0, 0xB60A004D, 0x400C0109, 0xB8FFC0B3, 0x0A004D03, 0xB8FFC0B3, 0x10004D02, 0xB8FFC0B4,
0x0F10004C, 0x0CB8FFC0, 0x40650D00, 0x4D111D1E, 0x04040510, 0x790F0701, 0x0E0B0A07, 0x040F0F01, 0x0F060C10, 0x0801080F, 0x05010579, 0x1F060100,
0x06010621, 0x1A160F03, 0x01001F01, 0x121C1F03, 0x04021379, 0x14027901, 0x19011518, 0x19000401, 0x14201C0B, 0x1872110E, 0x1513080F, 0x08191E1E,
0x0A720407, 0x0303001F, 0x04010406, 0x02010200, 0x3F3FCD5D, 0x32322F32, 0x10ED3211, 0x333F3FDD, 0x3232ED32, 0x320110DE, 0xDD17395D, 0xED10ED11,
0x17395D5D, 0xDEC010D4, 0x5D5DED5D, 0xDE5DC010, 0xDC5D1739, 0x5DED1117, 0x39313000, 0x2B012B2B, 0x2B5D2B2B, 0x2B5D2B2B, 0x2B2B2B2B, 0x2B5D2B2B,
0x2B2B5D2B, 0x2B133733, 0x07333733, 0x07331523, 0x07331523, 0x07233723, 0x07233723, 0x35333723, 0x35173337, 0x238A1D66, 0x1E501D66, 0x1D3E5215,
0x677A1D66, 0x1D501C66, 0x1D3C4F15, 0x64B55014, 0x4F01D398, 0x98989866, 0x6E669999, 0x9999666E, 0x66D46E00, 0x010022FF, 0x9F01D302, 0xB5003700,
0x3F40211F, 0x0A633039, 0x26631403, 0x381A1A00, 0x61361961, 0x1B0F672B, 0x2B190767, 0x00368723, 0x67191B10, 0x003FDDED, 0x3FDDED11, 0x3910ED01,
0x2FED2FED, 0x322F10D6, 0xD6ED10DE, 0xEDC43130, 0x37262627, 0x37161633, 0x32363534, 0x2E02272E, 0x0335343E, 0x02373533, 0x15161617, 0x07262623,
0x22061514, 0x1E02171E, 0x0315140E, 0x02071523, 0xC13F4D13, 0x26205630, 0x382C1121, 0x301E1D38, 0x2C1B0F21, 0x3627722E, 0x47141C1D, 0x4F2A3025,
0x0D1B261A, 0x2742301B, 0x10253D2E, 0x7209061C, 0x0B620F19, 0x1D1F121A, 0x15110B0A, 0x1A253527, 0x1C342C21, 0x09615C04, 0x1408670C, 0x13221710,
0x15100F09, 0x0F212B3A, 0x271B352D, 0x21076B00, 0x050002FF, 0xF301F202, 0x79000300, 0x0F001B00, 0x27003300, 0xEFB52710, 0x0B004D22, 0xB8FFC0B3,
0x0A004D20, 0xB8FFF0B6, 0x0B004D1F, 0x160108B8, 0xFFE04009, 0x0B004D06, 0x200B004D, 0x1FB8FFC0, 0xB319004D, 0x1FB8FFE0, 0xB318004D, 0x1FB8FFF0,
0x40421700, 0x4D1022A0, 0x22B02203, 0x227C281F, 0x04AF04BF, 0x0403047C, 0x16002801, 0x0F160128, 0x1628161C, 0xAF10BF10, 0x02107C60, 0x0A700A80,
0x0A030A35, 0x020335A0, 0x2EB02E02, 0x2E7C1C34, 0x0001342B, 0xB8FFC040, 0x2C131648, 0x2B7D1F05, 0xAF19BF19, 0xCF190319, 0x7D0D0D70, 0x0701077D,
0x13257D31, 0xC01301B7, 0x1301CF31, 0x01133113, 0x31030200, 0x10003F3F, 0x39392F2F, 0x5D5D5D10, 0xED10ED5D, 0x3FED5D3F, 0xED2B0110, 0xD6CD10D6,
0xED5D10DE, 0xCD10D65D, 0xED5D1239, 0x392F2F5D, 0x5D10ED5D, 0x10ED5D31, 0x30002B2B, 0x2B012B2B, 0x5D2B2B2B, 0x33230133, 0x03343633, 0x32161514,
0x06232226, 0x37342623, 0x22061514, 0x16333236, 0x01343633, 0x32161514, 0x06232226, 0x37342623, 0x22061514, 0x16333236, 0x5B590197, 0x59E93C34,
0x353C3C35, 0x343C9114, 0x0E0E1111, 0x0E0E14FE, 0x703C3336, 0x3C3C3633, 0x3C90140D, 0x0E12120E, 0x0D14026B, 0xFE234C4F, 0x4F4C4C4F, 0x4F4C2A24,
0x242A2A22, 0x22017A4C, 0x4F4F4C4C, 0x50504C2A, 0x23232A2A, 0x22220003, 0x0015FFF8, 0x01E20279, 0x00290035, 0x004100C2, 0xB9003FFF, 0xF8400E0B,
0x004D2540, 0x0A004D22, 0x400D004D, 0x1BB8FFC0, 0xB30B004D, 0x0DB8FFC0, 0x40090D00, 0x4D39400C, 0x004D2EB8, 0xFF80B30B, 0x004D2EB8, 0xFFC0B309,
0x004D2DB8, 0xFFC0401D, 0x090A004C, 0x1D392D0D, 0x040A2643, 0x22227923, 0x433F3C5F, 0x3C023C64, 0x1A007943, 0x36B8FFC0, 0x402D0D00, 0x4D203630,
0x36503603, 0x36642F10, 0x01103F30, 0x4F305F30, 0x0330790A, 0x420D1D2D, 0x392D392D, 0x333F7415, 0x03337405, 0x10001000, 0x3F3FED3F, 0xED123939,
0x2F2F1239, 0x390110D6, 0xED5DD45D, 0xED5D2B10, 0xECD4ED5D, 0x10D2E92F, 0x10C41117, 0x39313000, 0x2B2B2B2B, 0x012B2B2B, 0x2B2B2126, 0x27060623,
0x222E0235, 0x34363726, 0x2635343E, 0x0233321E, 0x02151406, 0x07161617, 0x36371706, 0x06071616, 0x17272626, 0x27060615, 0x14163332, 0x36031416,
0x17363635, 0x34262322, 0x06016D0B, 0x0D224823, 0x2D432D16, 0x3131181F, 0x1C2E391E, 0x1C362A1A, 0x3A3E142C, 0x170E0166, 0x011B1518, 0x260ABE1C,
0x3C1D161B, 0x232A172E, 0x66121020, 0x22191419, 0x1E1D181E, 0x1F1C2F3E, 0x2230571E, 0x21482728, 0x3D281412, 0x23352330, 0x5B201832, 0x1A33460D,
0x38602721, 0x46237D23, 0x42200F2B, 0x1F223212, 0x0177162D, 0x18123B1B, 0x1A1B2200, 0x0100BA01, 0x7C013D02, 0xA7000D00, 0x3DB6006E, 0x520D0101,
0x0DB8FF80, 0x400C1A1D, 0x48000D01, 0xE00DF00D, 0x020DB8FF, 0x80B30E16, 0x480DB8FF, 0xC0B7090D, 0x480D0E07, 0x00A0003F, 0xC50110D6, 0x2B2B5D71,
0x2B5F71ED, 0x31300115, 0x140E0207, 0x232E0335, 0x35013D05, 0x090A0548, 0x050A0906, 0x02A74219, 0x3B3E3D1A, 0x1A3D3E3B, 0x19420001, 0x005EFF56,
0x01A102C6, 0x000D001B, 0x400C0B03, 0x0F007007, 0x0E0B0A8A, 0x0412003F, 0x3FC50110, 0xD6ED10DE, 0xC6313013, 0x14161707, 0x26263534, 0x36371706,
0x06D06D60, 0x39887E82, 0x88396071, 0x010A7BB5, 0x384C4BE0, 0x898AE74B, 0x4C38BC00, 0x010055FF, 0x56019802, 0xC6000D00, 0x1B400C00, 0x70070F0B,
0x030E0A12, 0x03048A00, 0x3FC53F01, 0x10C63210, 0xDEED3130, 0x01342627, 0x37161615, 0x14060727, 0x36360126, 0x71603988, 0x827E8839, 0x606D010A,
0x7CBC384C, 0x4BE78A89, 0xE04B4C38, 0xB5000100, 0x2E00E401, 0xCA026B00, 0x40005940, 0x113C400E, 0x004D3C3A, 0x2E270000, 0x1A342227, 0x1A05B8FF,
0xC040190E, 0x004D0507, 0x131F0D1A, 0x1A41422F, 0x2D12141A, 0x3B06340D, 0x271A2002, 0x003FDDC0, 0xDDC5DDC6, 0x10D5CDD4, 0xCD011112, 0x392FC5C5,
0xDDC6322B, 0x10DDC5C5, 0x12393D2F, 0x1810DDC6, 0x322B3130, 0x130E0307, 0x0727373E, 0x03372222, 0x26262727, 0x37171E03, 0x172E0335, 0x35331514,
0x0E02073E, 0x03373717, 0x070E0222, 0x231E0317, 0x1707272E, 0x03FC030C, 0x0D0F0713, 0x5E130719, 0x1B1C0A0D, 0x2324220B, 0x1E251E0B, 0x1E1E1D0A,
0x040A0906, 0x7406090B, 0x040A1E1F, 0x1E0C1D24, 0x1E0C2224, 0x230D0B1C, 0x1C180713, 0x5E12070F, 0x0E0B0176, 0x0C22221E, 0x0A194319, 0x0A181815,
0x07030604, 0x0A6D0904, 0x11141408, 0x0C212422, 0x0C1F1F0C, 0x2224210C, 0x07141310, 0x040A6F09, 0x04040307, 0x1517180A, 0x1944190A, 0x1E232100,
0x01002800, 0x2601CC01, 0xE7000B00, 0x8FB90008, 0xFFC0B30B, 0x004D07B8, 0xFFC04013, 0x0B004D06, 0x400F004D, 0x05400F00, 0x4D054009, 0x004D04B8,
0xFFC0B30B, 0x004D03B8, 0xFFC0B30B, 0x004D00B8, 0xFFC04034, 0x09004D05, 0x4015004D, 0x04401500, 0x4D200601, 0x06040752, 0x01600001, 0x00400A50,
0x0A800A90, 0x0A040A0A, 0x0D0C0ACF, 0x08010807, 0x55CF0101, 0x0104030A, 0x003FDDC0, 0x5DFDCD5D, 0xC0011112, 0x392F5DCD, 0x5D33FD32, 0xCD5D3130,
0x002B2B01, 0x2B2B2B2B, 0x2B2B2B2B, 0x13333533, 0x15331523, 0x15233523, 0x289D6A9D, 0x9D6A9D01, 0x39AEAE65, 0xAEAE0001, 0x007EFF67, 0x015B00A7,
0x0013001E, 0x400E0E7A, 0x08140500, 0x1400130F, 0x0B7B0507, 0x003FED3F, 0xC50110DE, 0xCE10D6ED, 0x3130173E, 0x03372626, 0x35343633, 0x32161514,
0x0E02077E, 0x1225211A, 0x08262A33, 0x272A2F16, 0x314E3849, 0x04060C16, 0x13043420, 0x27323830, 0x23463C2C, 0x07000100, 0x7100C401, 0x83013D00,
0x030010B5, 0x01030403, 0x01A1003F, 0xC50110D6, 0xCD313013, 0x21152171, 0x0112FEEE, 0x013D7900, 0x0100A1FF, 0xF5015400, 0xA7000F00, 0x5FB9000F,
0xFFE0B30E, 0x004D0FB8, 0xFFE0401F, 0x10134865, 0x0F010A20, 0x0E0F004C, 0x0A201013, 0x4806200E, 0x004D0620, 0x1013486A, 0x060101B8, 0xFFE0B30E,
0x004D01B8, 0xFFE0400F, 0x10134865, 0x01011100, 0x7A08100D, 0x7B030700, 0x3FED0110, 0xD6FDCE31, 0x305D2B2B, 0x5D2B2B2B, 0x2B5D2B2B, 0x25140623,
0x222E0235, 0x343E0233, 0x32160154, 0x36231220, 0x190F0F19, 0x20122336, 0x4F2C2E0C, 0x17211615, 0x21160C2E, 0x0001002F, 0xFF5B01C5, 0x02BB0003,
0x002D4015, 0x02010003, 0x02030076, 0x01021401, 0x02000104, 0x03031001, 0x12003F3F, 0x012F10D2, 0x00C18705, 0x2B1000C1, 0x87057D10, 0xC4313017,
0x230133AF, 0x8001187E, 0xA5036000, 0x030023FF, 0xF301D102, 0x79000B00, 0x17002300, 0x554034EF, 0x1EFF1E02, 0xD11E01C0, 0x1E018F1E, 0x9F1E021E,
0x64181806, 0x000C0C64, 0x00251264, 0x0624B121, 0x01A02101, 0x21401B01, 0x1B1B150F, 0x65090515, 0x65030D00, 0x3FED3FED, 0x12392F5D, 0xCD5D5D01,
0x10D6ED10, 0xDAE92F11, 0x12392FED, 0x5D5D5D5D, 0x31300114, 0x06232226, 0x35343633, 0x32160734, 0x26232206, 0x15141633, 0x32362714, 0x06232226,
0x35343633, 0x321601D1, 0x6E69696E, 0x7067696E, 0x6F353332, 0x36363233, 0x35301F18, 0x1A1E1E1A, 0x181F0137, 0xA4A0A0A4, 0xA2A09FA3, 0x6A6F6F6A,
0x6B6F6F75, 0x1B27271B, 0x1B282800, 0x01003000, 0x0001CB02, 0x6B001000, 0x2F401A0E, 0x400C004D, 0x100A0501, 0x610C0D12, 0x04010503, 0x0A0C6500,
0x650E0C0A, 0x04003F3F, 0xEDED1117, 0x390110DE, 0xDDFDCD33, 0xCE31302B, 0x37110606, 0x07273E03, 0x37331133, 0x152135D5, 0x1C481928, 0x18383832,
0x12547BFE, 0x8866015A, 0x141F0966, 0x091C2226, 0x14FDFB66, 0x66000100, 0x2B000001, 0xCE027900, 0x25002640, 0x13176300, 0x0B271E0A, 0x6310261D,
0x1A672105, 0x0A650C0C, 0x003FED3F, 0xED320110, 0xD6EDC610, 0xDED6ED31, 0x3001140E, 0x02070E03, 0x15211521, 0x26363534, 0x3E043534, 0x26232206,
0x07273636, 0x33321E02, 0x01B21828, 0x321A0D22, 0x1E15010A, 0xFE6C0301, 0x25394139, 0x252E231D, 0x401F3D28, 0x69342646, 0x362001C8, 0x203B3834,
0x180C2123, 0x240F660A, 0x1E063254, 0x473D3834, 0x1B26291C, 0x21562A28, 0x162C4300, 0x010029FF, 0xF301C302, 0x79003000, 0x80B9002D, 0xFFC0B30A,
0x004D2CB8, 0xFFC0B30A, 0x004D2BB8, 0xFFC0B30A, 0x004D11B8, 0xFFC0B30A, 0x004D0CB8, 0xFFC0B30A, 0x004D0BB8, 0xFFC0402A, 0x0A004D1D, 0x200D0F00,
0x4C291763, 0x262C100C, 0x63002C01, 0x2C321E05, 0x311D1A67, 0x2129290F, 0x65121221, 0x05060967, 0x000D003F, 0xED323F39, 0x2FED393D, 0x2F1810ED,
0x320110D6, 0xC610D65D, 0xFDCE10D4, 0xED333130, 0x002B012B, 0x2B2B2B2B, 0x2B17222E, 0x02273716, 0x16333236, 0x35342623, 0x23353332, 0x3E023534,
0x26232206, 0x07273636, 0x33321E02, 0x15140607, 0x16161514, 0x0E02D517, 0x332F280B, 0x18174933, 0x3F334E3C, 0x262E1326, 0x1E132924, 0x2345192C,
0x1B593834, 0x4D32182A, 0x2330351C, 0x3A5A0D07, 0x0A0C0567, 0x0A163628, 0x31276608, 0x121E1722, 0x2717115A, 0x12251A2F, 0x40252544, 0x12144E36,
0x2B48351D, 0x0002001B, 0x000001DB, 0x026B0006, 0x00150030, 0x40170B09, 0x0861150E, 0x06050F16, 0x10060865, 0x0E000B0B, 0x070D0C07, 0x04003F3F,
0x12392F39, 0x33ED3232, 0x0110D632, 0xDD3232FD, 0xCD333130, 0x010E0307, 0x33131133, 0x15231523, 0x3521353E, 0x0337011D, 0x12262522, 0x0D8C7B43,
0x437BFEFE, 0x133C4850, 0x2801D117, 0x34393A1C, 0x0174FE8C, 0x6592925A, 0x27636865, 0x28000100, 0x23FFF301, 0xBF026B00, 0x23003C40, 0x220B400D,
0x004D0A40, 0x0D004D0A, 0x00631125, 0x0B61051B, 0x241C1F67, 0x160E6505, 0x05160D0B, 0x65090400, 0x3FED3F39, 0x2FED10ED, 0x320110D6, 0xD6ED10DE,
0xEDC43130, 0x002B2B25, 0x342E0223, 0x36363721, 0x15230606, 0x07161615, 0x140E0223, 0x222E0227, 0x37161633, 0x323E0201, 0x4111335E, 0x4C0A0C03,
0x013CD502, 0x06027C7A, 0x1E3E5C3D, 0x18322E25, 0x0A191644, 0x33242F1B, 0x0AB61A2B, 0x1F1154A1, 0x4B662046, 0x1608685E, 0x2B49361E, 0x06090C05,
0x660B1210, 0x19200002, 0x002EFFF3, 0x01C7026F, 0x0012002D, 0x003E400F, 0x26106360, 0x18701802, 0x182F2B63, 0x036320B8, 0xFFC04012, 0x0B104820,
0x2E006513, 0x131D2667, 0x25040B67, 0x1D0D003F, 0xED3FED12, 0x3910ED01, 0x10D62BED, 0xED10DE5D, 0xEDC43130, 0x13220607, 0x06061514, 0x1E023332,
0x3E023534, 0x2627321E, 0x0215140E, 0x02232226, 0x35343E02, 0x33170E03, 0x073636F1, 0x13280D01, 0x01081423, 0x1A151E13, 0x092A2436, 0x4B301517,
0x304A3368, 0x6D35628A, 0x5407284C, 0x402F0B13, 0x24012608, 0x0709120A, 0x1D352A19, 0x141E2411, 0x2F336620, 0x36482824, 0x4A3E2781, 0x895A8A5E,
0x3069010E, 0x21342708, 0x09000100, 0x31000001, 0xC5026B00, 0x0E0029B6, 0x00610E09, 0x630507B8, 0xFFC0400D, 0x0B104807, 0x0F096505, 0x65080400,
0x0C003F3F, 0xEDED0110, 0xD62BDDFD, 0xDEED3130, 0x333E0337, 0x21352115, 0x0E030784, 0x0324333C, 0x1BFEFC01, 0x941B4039, 0x2B05408F, 0x8C7D2D66,
0x5D1F708E, 0xA1500003, 0x0026FFF3, 0x01CF027A, 0x001D002B, 0x003700FD, 0xB536400C, 0x004D34B8, 0xFF80B30C, 0x004D32B8, 0xFFC04009, 0x0B004D30,
0x400C004D, 0x2FB8FFC0, 0xB30C004D, 0x2FB8FFE0, 0xB30B004D, 0x2EB8FFC0, 0xB40B0C00, 0x4C2CB8FF, 0xC0B60B00, 0x4D202C01, 0x19B8FFC0, 0xB30A004D,
0x18B8FFE0, 0x400E0900, 0x4D09400A, 0x004D0920, 0x09004D35, 0xB8FFC0B3, 0x0C004D2F, 0xB8FFC0B4, 0x0B0C004C, 0x23B8FFC0, 0xB310004D, 0x23B8FFC0,
0xB60A004D, 0x00230122, 0xB8FFC040, 0x0F0A004D, 0x00220103, 0x32231304, 0x101E6406, 0xB8FFC0B3, 0x09004D06, 0xB8FFC040, 0x260A0D48, 0x06393564,
0x00000100, 0x392F2F64, 0x16266450, 0x10011038, 0x32031303, 0x2323292C, 0x671B0529, 0x670B0D00, 0x3FED3FED, 0x11392F17, 0x390110D6, 0x5DEDD0E9,
0x2F10D65D, 0xED10D62B, 0x2BED1217, 0x39313000, 0x5D2B5D2B, 0x2B2B2B01, 0x2B2B2B2B, 0x5D2B2B2B, 0x2B2B2B2B, 0x2B011406, 0x07161615, 0x140E0223,
0x222E0235, 0x34363726, 0x2635343E, 0x02333216, 0x03342E02, 0x27060615, 0x14163332, 0x36032206, 0x15141617, 0x36363534, 0x2601BE2A, 0x2D392F17,
0x33523C2F, 0x4D371E2C, 0x2F2C2015, 0x2E4C3859, 0x69630F21, 0x34241C1E, 0x39272D35, 0x6120312E, 0x3A1F1A2F, 0x01D82B53, 0x1C214E2F, 0x1E3E3120,
0x172B3F27, 0x2F53201E, 0x44261E41, 0x342258FE, 0x80141E19, 0x190E1739, 0x1A28292B, 0x01902423, 0x232C1817, 0x371A2323, 0x0002002D, 0xFFFE01C9,
0x027B0012, 0x002A0040, 0x40252929, 0x63200303, 0x63402001, 0x202C2610, 0x63201830, 0x18401803, 0x182B0065, 0x13131D26, 0x67250C0B, 0x671D0500,
0x3FED3FED, 0x123910ED, 0x0110D65D, 0xEDC410DA, 0x5DE92F10, 0xE92F3130, 0x01323637, 0x36363534, 0x2E022322, 0x0E021514, 0x1617222E, 0x0235343E,
0x02333216, 0x15140E02, 0x23273636, 0x37060105, 0x132A0D01, 0x01091523, 0x1A161F13, 0x092C2436, 0x4C301619, 0x314A3268, 0x6E346189, 0x5404507E,
0x1A270149, 0x08070817, 0x0B19332A, 0x1A111C26, 0x152F3266, 0x1F364729, 0x244B3D27, 0x8C7D5A8B, 0x5E316A01, 0x434811FF, 0xFF00A1FF, 0xF5015401,
0xD6022600, 0x11000001, 0x07001100, 0x00012F00, 0x10400B01, 0x00171007, 0x0050010C, 0x124F2B2B, 0x340000FF, 0xFF0076FF, 0x67015401, 0xD6023600,
0x0FF80000, 0x07001100, 0x00012F00, 0x01002D00, 0x2801CF01, 0xDA000600, 0x2A401203, 0x06020408, 0x06070605, 0x00020303, 0x01051001, 0x10003F3F,
0x12393D2F, 0x39391239, 0x0110C218, 0x10DEC012, 0x39313013, 0x25170505, 0x07252D01, 0x8022FEE8, 0x011822FE, 0x800139A1, 0x6C6D6D6C, 0xA2000200,
0x28007201, 0xCC019B00, 0x03000700, 0x21400F02, 0x01060509, 0x03070807, 0x55040355, 0x00A3003F, 0xFDD6ED01, 0x10D6C010, 0xDE32C032, 0x31301321,
0x15211521, 0x15212801, 0xA4FE5C01, 0xA4FE5C01, 0x9B665D66, 0x00010028, 0x002701CB, 0x01D90006, 0x002E4014, 0x03020008, 0x04020702, 0x00010604,
0x05030301, 0x05100110, 0x003F3F12, 0x393D2F12, 0x39391239, 0x39011810, 0xD6C010CE, 0x11393130, 0x25052725, 0x25370501, 0xCBFE8023, 0x0119FEE7,
0x230180C9, 0xA26C6D6D, 0x6CA10002, 0x0045FFF4, 0x01B20279, 0x001E0030, 0x0031401A, 0x001E3208, 0x17321F71, 0x0F271F27, 0x02270F31, 0x1E2C7522,
0x070E0B67, 0x1203003F, 0xFDC23FFD, 0xC60110C6, 0xDE5DED10, 0xDEC510DE, 0xCD313037, 0x26353436, 0x37363635, 0x34262322, 0x06072736, 0x3633321E,
0x0215140E, 0x04151714, 0x0623222E, 0x0235343E, 0x0233321E, 0x02A6012A, 0x2217282A, 0x20203C23, 0x22235E2E, 0x394A2A11, 0x17232823, 0x17233320,
0x101E180E, 0x0E181E10, 0x101E170E, 0xE1050A28, 0x491C132B, 0x191E1F13, 0x115E1618, 0x1F2E3719, 0x1D302A25, 0x2426159A, 0x272C0B16, 0x1E14131F,
0x150B0B15, 0x1F000200, 0x12FF7901, 0xD4027900, 0x35004501, 0x5AB9003E, 0xFFC0B30E, 0x004D38B8, 0xFFC04013, 0x0F004D21, 0x400E004D, 0x21380D00,
0x4D20400D, 0x004D1BB8, 0xFFE0B30A, 0x004D11B8, 0xFFC0400E, 0x0E004D3A, 0x200A004D, 0x3A400900, 0x4D20B8FF, 0xC0401B09, 0x004D9F20, 0x011F4012,
0x004D1E40, 0x12004D1D, 0x4012004D, 0x1C201200, 0x4D1AB8FF, 0xC0B31100, 0x4D1AB8FF, 0xC0400A09, 0x004D1640, 0x090A004C, 0x15B8FFE0, 0xB4111200,
0x4C15B8FF, 0xC0B31000, 0x4D14B8FF, 0xC0B31000, 0x4D13B8FF, 0xC0B41012, 0x004C12B8, 0xFFE04072, 0x1012004C, 0x05400900, 0x4D044009, 0x004D0340,
0x09004D02, 0x4009004D, 0x01200900, 0x4D002009, 0x004D503D, 0x013D0F40, 0x3E013E79, 0x20353035, 0x60350335, 0x474F365F, 0x36023679, 0x08082B21,
0x478F189F, 0x1802187C, 0x2B464003, 0x5003021F, 0x03010379, 0x3D404150, 0x41024179, 0x0D00263E, 0x0F0D3D0D, 0x3D0D2613, 0x7D300320, 0x8F1D011D,
0x7D26002F, 0xFD5DC63F, 0xED113939, 0x2F2F1239, 0x39123910, 0xED5D10ED, 0x5D5D0110, 0xD6ED5D10, 0xC612392F, 0xED5D10D6, 0x5DED5D32, 0x325D3130,
0x002B2B2B, 0x2B2B2B2B, 0x2B2B2B2B, 0x2B2B2B2B, 0x2B2B2B5D, 0x2B2B2B01, 0x2B2B2B2B, 0x2B2B2B25, 0x06062322, 0x2E023534, 0x3E023332, 0x17353426,
0x23220E02, 0x15141E02, 0x33323637, 0x170E0323, 0x222E0235, 0x343E0233, 0x321E0215, 0x07141E02, 0x33323735, 0x26262322, 0x0E0201D4, 0x1B471A26,
0x41301B0F, 0x24392A13, 0x1C302E21, 0x3B2B1915, 0x33553F2F, 0x36080B11, 0x1C1C1D12, 0x42725330, 0x29465A32, 0x29483620, 0xC5050E19, 0x140D0F08,
0x0E071318, 0x0E06370B, 0x0B17314F, 0x392A4A37, 0x20051026, 0x351C4675, 0x59466C49, 0x260A0357, 0x04050302, 0x2459936F, 0x6C935B27, 0x1936573E,
0x9E132820, 0x1503C802, 0x02111B22, 0x00020009, 0x000001EB, 0x026B000B, 0x00160044, 0xB9000AFF, 0xE0402709, 0x0A004C05, 0x20090A00, 0x4C000108,
0x120C1107, 0x02030917, 0x0B180417, 0x12480C08, 0x01010802, 0x07020308, 0x0008003F, 0x3F3F3F39, 0x2F1239ED, 0x0110C610, 0xC6111739, 0x31302B2B,
0x21272307, 0x23361237, 0x33161217, 0x030E0307, 0x332E0301, 0x671DA51C, 0x802C5A2A, 0x862C5729, 0xF20A110F, 0x0D067906, 0x0C0F118F, 0x8FB7012D,
0x8788FECF, 0xB201F323, 0x3F3D3E21, 0x213E3D3F, 0x00030036, 0xFFF801D5, 0x02720016, 0x00230030, 0x00544015, 0x27461120, 0x46700080, 0x00020F00,
0x1F000200, 0x32173044, 0x09B8FFC0, 0x401A0A10, 0x480F091F, 0x09020809, 0x31141423, 0x4824241B, 0x2C4A0C03, 0x1B4A0509, 0x003FED3F, 0xED12392F,
0xED393D2F, 0x011810D6, 0x5E5D2BED, 0x3210DE5D, 0x5DEDD4ED, 0x31302514, 0x0E022322, 0x26271136, 0x3633321E, 0x02151406, 0x07161625, 0x15161633,
0x323E0235, 0x34262327, 0x32363534, 0x2E022322, 0x06071501, 0xD5264159, 0x3329582B, 0x23542946, 0x5832122B, 0x243F2DFE, 0xDC0D1F0F, 0x15281F14,
0x3930122F, 0x300E1820, 0x110E1E0C, 0xBB384B2D, 0x13090902, 0x5906091D, 0x2F3A1D2C, 0x4414174E, 0x29A80202, 0x0713231B, 0x2D276629, 0x24161B0F,
0x0502028E, 0x0001001B, 0xFFF301D5, 0x0279001F, 0x003AB60E, 0x600D010D, 0x1C1DB8FF, 0xC0401708, 0x0F481D21, 0x16460320, 0x0E4A0D11, 0x4A08031C,
0x4A1D194A, 0x0009003F, 0xEDD5ED3F, 0xEDD5ED01, 0x10D6ED10, 0xD62B32C6, 0x5D323130, 0x05222635, 0x343E0233, 0x321E0217, 0x07262623, 0x220E0215,
0x14163332, 0x36371706, 0x06012883, 0x8A2A4B67, 0x3D213528, 0x1B072017, 0x412A1D37, 0x2B1B4953, 0x303F131F, 0x1A590DA8, 0x9B4D7853, 0x2B0B0E10,
0x04620F15, 0x1531523D, 0x6A71160B, 0x61101B00, 0x020036FF, 0xF801D902, 0x72001000, 0x21003640, 0x0A08460F, 0x11011123, 0x10441AB8, 0xFFC04011,
0x0A10480F, 0x1A01081A, 0x220D481D, 0x02034816, 0x09003FED, 0x3FED0110, 0xD65E5D2B, 0xED7D2F18, 0xDE5DED31, 0x30371632, 0x33323E02, 0x35342E02,
0x23220607, 0x05140E02, 0x23222627, 0x11363633, 0x321E02B1, 0x050C052A, 0x39230F0C, 0x1E342908, 0x14080128, 0x2B4C693F, 0x213F242A, 0x4A203D65,
0x46276401, 0x20384D2E, 0x284C3A23, 0x0102CE56, 0x794C2307, 0x08025C09, 0x06244D77, 0x0001003F, 0x000001CC, 0x026B000B, 0x0051401B, 0x0702200A,
0x300A020A, 0x0D090444, 0x20013001, 0x02010C06, 0x48084018, 0x004D08B8, 0xFFC0B310, 0x004D08B8, 0xFFC0400E, 0x0D004D08, 0x08090448, 0x01020948,
0x0008003F, 0xED3FED12, 0x392F2B2B, 0x2BED0110, 0xD65DED32, 0x10D65DC6, 0xC6313033, 0x11211523, 0x15331523, 0x1521153F, 0x0177FCDB, 0xDB011202,
0x6B668B66, 0xAE660001, 0x003F0000, 0x01BA026B, 0x0009004A, 0x402F0207, 0x4009004D, 0x10074007, 0x8007030F, 0x07010807, 0x0B080444, 0x01400900,
0x4D000130, 0x0102010A, 0x08480606, 0x02090802, 0x02034801, 0x02003FED, 0x3F3F1239, 0x2FED0110, 0xD65D2BED, 0x3210D65E, 0x5D5D2BC4, 0x31303311,
0x21152115, 0x33152311, 0x3F017BFF, 0x00E0E002, 0x6B669666, 0xFEF70001, 0x001BFFF3, 0x01D00279, 0x00230034, 0x401C2025, 0x05461624, 0x0C44300E,
0x010E0C0C, 0x0E200221, 0x004A1B03, 0x084A1109, 0x0E08003F, 0x3FED3FFD, 0xC63F1239, 0x2F012F5D, 0xED10D6ED, 0x10CE3130, 0x01220E02, 0x15141633,
0x32363735, 0x33110606, 0x23222E02, 0x35343E02, 0x33321E02, 0x17072626, 0x01382C3C, 0x27114644, 0x0B1A0B7B, 0x165D423A, 0x5D42242A, 0x48623824,
0x392A1B07, 0x20164002, 0x0E20394F, 0x306F6902, 0x02E2FECB, 0x08142951, 0x79504F79, 0x52290B0E, 0x1004620E, 0x16000100, 0x2D000001, 0xC7026B00,
0x0B003B40, 0x09020A44, 0x000D0509, 0x4407B8FF, 0xC040150B, 0x1148070C, 0x0B020948, 0x40030103, 0x03020802, 0x05080208, 0x003F3F3F, 0x12392F5D,
0xED3F0110, 0xD62BED32, 0x10DEED32, 0x31300111, 0x23112311, 0x23113315, 0x333501C7, 0x7BA47B7B, 0xA4026BFD, 0x950111FE, 0xEF026BF4, 0xF4000100,
0x36000001, 0xBF026B00, 0x0B002EB6, 0x0B060944, 0x030105B8, 0xFFC0400F, 0x0A104805, 0x0C090248, 0x0B080308, 0x48060200, 0x3FED323F, 0xED320110,
0xD62BC0DD, 0xFDDCC031, 0x30333533, 0x11233521, 0x15231133, 0x15368787, 0x01898686, 0x66019F66, 0x66FE6166, 0x0001002A, 0xFFF301B6, 0x026B0013,
0x002E4019, 0x1210440F, 0x00010015, 0x0F080108, 0x08141302, 0x10481202, 0x090C4A05, 0x09003FFD, 0xC63FED3F, 0x0110C65E, 0x5D10DE5D, 0xFDCD3130,
0x25140E02, 0x23222627, 0x37161633, 0x32363511, 0x23352101, 0xB6173554, 0x3C3F541D, 0x2F193D20, 0x303BCF01, 0x4BCF2D50, 0x3C232017, 0x62101E33,
0x45012F66, 0x0001002D, 0x000001E9, 0x026B001A, 0x002F4019, 0x0F441000, 0x441A1C15, 0x050A4408, 0x1B0F020A, 0x15050309, 0x02060800, 0x08003F3F,
0x3F17393F, 0x0110D6FD, 0xC03310D6, 0xEDD6ED31, 0x30212E03, 0x27112311, 0x33113E03, 0x37330E03, 0x071E0317, 0x015E0B29, 0x3237197B, 0x7B16302B,
0x240C8B0E, 0x2732391F, 0x1F40392E, 0x0E23514D, 0x4317FEE5, 0x026BFEFF, 0x1C444442, 0x1B1B454B, 0x4E241E4E, 0x595D2C00, 0x01004700, 0x0001CC02,
0x6B000500, 0x2CB90005, 0xFFC0B709, 0x0F480507, 0x044402B8, 0xFFC0400B, 0x090F4802, 0x06020204, 0x48010800, 0x3FED3F01, 0x10DE2BED, 0x10C62B31,
0x30212111, 0x33112101, 0xCCFE7B7C, 0x0109026B, 0xFDFB0001, 0x00170000, 0x01DD026B, 0x001C016F, 0xB51C200F, 0x004D16B8, 0xFFC0400C, 0x0B004D30,
0x16011420, 0x0B004D13, 0xB8FFE040, 0x5B0B004D, 0x1240090A, 0x004C3F12, 0x01041201, 0x11400B00, 0x4D3F1101, 0x0D200E00, 0x4D0D2009, 0x004D0C20,
0x0E12004C, 0x0C400D00, 0x4D0C200C, 0x004D0C40, 0x0B004D0B, 0x400D0E00, 0x4C0B4009, 0x0B004C3F, 0x0B010A40, 0x0F004D07, 0x20111200, 0x4C07200E,
0x004D0620, 0x11004D03, 0xB8FFE040, 0x1A0E004D, 0x02400A00, 0x4D022009, 0x004D0120, 0x0F12004C, 0x0040090A, 0x004C15B8, 0xFFC04019, 0x0B004D10,
0x15011440, 0x0C004D14, 0x200B004D, 0x13200B00, 0x4D3F1301, 0x12B8FF80, 0xB30D004D, 0x12B8FFC0, 0x40310B00, 0x4D0F1201, 0x06400A00, 0x4D05400A,
0x004D2F05, 0x3F050204, 0x400A004D, 0x0A0A0B10, 0x15141713, 0x12100505, 0x17114410, 0x1E00001C, 0x164417B8, 0xFFC0401E, 0x0F004D6F, 0x17010017,
0x10170217, 0x1D151C14, 0x14161C02, 0x16081213, 0x130B1108, 0x0B02003F, 0x3F12392F, 0x393F3F12, 0x392F1239, 0x017C10DE, 0x5D5D2B18, 0xEDD1C92F,
0x10D6ED12, 0x393D2F12, 0x39391239, 0x3910D9C9, 0x182F3130, 0x002B5D2B, 0x2B5D2B2B, 0x5D2B2B2B, 0x5D2B012B, 0x2B2B2B2B, 0x2B2B2B2B, 0x5D2B2B2B,
0x2B2B2B2B, 0x2B5D2B5D, 0x5D2B2B2B, 0x5D2B2B13, 0x1E03173E, 0x0337331E, 0x03172313, 0x03230313, 0x233E0337, 0xA1071518, 0x180B0C1A, 0x18140866,
0x070D0906, 0x0271064C, 0x5A490571, 0x0307080B, 0x07026B15, 0x424C4E21, 0x254F4940, 0x15519A97, 0x995001E1, 0xFEFA0106, 0xFE1F4CA4, 0xA2984100,
0x01002E00, 0x0001C602, 0x6B000F00, 0x5340090D, 0x400B004D, 0x200D0104, 0xB8FFC040, 0x140C004D, 0x3F040100, 0x2F0C3F0C, 0x020C440E, 0x11070344,
0x06B8FFC0, 0x40100B10, 0x48061003, 0x0C040D02, 0x07020408, 0x0008003F, 0x3F3F3F12, 0x39390110, 0xD62BED32, 0x10DEED5D, 0x32313000, 0x5D2B5D2B,
0x21262627, 0x11231133, 0x1E031711, 0x33110163, 0x2A63396F, 0x631C3835, 0x2D106F67, 0xCD67FE65, 0x026B2C67, 0x66602401, 0x7DFD9500, 0x02001BFF,
0xF301D902, 0x79001300, 0x1F002C40, 0x19E71801, 0xD616010A, 0x461F1A01, 0x1A210046, 0x1420054A, 0x1D090F4A, 0x1703003F, 0xED3FED01, 0x10D6ED10,
0xDE5DED31, 0x305D5D13, 0x141E0233, 0x323E0235, 0x342E0223, 0x220E0207, 0x34363332, 0x16151406, 0x23222698, 0x07152620, 0x1F271507, 0x07152620,
0x20261507, 0x7D76696D, 0x72746A6D, 0x7301362D, 0x4F3A2222, 0x3B4E2D2D, 0x4F3A2222, 0x3B4E2DA0, 0xA3A3A0A0, 0xA3A30002, 0x00360000, 0x01D80272,
0x000E0019, 0x003F400B, 0x17466003, 0x01031B07, 0x13440AB8, 0xFFC04015, 0x0A10480A, 0x1A0A0214, 0x48061306, 0x13060008, 0x080F4A00, 0x03003FED,
0x3F123939, 0x2F2F10ED, 0x3F0110D6, 0x2BED3210, 0xDE5DED31, 0x30133216, 0x15140623, 0x23152311, 0x3E031722, 0x06071533, 0x32363534, 0x26E07682,
0x83782C7B, 0x122D2E2C, 0x1F0B270B, 0x323B3C3B, 0x0272616E, 0x6F63D102, 0x63040603, 0x026B0102, 0xC82F3936, 0x2D000200, 0x1BFF5601, 0xD9027600,
0x12002600, 0x2F401818, 0x001D1D46, 0x0C062813, 0x4600270C, 0x4A0D184A, 0x09100922, 0x4A030300, 0x3FED3F33, 0xEDDDED01, 0x10D6ED10, 0xDA32E92F,
0x11393130, 0x13343633, 0x32161514, 0x06071616, 0x17072626, 0x27262637, 0x141E0233, 0x323E0235, 0x342E0223, 0x220E021B, 0x76696D72, 0x5A550B55,
0x4A1A7577, 0x0B51577D, 0x07152620, 0x1F271507, 0x07152620, 0x20261507, 0x0133A0A3, 0xA3A08CA1, 0x1119210D, 0x58104B46, 0x149F892D, 0x4E3B2222,
0x3B4E2D2D, 0x4F3A2222, 0x3B4E0002, 0x00360000, 0x01E90272, 0x00190024, 0x0059401D, 0x110E4408, 0x600D700D, 0x800D030D, 0x261A4660, 0x05700580,
0x05030526, 0x21441244, 0x15B8FFC0, 0x40170A11, 0x48152508, 0x12482121, 0x0D150213, 0x080E080D, 0x081D4A00, 0x03003FED, 0x3F3F3F3F, 0x12392FED,
0x320110D6, 0x2BEDED10, 0xDE5DED10, 0xDE5D32ED, 0x32313013, 0x321E0215, 0x1406071E, 0x03172326, 0x26272315, 0x23113E03, 0x17342623, 0x22060715,
0x333236D6, 0x35563E21, 0x2C331126, 0x24210C81, 0x173D2340, 0x7B122B2C, 0x287C3C31, 0x07140A1B, 0x3F380272, 0x18324D34, 0x3658171A, 0x3F45451F,
0x3C6F39E4, 0x02620407, 0x0302CA31, 0x2E0102BA, 0x31000100, 0x28FFF301, 0xCC027900, 0x2E005AB9, 0x002CFFC0, 0x40150D00, 0x4D054660, 0x25702502,
0x25601570, 0x15021530, 0x1B460FB8, 0xFFC0B40B, 0x10480F2B, 0xB8FFC040, 0x140D1048, 0x2B2F0A4A, 0x2020122C, 0x004A2809, 0x16194A12, 0x03003FFD,
0xC63FFDC6, 0x123910ED, 0x0110C62B, 0xD62BED10, 0xCE5DDE5D, 0xED313000, 0x2B37323E, 0x0235342E, 0x02272E03, 0x35343633, 0x32161707, 0x26262322,
0x15141E02, 0x171E0315, 0x14062322, 0x26273716, 0x16E81F29, 0x18091622, 0x2A151C3C, 0x31207163, 0x39551D24, 0x193D2862, 0x141F2713, 0x1D3F3522,
0x71734D5C, 0x17241B4B, 0x5A0D171D, 0x0F131E17, 0x13080A1A, 0x283B2C57, 0x621A105F, 0x0E144712, 0x1B151007, 0x0B1B2D43, 0x33575F21, 0x0E64101C,
0x00010019, 0x000001DB, 0x026B0007, 0x001F400F, 0x01024405, 0x07080205, 0x48070203, 0x08000200, 0x3F3F3FED, 0x320110D6, 0xDDFDCD31, 0x30011523,
0x11231123, 0x3501DBA3, 0x7CA3026B, 0x66FDFB02, 0x05660001, 0x0027FFF3, 0x01CD026B, 0x0019002F, 0x400C1244, 0x60147014, 0x02141B08, 0x4406B8FF,
0xC0400C0D, 0x1048061A, 0x1307020D, 0x4A000900, 0x3FED3F33, 0x0110D62B, 0xED10DE5D, 0xED313017, 0x222E0235, 0x11331114, 0x1E023332, 0x3E023511,
0x3311140E, 0x02F83C51, 0x30147C08, 0x13221A1A, 0x2214087B, 0x1432520D, 0x213E5836, 0x018BFE7D, 0x2735200E, 0x0E213527, 0x0182FE75, 0x36583E21,
0x0001000D, 0x000001E8, 0x026B0016, 0x0083400E, 0x13201000, 0x4D13100F, 0x004D4813, 0x0110B8FF, 0xE0400F0C, 0x004D2410, 0x0106200C, 0x004D2B06,
0x0103B8FF, 0xE0B31000, 0x4D03B8FF, 0xF840300E, 0x0F004C47, 0x03010B40, 0x0C004D06, 0x000B1610, 0x05050F11, 0x1F110211, 0x1805170F, 0x0B1F0B2F,
0x0B030B10, 0x16081102, 0x06100205, 0x02000800, 0x3F3F3F33, 0x3F3F1239, 0x5D0110C6, 0x10CE5D11, 0x17393130, 0x002B015D, 0x2B2B5D2B, 0x5D2B5D2B,
0x2B332E03, 0x27331E03, 0x173E0337, 0x330E0307, 0xBA183630, 0x26098206, 0x181D2110, 0x10201C18, 0x08810C23, 0x2D361D45, 0xAEAD9A31, 0x307F8783,
0x34338387, 0x80303C94, 0xA3A94F00, 0x01001700, 0x0001DD02, 0x6B002801, 0x73401625, 0x40090A00, 0x4C23400E, 0x004D2320, 0x0D004D21, 0x400E004D,
0x20B8FFE0, 0xB30B004D, 0x1FB8FFC0, 0xB30B004D, 0x18B8FFE0, 0x40090F00, 0x4D174010, 0x004D17B8, 0xFFC0B30E, 0x004D11B8, 0xFFC84009, 0x10004D11,
0x400E004D, 0x10B8FFE0, 0xB310004D, 0x0BB8FFE0, 0x40130B00, 0x4D0A800B, 0x004D0980, 0x0B004D08, 0x400B004D, 0x05B8FFE0, 0x400A0D00, 0x4D034011,
0x12004C02, 0xB8FFC040, 0x090B004D, 0x01400B00, 0x4D00B8FF, 0xE0B30B00, 0x4D28B8FF, 0xC0B31000, 0x4D28B8FF, 0xC0400A0D, 0x0E004C23, 0x400E004D,
0x1EB8FFC0, 0x40090B00, 0x4D16400F, 0x004D16B8, 0xFFC0B30E, 0x004D14B8, 0xFFC0400A, 0x0F10004C, 0x12400F00, 0x4D12B8FF, 0xC0B30E00, 0x4D0AB8FF,
0x80B30B00, 0x4D09B8FF, 0x80B30B00, 0x4D08B8FF, 0xC040090B, 0x004D0540, 0x0E004D00, 0xB8FFC040, 0x360D1000, 0x4C001105, 0x10040B18, 0x23172804,
0x1D14140B, 0x1D3F0A01, 0x0A0A440F, 0x0B1F0B02, 0x0B2A301E, 0x011E441D, 0x29230514, 0x2804101D, 0x02180810, 0x080B0200, 0x3F3F3F3F, 0x12173901,
0x10D6ED5D, 0x10DA5DE9, 0x2F5D1112, 0x393D2F12, 0x17391217, 0x39313000, 0x2B2B2B2B, 0x2B2B2B2B, 0x2B2B2B2B, 0x2B2B012B, 0x2B2B2B2B, 0x2B2B2B2B,
0x2B2B2B2B, 0x2B2B2B2B, 0x2B2B2B2B, 0x011E0317, 0x342E0235, 0x330E0307, 0x23262627, 0x06060723, 0x2E032733, 0x0E03153E, 0x03370128, 0x04101317,
0x0B020202, 0x72030608, 0x0B076616, 0x2C161630, 0x1466080C, 0x09060272, 0x01020202, 0x09171512, 0x05019013, 0x38444E29, 0x34777C7F, 0x3B4CA19F,
0x9A453F91, 0x423F943F, 0x459B9FA1, 0x4B3B7E7D, 0x7734204C, 0x4A3E1200, 0x01000B00, 0x0001E902, 0x6B001700, 0x66B51220, 0x0F004D0E, 0xB8FFE0B3,
0x10004D0E, 0xB8FFE0B3, 0x0D004D0C, 0xB8FFE040, 0x270F004D, 0x0D180C0E, 0x06030703, 0x00101203, 0x0F17030F, 0x030F0711, 0x17071708, 0x1102030C,
0x120F0406, 0x0D020608, 0x003F3F12, 0x17393F3F, 0x012F2FC6, 0x1239393D, 0x2F2F1112, 0x17391112, 0x17391810, 0xC631302B, 0x2B2B2B21, 0x26262706,
0x0607233E, 0x03370333, 0x17373303, 0x1E031701, 0x6413371E, 0x1D3A1585, 0x0A272F34, 0x18A28562, 0x677C9E1B, 0x342D220A, 0x337C3E3B, 0x7F331B4C,
0x585D2B01, 0x24C6C6FE, 0xDF2B5E59, 0x4D1B0001, 0x000D0000, 0x01E8026B, 0x0014003E, 0x40211211, 0x0E00000E, 0x44050680, 0x0C900C02, 0x0C0C1516,
0x11020D08, 0x0E0B0003, 0x050C0806, 0x02050200, 0x3F3F3F12, 0x17393F3F, 0x01111239, 0x2F5DCE32, 0xED393D2F, 0x1810CD32, 0x3130133E, 0x0337330E,
0x03071523, 0x35262627, 0x331616FE, 0x0B1D1D1B, 0x0B7F1326, 0x2A301C7C, 0x37532684, 0x17380150, 0x17464E50, 0x2033605E, 0x5D31ECEB, 0x61B96648,
0x95000100, 0x2E000001, 0xC6026B00, 0x110066B5, 0x0E400A00, 0x4D04B8FF, 0xE0B60A00, 0x4D000701, 0x07B8FFC0, 0x40090D10, 0x48071305, 0x0E1110B8,
0xFFC0B409, 0x10481009, 0xB8FFC040, 0x090B1048, 0x09120011, 0x0111B8FF, 0xC0400F0D, 0x10481100, 0x11020F48, 0x10020648, 0x0708003F, 0xED3FED3F,
0xCD012F2B, 0x5D10C62B, 0xC62B1139, 0x3910CE2B, 0x5D31302B, 0x2B010E03, 0x07211521, 0x353E0337, 0x23352101, 0xBD2B483E, 0x3719010A, 0xFE681632,
0x3E492CEE, 0x01820215, 0x42746961, 0x2F66472B, 0x5F6C7E4A, 0x66000100, 0x71FF5B01, 0x8602BB00, 0x07002F40, 0x1B5F0601, 0x40060106, 0x5F010140,
0x01010109, 0x036E0008, 0x05720612, 0x02720010, 0x003FED3F, 0xED0110D6, 0xED10CE5D, 0x5DCE5D5D, 0x31301321, 0x15231133, 0x15217101, 0x15A0A0FE,
0xEB02BB60, 0xFD606000, 0x010031FF, 0x5B01C702, 0xBB000300, 0x2A401501, 0x03000376, 0x02011402, 0x01030200, 0x04020212, 0x01100010, 0x003F3F3F,
0x012F10C6, 0x1000C187, 0x052B877D, 0xC4313013, 0x33012331, 0x7E01187F, 0x02BBFCA0, 0x0001006D, 0xFF5B0183, 0x02BB0007, 0x002F401A, 0x04036E40,
0x00010040, 0x07010709, 0x01500601, 0x06080572, 0x07100272, 0x0012003F, 0xED3FED01, 0x10D65DC0, 0x10CE5DDE, 0x5DED3231, 0x30052135, 0x33112335,
0x210183FE, 0xEAA0A001, 0x16A56002, 0xA0600001, 0x001000FF, 0x01EB026B, 0x00060029, 0x40140503, 0x04030700, 0x01060308, 0x02020708, 0x01030272,
0x0602003F, 0xFDCD3201, 0x1112393D, 0x2F121739, 0x12173931, 0x30010727, 0x07271333, 0x01EB6F7E, 0x7E70B969, 0x013536DA, 0xDA360136, 0x00010008,
0xFF5B01EC, 0xFFC60003, 0x0017400A, 0x02050304, 0x00550312, 0x0212003F, 0x3FED0110, 0xC610C631, 0x30172115, 0x210801E4, 0xFE1C3A6B, 0x00010098,
0x02010173, 0x02B30003, 0x0010B501, 0x03040200, 0x7D003FC5, 0x0110D6C5, 0x31301317, 0x0727D59E, 0x2DAE02B3, 0x6F435400, 0x02002CFF, 0xF501B901,
0xE2000E00, 0x2E005340, 0x0D041F01, 0x24510453, 0x14302C0C, 0x531DB8FF, 0xC040240C, 0x10481D2F, 0x5F076F07, 0x02075750, 0x22602202, 0x22220F40,
0x00010057, 0x18072840, 0x0D004D28, 0x570F0B00, 0x3FED2B3F, 0xED5D1139, 0x2F5DED5D, 0x0110D62B, 0xEDC410DE, 0xEDED3130, 0x005D3732, 0x36373526,
0x2623220E, 0x02151416, 0x13321E02, 0x15110606, 0x23222E02, 0x35343E02, 0x33321735, 0x34262322, 0x06072736, 0x36FB1426, 0x0E0C220E, 0x13241B10,
0x301B3A4D, 0x2E141B6A, 0x422D4934, 0x1C203646, 0x2630252C, 0x36234114, 0x11175458, 0x01026C02, 0x03050C16, 0x12201B01, 0x8A1B3147, 0x2CFEE806,
0x1010253B, 0x2B293822, 0x0F080F23, 0x2F0A0763, 0x080D0002, 0x003EFFF5, 0x01D602B6, 0x000C001F, 0x005B4010, 0x0A400C00, 0x4D09400C, 0x004D0840,
0x0C004D03, 0xB8FFC040, 0x110C004D, 0x0053600D, 0x700D020D, 0x21185107, 0x5116B8FF, 0xC0401409, 0x10481620, 0x06551803, 0x571B0B17, 0x01160007,
0x57120700, 0x3FED3F3F, 0x3FEDD5ED, 0x0110D62B, 0xEDED10DE, 0x5DED3130, 0x002B2B2B, 0x2B253426, 0x23220607, 0x15161633, 0x32363714, 0x0E022322,
0x26271137, 0x15363633, 0x321E0201, 0x592B2C14, 0x270E0E1F, 0x0B30387D, 0x1E3A5436, 0x3064227B, 0x1A30182E, 0x462F18EE, 0x42460B08, 0xFF030241,
0x4B385B40, 0x230E0B02, 0x9315EB0C, 0x0923415A, 0x0001002C, 0xFFF501D2, 0x01E2001F, 0x00354010, 0x30110108, 0x40186018, 0x70180318, 0x21115300,
0xB8FFC040, 0x0D0C1048, 0x00201457, 0x1B070C57, 0x050B003F, 0xED3FED01, 0x10D62BED, 0x10DE5DC6, 0x31305D37, 0x343E0233, 0x32161707, 0x26262322,
0x0E021514, 0x16333236, 0x37170606, 0x23222E02, 0x2C204265, 0x462A4423, 0x1B143126, 0x2C3B2410, 0x49581D3F, 0x1A121A4A, 0x32486742, 0x1FEB335A,
0x43270C0E, 0x63070B15, 0x25341E41, 0x4A080965, 0x0A0D2642, 0x5A000200, 0x1CFFF501, 0xAE02B600, 0x0C001B00, 0x60401340, 0x1B01C41B, 0x01401A01,
0xC01A0140, 0x1901C019, 0x010AB8FF, 0xC0B30C00, 0x4D08B8FF, 0xC040200C, 0x004D0340, 0x0C004D06, 0x19511B1D, 0x0053131C, 0x1B011A00, 0x0755190A,
0x57160B03, 0x57100700, 0x3FED3FED, 0xD5ED3F3F, 0x0110D6ED, 0x10DEED32, 0x3130002B, 0x2B2B015D, 0x715D715D, 0x71371416, 0x33323637, 0x11262623,
0x22060106, 0x06232226, 0x35343633, 0x32161735, 0x37992F34, 0x0F1A0E0E, 0x24142C28, 0x01152262, 0x2F6E715F, 0x5D193012, 0x7BEE3F50, 0x02020100,
0x080B46FE, 0xDE0B0E82, 0x7173850B, 0x0AD61500, 0x02001FFF, 0xF501D101, 0xE2001A00, 0x25005CB9, 0x0012FFC0, 0x4037191A, 0x004C1B53, 0x131F0B3F,
0x0B020B27, 0x250C5370, 0x00010026, 0x0C400F00, 0x4D4F0C5F, 0x0C020C55, 0x0F1B011B, 0x1B051240, 0x0F010F57, 0x16073020, 0x01205705, 0x0B003FED,
0x5D3FFD5D, 0xC612392F, 0x5DED5D2B, 0x0110D65D, 0xED3210DE, 0x5DC6ED31, 0x30002B37, 0x343E0233, 0x32161514, 0x06072114, 0x16333236, 0x37170606,
0x23222E02, 0x25342E02, 0x23220E02, 0x071F263E, 0x502A686C, 0x0101FECF, 0x4C3C2543, 0x17112048, 0x2D3C5F43, 0x24013B0A, 0x16221918, 0x23170D02,
0xE73E5E3F, 0x207B760C, 0x1A082E35, 0x1008690B, 0x0F1F3D5A, 0x6D13231C, 0x11101C24, 0x13000100, 0x24000001, 0xEC02B500, 0x1B0056B9, 0x0003FFC0,
0xB60D004D, 0x50030102, 0xB8FFC040, 0x290D004D, 0x50020119, 0x000D010D, 0x1D1A1751, 0x01046003, 0x7003024F, 0x0301031C, 0x1B061955, 0x180A1157,
0x0A010255, 0x030A003F, 0xED3FED3F, 0xED3F0110, 0xD65D5DDD, 0x32ED3210, 0xC65DCE31, 0x305D2B5D, 0x2B331123, 0x35333534, 0x3E023332, 0x16170726,
0x2623220E, 0x02151533, 0x1523118B, 0x67672138, 0x48262752, 0x21151745, 0x1F111F17, 0x0EC1C101, 0x70661B39, 0x4B2D130E, 0x10640811, 0x0614251E,
0x1966FE90, 0x00020021, 0xFF5801B6, 0x01E0000B, 0x00270047, 0xB90013FF, 0xC0402711, 0x12004C1C, 0x51065160, 0x0C010C29, 0x00536022, 0x70220222,
0x2803571F, 0x1F0F0A57, 0x250B1340, 0x16011657, 0x0F0F003F, 0xFD5DC63F, 0xED12392F, 0xED0110D6, 0x5DED10D6, 0x5DEDED31, 0x30002B37, 0x14163332,
0x36373526, 0x26232201, 0x14062322, 0x26273716, 0x1633323E, 0x02353506, 0x06232226, 0x35343633, 0x32179E2A, 0x2D14230E, 0x0E160C6C, 0x01186F7B,
0x2C512517, 0x1D403020, 0x2A180A1A, 0x2B195C5F, 0x806E4D5A, 0xFA3A3D0A, 0x08E20302, 0xFEBD736E, 0x120C680B, 0x130F1A23, 0x14130A0A, 0x74677472,
0x19000100, 0x3F000001, 0xB902B600, 0x15004240, 0x110E5140, 0x0B600B70, 0x0B030B17, 0x14510003, 0x5101B8FF, 0xC0401309, 0x10480116, 0x15060D06,
0x1157060B, 0x02010100, 0x0006003F, 0x3F3F3FED, 0x3F3F017D, 0x2F18D62B, 0xEDD0ED10, 0xDE5DED31, 0x30331137, 0x15363633, 0x321E0215, 0x11233534,
0x26232206, 0x07113F7B, 0x0F2A1034, 0x462A127B, 0x1E2A1121, 0x0A02A115, 0xE405091F, 0x394F30FE, 0xF7F9423A, 0x0803FE96, 0x00020024, 0xFFF501D3,
0x02AC000B, 0x001F004C, 0xB90006FF, 0xF8402E09, 0x004D1715, 0x51701801, 0x3F180100, 0x18011821, 0x10212021, 0x60210300, 0x54200660, 0x06700603,
0x061F1C57, 0x0F071555, 0x18035809, 0x00003FFD, 0xDEED3FFD, 0xC6012F5D, 0xED5D10DC, 0x5D5D5DFD, 0xCD31302B, 0x01140623, 0x22263534, 0x36333216,
0x13060623, 0x222E0235, 0x35233533, 0x11141633, 0x32363701, 0x1C2E2020, 0x2D2D2020, 0x2EB72643, 0x1C304127, 0x1082FD1F, 0x2411301E, 0x025D242A,
0x2A24252A, 0x2AFD9212, 0x0D1C354C, 0x31AD66FE, 0xDD2A2909, 0x0E000200, 0x31FF5601, 0x9002AC00, 0x13001F00, 0x4D400F08, 0x180C004D, 0x12100F51,
0x00002000, 0x0200B8FF, 0xC040210D, 0x10480021, 0x1454001A, 0x101A201A, 0x401A501A, 0x701A061A, 0x10551317, 0x581D0009, 0x0C57050F, 0x003FFDC6,
0x3FFDDEED, 0x012F5DED, 0x10DE2B5D, 0xFDD0CD31, 0x302B2514, 0x0E022322, 0x26273716, 0x16333236, 0x35112335, 0x21271406, 0x23222635, 0x34363332,
0x1601901C, 0x31432730, 0x52262619, 0x471D1F22, 0xBE01390F, 0x2E20202D, 0x2D20202E, 0x1F394D2F, 0x14181368, 0x0E192532, 0x01576687, 0x242A2A24,
0x252A2A00, 0x01003F00, 0x0001E702, 0xB6001A00, 0x51401605, 0x00061006, 0x20064006, 0x60060506, 0x1C301C01, 0x160B0051, 0x19B8FFC0, 0x401B0910,
0x48191B11, 0x10103010, 0x70100310, 0x1A011900, 0x000B1603, 0x05170605, 0x0A003F3F, 0x1217393F, 0x3F012F5D, 0x3310D62B, 0xED32325D, 0x10C65D32,
0x3130133E, 0x0337330E, 0x03071E03, 0x17232E03, 0x27152311, 0x37BB1225, 0x23200C94, 0x122E3131, 0x14193A38, 0x2F0E8D0C, 0x272C2D13, 0x7C7C011C,
0x152F322F, 0x15173638, 0x34161843, 0x48481C19, 0x3F3D3712, 0xDE02A115, 0x00010024, 0xFFF501D3, 0x02B00013, 0x00364021, 0x60007000, 0x023F0001,
0x00150D51, 0x09500A60, 0x0A700A03, 0x0A140C00, 0x0A550B00, 0x13105705, 0x07003FFD, 0xC63FED3F, 0x0110D65D, 0xD5ED10CE, 0x5D5D3130, 0x250E0323,
0x22263511, 0x23353311, 0x14163332, 0x363701D3, 0x03152231, 0x1F554E82, 0xFD261D25, 0x32081402, 0x0A0B0865, 0x61018F66, 0xFE023022, 0x14030001,
0x001D0000, 0x01D701DB, 0x00270084, 0x405E2B1C, 0x017F1301, 0x02154015, 0x004D1540, 0x0F004D2F, 0x153F155F, 0x157F159F, 0x15DF15EF, 0x15FF1508,
0x15521414, 0x1F074016, 0x004D2F07, 0x3F074F07, 0xCF070407, 0x520F051F, 0x055F0503, 0x0529201D, 0x301D401D, 0x031D5280, 0x1F011F28, 0x1957220B,
0x1414001D, 0x06060625, 0x0D57000B, 0x003FED33, 0x3F3F1239, 0x2F3FED01, 0x10D65DED, 0x5D10DE5D, 0xED5D2B12, 0x392FED5D, 0x2B2B3130, 0x005F5D5D,
0x01321E02, 0x15112311, 0x342E0223, 0x22060716, 0x16151523, 0x35342623, 0x22060711, 0x23113636, 0x33321617, 0x36360157, 0x27321D0A, 0x64070B0F,
0x08091408, 0x03046413, 0x15061108, 0x64274C1D, 0x1A290F11, 0x2E01DB18, 0x304931FE, 0xE7011F1C, 0x22120603, 0x04132E1C, 0x5E6C3026, 0x0202FE8F,
0x01C40B0C, 0x0D0F0B11, 0x0001003F, 0x000001B9, 0x01E00013, 0x002DB60B, 0x51081512, 0x5100B8FF, 0xC0401009, 0x10480014, 0x13060A06, 0x300E010E,
0x57030B00, 0x3FED5D3F, 0x3F0110D6, 0x2BED10DE, 0xED313013, 0x36363332, 0x1E021511, 0x23353426, 0x23220607, 0x11233F21, 0x6139384A, 0x2B127B1E,
0x2E0E1B0F, 0x7B01C709, 0x101F394F, 0x30FEF7F9, 0x423A0202, 0xFE8F0002, 0x001DFFF3, 0x01D801E2, 0x0013001F, 0x00264015, 0x1A530040, 0x0C004D00,
0x2114530A, 0x201D570F, 0x0B175705, 0x07003FED, 0x3FED0110, 0xD6ED10DE, 0x2BED3130, 0x25140E02, 0x23222E02, 0x35343E02, 0x33321E02, 0x05141633,
0x32363534, 0x26232206, 0x01D8203A, 0x51323251, 0x3B20213B, 0x52303151, 0x3B20FEC2, 0x2D323031, 0x2D323031, 0xEC385B42, 0x2424425B, 0x38375B41,
0x2323415B, 0x383F4E4E, 0x3F3F4D4D, 0x0002003F, 0xFF5B01D5, 0x01E0000C, 0x001C0036, 0x400E0053, 0x600D700D, 0x020D1E14, 0x51075117, 0xB8FFC040,
0x0F091048, 0x171D0357, 0x1A0B160E, 0x0A571207, 0x003FED3F, 0x3FED0110, 0xD62BEDED, 0x10DE5DED, 0x31302534, 0x26232206, 0x07111616, 0x33323637,
0x140E0223, 0x22271523, 0x11363633, 0x32160158, 0x32330E20, 0x0B0C2814, 0x2C2A7D18, 0x2E462E2F, 0x327B2263, 0x306D74E7, 0x3F510301, 0xFEFE080A,
0x4745365B, 0x412417B1, 0x026C0B0E, 0x84000200, 0x1FFF5B01, 0xB601E000, 0x0C002100, 0x35401F19, 0x51075160, 0x17701702, 0x17230053, 0x700D010D,
0x221A5506, 0x03571D07, 0x180E0A57, 0x120B003F, 0xED3F3FFD, 0xD6ED0110, 0xD65DED10, 0xDE5DEDED, 0x31303714, 0x16333236, 0x37112626, 0x23220607,
0x343E0233, 0x321E0217, 0x11233506, 0x0623222E, 0x029C2B2C, 0x15250E09, 0x1F113333, 0x7D1E3955, 0x36173330, 0x2B107B17, 0x33172E46, 0x2F18E741,
0x470A0801, 0x02010351, 0x3B365B40, 0x24040709, 0x05FD94B2, 0x0B0D2340, 0x5B000100, 0x59000001, 0xCB01DF00, 0x130021B3, 0x1308510B, 0xB8FFC040,
0x0B091048, 0x0B140557, 0x0E0B0906, 0x003F3FED, 0x0110D62B, 0xFDCD3130, 0x012E0323, 0x22060711, 0x23113636, 0x33321E02, 0x1701B50C, 0x2122200B,
0x1A321A7C, 0x3167450A, 0x252A2B11, 0x01590306, 0x05020507, 0xFEA301B7, 0x12160205, 0x07060001, 0x0036FFF5, 0x01BA01E2, 0x0031004C, 0xB9002FFF,
0xC0400A0D, 0x004D1503, 0x53202601, 0x26B8FFC0, 0x40090D10, 0x4826331C, 0x530D2EB8, 0xFFC04010, 0x0A10482E, 0x32210819, 0x00572B07, 0x1957120B,
0x003FED3F, 0xED113939, 0x0110D62B, 0xD6ED10DE, 0x2B5DEDC4, 0x3130002B, 0x37323635, 0x342E0227, 0x2E033534, 0x3E023332, 0x16170726, 0x26232206,
0x15141E02, 0x171E0315, 0x140E0223, 0x22262737, 0x1616E42D, 0x300F1B23, 0x131B382E, 0x1E17314C, 0x352E4F1D, 0x1311482D, 0x2F210F19, 0x21131B3A,
0x2F1E1633, 0x523C3D56, 0x1A13234F, 0x5D0D140D, 0x120D0C06, 0x08152031, 0x251E3529, 0x170E0D68, 0x0517170D, 0x0B110E0D, 0x06091621, 0x33251D34,
0x26161C0B, 0x670E1800, 0x010024FF, 0xF501D802, 0x60001D00, 0x66B90015, 0xFFC04040, 0x0D004D10, 0x15201530, 0x15801590, 0x15051507, 0x400F004D,
0x07400C00, 0x4D6F0701, 0x0D070108, 0x071F601F, 0x01090651, 0x00035002, 0x60027002, 0x03021E0F, 0x57180700, 0x09550604, 0x0503060A, 0x003F33DD,
0xC510ED32, 0x3FED0110, 0xD65DDD32, 0xED325D10, 0xCE5E5D5D, 0x2B2BC65D, 0x2B313013, 0x23353335, 0x37153315, 0x2315141E, 0x0233323E, 0x02371706,
0x0623222E, 0x02358F6B, 0x6B7BC5C5, 0x0A121A10, 0x111D1B1D, 0x1111224F, 0x252B422E, 0x18017066, 0x76148A66, 0xBE1A2012, 0x0602050A, 0x086A0E0C,
0x0E28493B, 0x0001003B, 0xFFF501B6, 0x01D60012, 0x0032400A, 0x11511F12, 0x0112140A, 0x5109B8FF, 0xC040100A, 0x10480109, 0x01091312, 0x0A090A0E,
0x57030700, 0x3FED3F3F, 0x0110D65D, 0x2BED10DE, 0x5DED3130, 0x25060623, 0x222E0235, 0x11331514, 0x16333237, 0x113301B6, 0x2261393A, 0x4A2B107B,
0x1F2D1C1C, 0x7C100912, 0x203B5030, 0x0106F641, 0x3F050171, 0x0001000E, 0x000001E6, 0x01D60012, 0x0050B900, 0x12FFE0B3, 0x0F004D0E, 0xB8FFC0B3,
0x0B004D0D, 0xB8FFE0B3, 0x0C004D06, 0xB8FFE0B4, 0x090A004C, 0x02B8FFE0, 0x40150B10, 0x004C0E12, 0x09000405, 0x030F1403, 0x130F0A03, 0x0A000600,
0x3F3F3F01, 0x10C210CE, 0x11173931, 0x302B2B2B, 0x2B2B3326, 0x2627331E, 0x03173E03, 0x37330606, 0x07C22D5D, 0x2A810919, 0x1C1D0D0D, 0x201F1D09,
0x7D2A662D, 0x59EF8E26, 0x56575222, 0x22525756, 0x268EEF59, 0x0001000B, 0x000001E9, 0x01D60028, 0x0140B900, 0x28FFD0B6, 0x0C004D60, 0x280127B8,
0xFFC0B30F, 0x004D27B8, 0xFFD0B30C, 0x004D21B8, 0xFFC04009, 0x0F004D1D, 0x4010004D, 0x1DB8FFC0, 0xB30F004D, 0x1DB8FFC0, 0xB30A004D, 0x1CB8FFC0,
0x40090F00, 0x4D1B4010, 0x004D12B8, 0xFFC0B30B, 0x004D11B8, 0xFFC04009, 0x0B004D0D, 0x081B004D, 0x0DB8FFC0, 0xB30B004D, 0x0CB8FFC0, 0xB30B004D,
0x0BB8FFC0, 0xB30F004D, 0x0BB8FFC0, 0x40090B00, 0x4D034010, 0x004D02B8, 0xFFC0B30F, 0x004D01B8, 0xFFC0B30F, 0x004D00B8, 0xFFA0B30F, 0x004D1AB8,
0xFFC0B40D, 0x0F004C19, 0xB8FFC0B4, 0x0D0F004C, 0x05B8FFC0, 0xB30F004D, 0x05B8FFC0, 0x403E0D00, 0x4D286024, 0x01241F00, 0x1F1A1905, 0x11140B0A,
0x14201F01, 0x1F140514, 0x051F0329, 0x20256025, 0x02252A10, 0x400C004D, 0x30100110, 0x29280625, 0x0A141F05, 0x0319190B, 0x100A0B06, 0x003F3F12,
0x392F1739, 0x3F3F0110, 0xC65D2B10, 0xC65D1217, 0x39192F18, 0x2F2F7111, 0x333310C6, 0x11333311, 0x3310C65D, 0x33313000, 0x2B2B2B2B, 0x012B2B2B,
0x2B2B2B2B, 0x2B2B2B2B, 0x2B2B2B2B, 0x2B2B2B2B, 0x5D2B212E, 0x03270E03, 0x07232E03, 0x27331616, 0x173E0337, 0x331E0317, 0x3E033733, 0x06060701,
0x420B1311, 0x11090A10, 0x11120D5D, 0x0C15120E, 0x06690409, 0x0C0D130F, 0x0D075906, 0x0D0F110C, 0x06080503, 0x02690B27, 0x181F3431, 0x35202033,
0x3234202C, 0x6B798244, 0x57A65826, 0x413B371D, 0x1D373B41, 0x262E5453, 0x532D89F2, 0x5B000100, 0x14000001, 0xE101D600, 0x17002940, 0x17090103,
0x000C1517, 0x0F081808, 0x16100208, 0x170A0F06, 0x0906010A, 0x003F3F3F, 0x3F012FC6, 0x2FC61112, 0x17393130, 0x13373307, 0x1E031723, 0x26262706,
0x0607233E, 0x03372733, 0xFE607D98, 0x182E2A22, 0x0C801B36, 0x181E3019, 0x7D0F272B, 0x2F16A581, 0x014393E2, 0x1D41423C, 0x18335020, 0x284C2F1C,
0x3D3F3E1C, 0xE4000100, 0x14FF5801, 0xD801D600, 0x22002F40, 0x191F1401, 0x051D1403, 0x18225100, 0x240D2318, 0x5117170A, 0x0E110A0F, 0x000A003F,
0x3FDDC63F, 0x012FED10, 0xC610D6ED, 0x1117395D, 0x3130010E, 0x03070E03, 0x23222627, 0x37161633, 0x32363726, 0x2627331E, 0x03173E03, 0x3701D813,
0x23262B19, 0x13252D37, 0x251F3311, 0x17141F12, 0x242C0D2C, 0x58248009, 0x171A1D0F, 0x0A161413, 0x0801D642, 0x7F797437, 0x283A2512, 0x0A086709,
0x07302158, 0xE3892554, 0x54512323, 0x51535426, 0x00010043, 0x000001B4, 0x01D60011, 0x0057B500, 0x07100702, 0x07B8FFC0, 0xB50D1048, 0x071308B8,
0xFFC0B709, 0x10480812, 0x050E0FB8, 0xFFC0401D, 0x0910480F, 0x00001000, 0x40005000, 0x70000500, 0x00110A0F, 0x55100A08, 0x06065507, 0x06003FED,
0x3F3FED3F, 0xCD012F5D, 0x2F2B3939, 0x10C62B10, 0xCE2B5D31, 0x30010E03, 0x07331521, 0x353E0337, 0x23352101, 0xAA0E343D, 0x3D18DEFE, 0x8F173636,
0x3415C201, 0x5D017C10, 0x3F4E5524, 0x664B2650, 0x4D461C66, 0x0001003F, 0xFF5B01B5, 0x02BB0024, 0x0037401B, 0x226E170E, 0x1C09036E, 0x0E001225,
0x00001372, 0x1212091D, 0x721C1008, 0x72091200, 0x3FED3FED, 0x12392FED, 0x393D2F01, 0x1810DE32, 0xDEFDDCC0, 0x10D0ED31, 0x30131616, 0x15151416,
0x33331523, 0x22263535, 0x34262323, 0x35333236, 0x35353436, 0x33331523, 0x22061515, 0x1406BB36, 0x2F18205D, 0x685A451A, 0x1F36361F, 0x1A455A68,
0x5D20182F, 0x010A0A44, 0x40712A26, 0x604E4A93, 0x2A2B602B, 0x29944A4E, 0x60252B71, 0x40440001, 0x00BDFF5B, 0x013902BB, 0x00030028, 0x40180280,
0x019001E0, 0x01035F01, 0x01200140, 0x01020105, 0x00040212, 0x0010003F, 0x3F0110C6, 0x10C65D5D, 0x5D323130, 0x13331123, 0xBD7C7C02, 0xBBFCA000,
0x01003FFF, 0x5B01B502, 0xBB002800, 0x43402528, 0x400D004D, 0x01400D00, 0x4D106E03, 0x266E1900, 0x152A2009, 0x29000014, 0x72151509, 0x21722012,
0x08720910, 0x003FED3F, 0xED12392F, 0xED393D2F, 0x011810C6, 0xC610DE32, 0xD6FDD0ED, 0x31302B2B, 0x01262635, 0x35342623, 0x23353332, 0x1E021515,
0x14163333, 0x15232206, 0x1515140E, 0x02232335, 0x33323635, 0x35343601, 0x39363018, 0x205C672D, 0x3D25101A, 0x1F37371F, 0x1A10253D, 0x2D675C20,
0x1830010C, 0x0A444071, 0x2A266014, 0x26392593, 0x2A2B602B, 0x29942539, 0x26146025, 0x2B714044, 0x00010015, 0x00AB01E7, 0x0164001F, 0x001F400E,
0x0F1B011B, 0x0B200015, 0x100A051A, 0x1083003F, 0xC4DDCE10, 0xD4C50110, 0xD6C45D31, 0x3025222E, 0x0223220E, 0x0207273E, 0x0333321E, 0x0233323E,
0x0237170E, 0x0301591B, 0x2F2C2913, 0x080F0E0C, 0x065B0414, 0x2132231A, 0x2F2C2814, 0x080F0E0D, 0x065B0513, 0x2231AB15, 0x1A15040D, 0x1A161919,
0x372E1F15, 0x1A15040E, 0x1A161919, 0x372F1F00, 0x01001FFF, 0xF401DE02, 0x77002E00, 0x76B9001E, 0xFFC0B30D, 0x004D1DB8, 0xFFC0B30D, 0x004D1CB8,
0xFFC0B30D, 0x004D1BB8, 0xFFA0402D, 0x0D004D20, 0x06302D29, 0x2B181717, 0x0F0E190D, 0x16632800, 0x2B2F1F1C, 0x4A230929, 0x18732A17, 0x2D0F732E,
0x9F0E010E, 0x070A4A03, 0x02003FFD, 0xC6D65D32, 0xFD32D632, 0xED323FFD, 0xC60110D4, 0x3232FD32, 0x32CC3232, 0x113310CD, 0x3210CECE, 0x3130002B,
0x2B2B2B13, 0x36363332, 0x16170726, 0x26232206, 0x07330723, 0x06061514, 0x16173307, 0x23161633, 0x32363717, 0x06062322, 0x2E022723, 0x35333523,
0x3564177C, 0x591D4022, 0x1B122F1D, 0x33340BB6, 0x11B10101, 0x0101A611, 0x890C3C25, 0x1A3E1B1A, 0x1F4B262A, 0x4E3F2D0A, 0x41393901, 0xAB676508,
0x0E660809, 0x342D5408, 0x0F080810, 0x0854352F, 0x0A0D630F, 0x1117314F, 0x39543F54, 0x0001007E, 0xFF67015B, 0x00A70013, 0x0018400A, 0x0E7A0805,
0x00140B00, 0x130F003F, 0xC5C40110, 0xD6CED6ED, 0x3130173E, 0x03372626, 0x35343633, 0x32161514, 0x0E02077E, 0x1225211A, 0x08262A33, 0x272A2F16,
0x314E3849, 0x04060C16, 0x13043420, 0x27323830, 0x23463C2C, 0x070001FF, 0xFFFF5601, 0xEC02B500, 0x29003340, 0x1A281C2B, 0x26295113, 0x10521108,
0x2A102855, 0x12272057, 0x1901090C, 0x55050F00, 0x3FFDC63F, 0xFDD632ED, 0x320110C6, 0xD6FD32ED, 0x3210C6CE, 0x31302514, 0x0E022322, 0x26273716,
0x16333236, 0x35112335, 0x3335343E, 0x02333216, 0x17072626, 0x23220E02, 0x15153315, 0x2301071C, 0x3243271D, 0x22111C08, 0x13141F22, 0x67672138,
0x48262752, 0x21151745, 0x1F111F17, 0x0EC1C11F, 0x394D2F14, 0x08056602, 0x05253201, 0x57661B39, 0x4B2D130E, 0x10640811, 0x0614251E, 0x19660002,
0x000CFF70, 0x01C30083, 0x00130027, 0x0022400F, 0x22191C27, 0x0E050800, 0x2814270F, 0x00130F00, 0x3FC53FC5, 0x0110D6D6, 0xCDDDC4D6, 0xCDCD3130,
0x173E0337, 0x26263534, 0x36333216, 0x15140E02, 0x07373E03, 0x37262635, 0x34363332, 0x1615140E, 0x02070C13, 0x251F1907, 0x21212E1B, 0x2726182E,
0x462EDA13, 0x25201907, 0x22202E1B, 0x2726182E, 0x462E4D04, 0x080D1712, 0x032B1A23, 0x2333241D, 0x40362603, 0x4304080D, 0x1712032B, 0x1A232333,
0x241D4036, 0x26030003, 0x001CFFF4, 0x01DB0077, 0x000B0017, 0x00230049, 0x402F0940, 0x0E004D4F, 0x09010979, 0x0F031F03, 0x02034F15, 0x5F150215,
0x790F0F01, 0x0F4F215F, 0x21022179, 0x1B240612, 0x121E7418, 0x090C0900, 0x09003F3F, 0x3FED3211, 0x330110D6, 0xFD5DD65D, 0xFD5DD65D, 0xED5D2B31,
0x30052226, 0x35343633, 0x32161514, 0x06232226, 0x35343633, 0x32161514, 0x06232226, 0x35343633, 0x32161514, 0x0601A11C, 0x1E1E1C1C, 0x1E1DC21D,
0x1D1D1D1B, 0x1F1EC21D, 0x1D1D1D1B, 0x1F1E0C29, 0x19192829, 0x18192929, 0x19192829, 0x18192929, 0x19192829, 0x18192900, 0x01003EFF, 0x7F01B802,
0x6B001100, 0x3A402010, 0x0F00520C, 0x0B400950, 0x09800990, 0x09040909, 0x13120009, 0x550F0C0C, 0x0D04130D, 0x02058800, 0x3F3F10CE, 0x11392FC0,
0xFDC00111, 0x12392F5D, 0xCD33FD32, 0xCD313001, 0x15140607, 0x23262635, 0x35233533, 0x35331533, 0x15013108, 0x094B0809, 0x86866D87, 0x0150CC48,
0x7B42417C, 0x48CC66B5, 0xB5660001, 0x003AFF7F, 0x01B5026B, 0x0017006C, 0xB90017FF, 0xC0B31A00, 0x4D16B8FF, 0xC0B31A00, 0x4D13B8FF, 0xC0B31A00,
0x4D12B8FF, 0xC0402C1A, 0x004D1913, 0x17151100, 0x520E0B0A, 0x070C3008, 0x40085008, 0x03081800, 0x0772150A, 0x140B7211, 0x5F0E6F0E, 0x020E7B0F,
0x02038800, 0x3F3FFD5D, 0x32FD32D6, 0x32ED3201, 0x10D65D32, 0xD5323232, 0xFD3232D5, 0x32C63130, 0x2B2B2B2B, 0x25060607, 0x23262627, 0x23353335,
0x23353335, 0x33153315, 0x23153315, 0x012E0208, 0x084A0809, 0x01868686, 0x866E8787, 0x87623D6C, 0x3A396D3D, 0x678766B5, 0xB5668767, 0x00010070,
0x01FE0186, 0x02B30005, 0x00404022, 0x02400D00, 0x4D02200C, 0x004D2B02, 0x01040306, 0x02010005, 0x07020502, 0x05060702, 0x72050303, 0x017E003F,
0x3310DDED, 0x01111239, 0x393D2F2F, 0x11123939, 0x11123939, 0x3130005D, 0x2B2B0107, 0x27072737, 0x01863159, 0x59338C02, 0x393B4545, 0x3B7A0007,
0x0009FFF3, 0x01EB0279, 0x000B0017, 0x00230027, 0x0033003F, 0x004B0115, 0xB9003EFF, 0xC0401318, 0x004D3C40, 0x18004D38, 0x2018004D, 0x38581600,
0x4D36B8FF, 0xE0B31800, 0x4D36B8FF, 0xC0B31600, 0x4D22B8FF, 0xC0401718, 0x004DC422, 0x01204018, 0x004DCC20, 0x011C2018, 0x004DCB1C, 0x011AB8FF,
0xC0B61800, 0x4DC41A01, 0x0AB8FFC0, 0x40171800, 0x4DC40A01, 0x08401800, 0x4DCB0801, 0x04401800, 0x4DCB0401, 0x02B8FFC0, 0xB618004D, 0xC4020124,
0xB8FFE040, 0x4B0E1000, 0x4C0F001F, 0x0002007F, 0x120C7F06, 0x187F1F2E, 0x012E287F, 0x1E26274D, 0x103A013A, 0x7F40467F, 0x34254C2B, 0x80272637,
0x1B1B2137, 0x3D80490F, 0x80034937, 0x25240325, 0x03250309, 0x43803703, 0x31802107, 0x15800907, 0x003FED3F, 0xED3FED12, 0x39392F2F, 0x11391112,
0x3910ED10, 0xED111239, 0x2F123939, 0xED0110D6, 0xD6FDD6ED, 0x5D10D6C5, 0xD6FDD65D, 0xFDD6FDD6, 0xED5D3130, 0x002B015D, 0x2B5D2B5D, 0x2B5D2B5D,
0x2B5D2B5D, 0x2B5D2B2B, 0x2B2B2B2B, 0x2B373436, 0x33321615, 0x14062322, 0x26373426, 0x23220615, 0x14163332, 0x36373436, 0x33321615, 0x14062322,
0x26252725, 0x17033426, 0x23220615, 0x14163332, 0x36013436, 0x33321615, 0x14062322, 0x26373426, 0x23220615, 0x14163332, 0x364F302E, 0x30303030,
0x2E307B0E, 0x0F0E0D0D, 0x0E0F0E5F, 0x302F3030, 0x30302F30, 0xFEF91901, 0xC919460E, 0x0F0F0D0D, 0x0F0F0EFE, 0x68302E30, 0x3030302E, 0x307B0E0F,
0x0E0E0E0E, 0x0F0E7C43, 0x47474343, 0x46464324, 0x20202424, 0x20202443, 0x47474343, 0x4646AF2C, 0xE52DFEB0, 0x24202024, 0x24202001, 0x98434646,
0x43444646, 0x44241F1F, 0x24251F1F, 0xFFFF0028, 0xFFF301CC, 0x033E0226, 0x00360000, 0x0107015F, 0x0000008B, 0x0010400B, 0x01012F33, 0x2B245001,
0x11344F2B, 0x2B340000, 0x00010084, 0x0027017C, 0x01D40005, 0x0038B900, 0x00FFC0B3, 0x10004D00, 0xB8FFC040, 0x130A004D, 0x05010003, 0x06050400,
0x01030302, 0x040B0207, 0x003F3F12, 0x393D2F39, 0x39123901, 0x1810DEDD, 0xDDC03130, 0x2B2B2517, 0x07273717, 0x01215B65, 0x939365FE, 0xA730D7D6,
0x2F000200, 0x12FFFB01, 0xEB027100, 0x16002500, 0x6E404B12, 0x400C004D, 0x10400C00, 0x4D0F1019, 0x442F143F, 0x14021444, 0x0F121F12, 0x2F120312,
0x3F154F15, 0x5F150315, 0x3F0D4F0D, 0x5F0D030D, 0x27202101, 0x21530626, 0x14481608, 0x13484F11, 0x01110F48, 0x0D021C4A, 0x0902174A, 0x0309003F,
0xED3FED3F, 0xFDD65DED, 0x3FED0110, 0xD6ED5D10, 0xCE5DDE5D, 0xCE5DFD5D, 0xEDD0C031, 0x302B2B21, 0x06062322, 0x26353436, 0x33321617, 0x33152315,
0x33152315, 0x33152532, 0x37112623, 0x220E0215, 0x141E0201, 0x130C190E, 0x65696B62, 0x0F1C0EC6, 0x6F58587C, 0xFEF4110F, 0x0F111C23, 0x13070614,
0x22030295, 0xA6A59604, 0x02668A66, 0xAF666605, 0x0196051D, 0x364D3030, 0x4D361D00, 0x01009001, 0x8F016D02, 0xCF001300, 0x16400905, 0x00087A0E,
0x140B138A, 0x003FC401, 0x10D6EDD4, 0xCE313001, 0x0E030716, 0x16151406, 0x23222635, 0x343E0237, 0x016D1224, 0x211B0826, 0x2A33272A, 0x2F16314E,
0x38027F03, 0x070C1613, 0x03352027, 0x32383022, 0x473C2C07, 0x00010090, 0x019F016D, 0x02DF0013, 0x00204012, 0x07400B00, 0x4D074009, 0x004D0E7A,
0x0800140B, 0x13A3003F, 0xC40110D6, 0xD6ED3130, 0x2B2B133E, 0x03372626, 0x35343633, 0x32161514, 0x0E020790, 0x1225211A, 0x08262A33, 0x272A2F16,
0x314E3801, 0xEF04060C, 0x16130434, 0x20273238, 0x3023463C, 0x2C070002, 0x0029019D, 0x01E002B1, 0x00130027, 0x00264012, 0x0500080F, 0x0E010E19,
0x141C2228, 0x271FA313, 0x0BA3003F, 0xC43FC401, 0x10D6DDD6, 0xCED65DDD, 0xD6CE3130, 0x010E0307, 0x16161514, 0x06232226, 0x35343E02, 0x37070E03,
0x07161615, 0x14062322, 0x2635343E, 0x023701E0, 0x13242019, 0x0721212E, 0x1B272618, 0x2E462EDA, 0x13252019, 0x0722202E, 0x1B272618, 0x2E462E02,
0x6E04080D, 0x1713022B, 0x1A232434, 0x241D4036, 0x26034304, 0x080D1713, 0x022B1A23, 0x2434241D, 0x40362603, 0x0002001D, 0x01BF01D5, 0x02D20013,
0x0027002E, 0x40192295, 0x191C2014, 0x30140214, 0x0E950508, 0x90000100, 0x28271F8A, 0x130B8A00, 0x3FC43FC4, 0x0110D65D, 0xD6CDFDDE, 0x5DD6CDED,
0x3130133E, 0x03372626, 0x35343633, 0x32161514, 0x0E020737, 0x3E033726, 0x26353436, 0x33321615, 0x140E0207, 0x1D132520, 0x19072220, 0x2E1B2726,
0x182E462E, 0xDA132520, 0x19072220, 0x2D1C2726, 0x182F452E, 0x02010408, 0x0D171302, 0x2B1A2324, 0x34241D40, 0x36250342, 0x04080D17, 0x13022B1A,
0x23243424, 0x1D403625, 0x03000100, 0x7200AB01, 0x8201C900, 0x13001540, 0x090F0001, 0x000A1405, 0x0F0B003F, 0xC50110D6, 0xC55D3130, 0x01140E02,
0x23222E02, 0x35343E02, 0x33321E02, 0x01821323, 0x331F2032, 0x23131323, 0x32201F33, 0x2313013A, 0x1D332817, 0x1728331D, 0x1C342817, 0x17283400,
0x01003600, 0xDD01BF01, 0x39000300, 0x10B50103, 0x04030094, 0x003FC501, 0x10D6CD31, 0x30132115, 0x21360189, 0xFE770139, 0x5C000100, 0x0000DD01,
0xF4013900, 0x030012B6, 0x02050304, 0x02009400, 0x3FC50110, 0xC010C031, 0x30112115, 0x2101F4FE, 0x0C01395C, 0x0001005A, 0x0217019E, 0x02A0001B,
0x009DB900, 0x11FFC0B3, 0x0B004D10, 0xB8FFE0B3, 0x0C004D10, 0xB8FFC0B3, 0x0B004D10, 0xB8FFE0B4, 0x090A004C, 0x0FB8FFE0, 0xB4090A00, 0x4C0EB8FF,
0xC0B30C00, 0x4D0EB8FF, 0xA0B30B00, 0x4D0EB8FF, 0xC0B4090A, 0x004C0DB8, 0xFFC0B30A, 0x004D0DB8, 0xFFE04025, 0x09004D0A, 0x1813050D, 0x13051B1B,
0x05130D04, 0x1C001D00, 0x0E100E30, 0x0E030E1C, 0x1B820518, 0x130D0A13, 0x82003FD5, 0xC610DCC5, 0x3F0110C6, 0x5D10CE12, 0x17392F2F, 0x2F2F1112,
0x39393130, 0x002B2B2B, 0x2B2B2B2B, 0x2B2B2B01, 0x0E032322, 0x2E022322, 0x0607273E, 0x0333321E, 0x02333236, 0x37019E05, 0x131B2214, 0x101B1B1B,
0x0F111708, 0x3B05131B, 0x2215101B, 0x1B1A0F11, 0x18070279, 0x0E1F1C12, 0x0A0B0A17, 0x0F270E20, 0x1C120A0B, 0x0A160F00, 0x02001201, 0x6501DC02,
0x6B000700, 0x24008E40, 0x56100E01, 0x0C240123, 0x241D0809, 0x0F0F1601, 0x16161D0F, 0x0E010E82, 0x0F0F010F, 0x0F010101, 0x82028200, 0x06010682,
0x04251E82, 0x2F1D011F, 0x1D01001D, 0x012F1D01, 0x1D232424, 0x18101D01, 0x1D831802, 0x09140808, 0x0E14020E, 0x83100301, 0x03830602, 0x81000200,
0x3FED323F, 0x5D3F3F12, 0x392F1239, 0x3F3F5D12, 0x392F3901, 0x2F5D7171, 0x72ED10DE, 0xEE71FDFD, 0x71D671ED, 0x5D12393D, 0x2F5D1239, 0x39123939,
0x5D313000, 0x5D131523, 0x15233523, 0x3505270E, 0x0315233E, 0x03373317, 0x37331E03, 0x1723342E, 0x022707CC, 0x403A4001, 0x34270202, 0x01013A03,
0x06070705, 0x362C2F36, 0x05070605, 0x033A0101, 0x02012A02, 0x6B32D4D4, 0x32C17414, 0x3C392C04, 0x324A3C33, 0x1B88881B, 0x343C4A31, 0x042C393C,
0x1474FFFF, 0x0036FFF5, 0x01BA02B3, 0x02260056, 0x00000106, 0x015F0000, 0x0010400B, 0x01033236, 0x2E255001, 0x11374F2B, 0x2B340001, 0x009B0027,
0x019301D4, 0x0005005C, 0xB5042810, 0x004D03B8, 0xFFF8B30B, 0x004D04B8, 0xFFE0B309, 0x004D03B8, 0xFFD8401E, 0x0B004D00, 0x200F004D, 0x00040502,
0x07010306, 0x07040302, 0x00050103, 0x05030507, 0x017E003F, 0x1239393D, 0x2F182F11, 0x12393911, 0x39011112, 0x393910D6, 0xDDDDC031, 0x30002B2B,
0x2B012B2B, 0x13371707, 0x27379B65, 0x9393655B, 0x01A52FD6, 0xD730A700, 0x030016FF, 0xF501E801, 0xE2002600, 0x32003D00, 0x70B9000F, 0xFFC0B309,
0x004D0EB8, 0xFFC0403B, 0x09004D35, 0x400D004D, 0x202D302D, 0x02272D12, 0x38393938, 0x122D2705, 0x3E1B0E3F, 0x003E2A57, 0x24077012, 0x80120212,
0x3939091A, 0x17571E07, 0x30330133, 0x57090B30, 0x57030B00, 0x3FED3FED, 0x5D3FFDC6, 0x12392FC5, 0x5D3FED01, 0x10C610C6, 0xC6121739, 0x2F2F2F2F,
0x2F5D3130, 0x002B012B, 0x2B373436, 0x33321617, 0x36363332, 0x1E021514, 0x0607231E, 0x03333236, 0x37170606, 0x23222627, 0x06062322, 0x26371416,
0x33323635, 0x34262322, 0x0637220E, 0x02153334, 0x2E02164D, 0x421C3511, 0x132E1A1D, 0x31241401, 0x01B3010E, 0x161C1012, 0x230E1217, 0x2D1E2936,
0x110F3023, 0x49465E1D, 0x14141C1D, 0x14141CEE, 0x0D110B05, 0x58040910, 0xEC7E7821, 0x201F2218, 0x3658400C, 0x25081C27, 0x190B0908, 0x610C0B25,
0x1A1A257E, 0x7950403F, 0x5150403F, 0x43131E25, 0x1213261D, 0x12FFFF00, 0x0D000001, 0xE8032C02, 0x26003C00, 0x00010700, 0x83000000, 0x8B001740,
0x10020101, 0x17291106, 0x50020521, 0x4F010515, 0x4F2B2B2B, 0x34340000, 0x00000200, 0xA7FF5B01, 0x4D01D100, 0x0D001900, 0x23401214, 0x710E0B6F,
0x001A0617, 0x750D1101, 0x01117F0C, 0x12003F3F, 0x5F5DFDCE, 0x0110D6ED, 0xD4ED3130, 0x17343E02, 0x37331E03, 0x15152303, 0x34363332, 0x16151406,
0x232226B3, 0x03050704, 0x66040806, 0x038E0C33, 0x20203333, 0x20203301, 0x24393434, 0x20203434, 0x3924A402, 0x24272B2B, 0x27272B2B, 0x0001002E,
0xFF9F01C7, 0x026A0021, 0x005BB900, 0x1DFFC040, 0x320B004D, 0x09001701, 0x17231F1B, 0x011B511C, 0x001F0601, 0x06510410, 0x53200030, 0x00500003,
0x00221B1A, 0x1D571313, 0x22040A0D, 0x57060305, 0x02040200, 0x3F3FDD32, 0xFDC61112, 0x392FFD32, 0xC50110D6, 0x5DEDD4ED, 0x5D10D4ED, 0x5D10D65D,
0xC6313000, 0x2B133436, 0x37353315, 0x16161707, 0x26262322, 0x06151416, 0x33323637, 0x17060607, 0x1523352E, 0x032E5960, 0x7C182D17, 0x1A132F24,
0x53404553, 0x1D3C1911, 0x13321F7C, 0x30462D16, 0x0106557B, 0x14807B02, 0x0C096807, 0x0B3F3D3C, 0x4008086A, 0x080A027D, 0x82092A3C, 0x4C000100,
0x26000001, 0xC7027700, 0x23005940, 0x141B0901, 0x1A250003, 0x6E110E0F, 0x0B1F0B02, 0x0B0F241B, 0x1EB8FFC0, 0x401C0B00, 0x4D301E01, 0x1E74170F,
0x0272104F, 0x01010101, 0x0B17030B, 0x08080972, 0x0A08003F, 0xED323F3F, 0x12392F5D, 0x33ED3210, 0xFD5D2BCE, 0x0110D6D6, 0x5DD632ED, 0x3210DEC6,
0xC6C53130, 0x13331523, 0x140E0207, 0x33152136, 0x36372335, 0x3335343E, 0x02333216, 0x17072626, 0x27220E02, 0x15EA9494, 0x02030403, 0xE9FE9010,
0x0A024D4D, 0x1D344B2F, 0x233F1E21, 0x15241A15, 0x24190E01, 0x5B651026, 0x27240F66, 0x487B3365, 0x34435936, 0x160E0D62, 0x0B080109, 0x192A2100,
0x02001400, 0x5601E202, 0x16001D00, 0x2900DBB5, 0x25400E00, 0x4D19B8FF, 0xE0B30E00, 0x4D19B8FF, 0xC8B30D00, 0x4D19B8FF, 0xC0B40B0C, 0x004C15B8,
0xFFE0B30E, 0x004D15B8, 0xFFC04020, 0x0B0D004C, 0x14400C00, 0x4D09200E, 0x004D0940, 0x0B0D004C, 0x05200E00, 0x4D05400B, 0x0D004C04, 0xB8FFC0B3,
0x0C004D03, 0xB8FFC040, 0x130C004D, 0x1C400D00, 0x4D1C200C, 0x004D1C40, 0x0B004D12, 0xB8FFC0B4, 0x0B0D004C, 0x0CB8FFC0, 0x402F0B0D, 0x004C0240,
0x0D004D02, 0x400B004D, 0x040A501E, 0x011E8410, 0x07010724, 0x84171A14, 0x17172A2B, 0x130B2784, 0x0F2A2184, 0x001BA703, 0xA7003F3F, 0xDEED10DE,
0xEDDEC601, 0x1112392F, 0xDEC010FD, 0xDC5DED5D, 0xDEC03130, 0x002B2B2B, 0x2B2B2B2B, 0x012B2B2B, 0x2B2B2B2B, 0x2B2B2B2B, 0x2B2B1332, 0x17371707,
0x16151407, 0x17072706, 0x06232226, 0x27072737, 0x26353437, 0x27371736, 0x17342623, 0x22061514, 0x16333236, 0xFB2C2642, 0x53401313, 0x40544213,
0x27171727, 0x14425340, 0x13134054, 0x4224762B, 0x1E1E2B2B, 0x1E1E2B01, 0xE6103F51, 0x3E242C2C, 0x243E5240, 0x09070709, 0x3F513E22, 0x2E2E223E,
0x524010B0, 0x26282826, 0x26282800, 0x01000D00, 0x0001E802, 0x6B002100, 0x85B9000D, 0xFFE04045, 0x0D004D16, 0x44172309, 0x051D1E1E, 0x21210003,
0x04140201, 0x00050804, 0x201F0100, 0x1400011F, 0x20140408, 0x05082223, 0x11441022, 0x17021C0B, 0x73080104, 0x7320071F, 0x14110808, 0x03110210,
0x02030802, 0x08003F3F, 0x3F3F1239, 0x2F123933, 0xDE32ED32, 0x10ED323F, 0x0110D6ED, 0x11121739, 0x3D2F182F, 0x2F2F2F2F, 0x2F2F1112, 0x39111239,
0x11331133, 0x11331133, 0x10D6ED31, 0x302B2523, 0x15233523, 0x35333523, 0x35332E03, 0x27331616, 0x17363733, 0x0E030733, 0x15231533, 0x01C0877C,
0x88888865, 0x13292621, 0x0A841533, 0x2447257F, 0x0B1E2327, 0x135E8787, 0x68686854, 0x3E54224B, 0x4B471E40, 0x82488E7C, 0x1D474C4B, 0x22543E00,
0x0200BDFF, 0x5B013902, 0xBB000300, 0x07002440, 0x11010902, 0x056E0304, 0x00080705, 0x10031200, 0x0212003F, 0xC53F3FC5, 0x0110C6D6, 0x32FD32D6,
0xC6313037, 0x33112311, 0x331123BD, 0x7C7C7C7C, 0xBDFE9E03, 0x60FE9E00, 0x020031FF, 0x9E01C102, 0x7A003400, 0x440084B5, 0x27400B00, 0x4D0DB8FF,
0xE0400A0B, 0x004D3D40, 0x1314004C, 0x35B8FFC0, 0x403E1314, 0x004C0846, 0x2E46353D, 0x102F403F, 0x40024064, 0x00280128, 0x1C462346, 0x16386400,
0x10101030, 0x10031030, 0x34013445, 0x26353D0B, 0x0B3D3526, 0x04200005, 0x6731101D, 0x20671903, 0x003FFDC6, 0x3FFDC612, 0x17392F2F, 0x2F2F0110,
0xC65DD65D, 0xEDD4ED10, 0xCED65DED, 0x5D123939, 0x10DEED31, 0x30002B2B, 0x012B2B37, 0x1E033332, 0x36353426, 0x272E0335, 0x34363726, 0x26353436,
0x33321617, 0x07262623, 0x22061514, 0x16171615, 0x14060716, 0x16151406, 0x23222627, 0x13060615, 0x141E0217, 0x36363534, 0x2E025214, 0x24242818,
0x2123252D, 0x233D2E1B, 0x20261317, 0x645E2856, 0x23211C3D, 0x2829161D, 0x2AA51F20, 0x1919645B, 0x45601F9C, 0x1217091D, 0x352D1216, 0x0A1E3528,
0x080C0904, 0x17131019, 0x0E0C1B26, 0x32232440, 0x24112C19, 0x454D130E, 0x620B0F18, 0x0F12180C, 0x30712638, 0x1E172D23, 0x4B471810, 0x019D0E29,
0x0F111A16, 0x170E0F28, 0x0F121915, 0x17000200, 0x53021A01, 0xA402A100, 0x0B001700, 0x20401015, 0x0F092003, 0x30030203, 0x180C129F, 0x00069F00,
0x3FCD3FCD, 0x0110D65D, 0xDDDECD31, 0x30132226, 0x35343633, 0x32161514, 0x06332226, 0x35343633, 0x32161514, 0x06981C29, 0x291C1B2A, 0x2AAC1C29,
0x291C1C29, 0x29021A23, 0x20202424, 0x20202323, 0x20202424, 0x20202300, 0x030019FF, 0xF301DD01, 0xDB001D00, 0x31004500, 0x89B90044, 0xFFE0B30C,
0x004D43B8, 0xFFE0B30D, 0x004D3FB8, 0xFFE04047, 0x0C0D004C, 0x3A200C00, 0x4D4F3901, 0x34200C00, 0x4D10001D, 0x111D111D, 0x17377F3F, 0x285F287F,
0x28032847, 0x177F4008, 0x0108417F, 0x1E461480, 0x0D1A8003, 0x4F0D0130, 0x03010D03, 0x0D033C32, 0x802D073C, 0x80230B00, 0x3FED3FED, 0x1139392F,
0x2F5D5D10, 0xED10ED01, 0x10D6FDD6, 0x5DED10DE, 0x5DED1139, 0x392F2F11, 0x39393130, 0x2B5D2B2B, 0x2B2B2506, 0x0623222E, 0x0235343E, 0x02333216,
0x17072626, 0x23220615, 0x14163332, 0x36372534, 0x3E023332, 0x1E021514, 0x0E022322, 0x2E021732, 0x3E023534, 0x2E022322, 0x0E021514, 0x1E020147,
0x1125111D, 0x2B1C0E0E, 0x1C2B1E10, 0x2311140B, 0x1609201B, 0x211E0917, 0x0BFEE326, 0x3F512C2B, 0x523F2626, 0x3F522B2C, 0x513F26E1, 0x1E382D1B,
0x1B2C391E, 0x1E382D1B, 0x1B2D3878, 0x08081523, 0x2D18182E, 0x24160508, 0x36050328, 0x19202504, 0x053A3D5C, 0x3D1E1E3D, 0x5C3D3D5B, 0x3D1F1F3D,
0x5B77172E, 0x442C2B43, 0x2E18182E, 0x432B2C44, 0x2E170002, 0x00680113, 0x01950278, 0x000C002B, 0x006C400B, 0x29400E00, 0x4D0A400E, 0x004D03B8,
0xFFC0B30E, 0x004D1EB8, 0xFFC0B30D, 0x004D1CB8, 0xFFC0402A, 0x0D004D04, 0x21856012, 0x01122D29, 0x0A843019, 0x60197019, 0x03192C9F, 0x1E011E81,
0x07070D00, 0x7DB01601, 0x1628257D, 0x0D03003F, 0xFDC22F5D, 0xED113910, 0xED5D0110, 0xD65DEDC4, 0x10DE5DED, 0x32313000, 0x2B2B012B, 0x2B2B0132,
0x36373526, 0x26232206, 0x15141613, 0x321E0215, 0x15060623, 0x22263534, 0x3E023332, 0x16173534, 0x26232206, 0x07273636, 0x01060E1A, 0x0806170A,
0x1B282012, 0x2B3A230F, 0x144E3446, 0x51182936, 0x1E121C0B, 0x1E251932, 0x120D1143, 0x015F0201, 0x4502030F, 0x17171001, 0x19132333, 0x1FCB050D,
0x333E1E29, 0x180B0402, 0x09191C07, 0x064F050B, 0x00020032, 0x002E01C3, 0x01CE0005, 0x000B005B, 0x40180304, 0x05090A0B, 0x07065F08, 0x0108790B,
0x525F0201, 0x02790501, 0x0005B8FF, 0xC0401409, 0x1048050C, 0x0A08080A, 0x060D0402, 0x02040C06, 0x0A000A00, 0x3F3F1139, 0x393D2F18, 0x2F111239,
0x393D2F18, 0x2F0110DE, 0x2BD1C910, 0xFD5DFEED, 0x5DD9C910, 0xD9C910D1, 0xC9313013, 0x17071707, 0x27251707, 0x170727BA, 0x415E5E3F, 0x8A014F42,
0x5D5D4088, 0x01CE28A7, 0xA72AD1CF, 0x28A7A72A, 0xD1000100, 0x2D002A01, 0xC0016B00, 0x05001740, 0x0A057902, 0x03060002, 0x72048300, 0x3FFDC501,
0x10D6DDED, 0x31302523, 0x35213521, 0x01C069FE, 0xD601932A, 0xDB66FFFF, 0x007100C4, 0x0183013D, 0x02060010, 0x00000004, 0x0019FFF3, 0x01DD01DB,
0x0012001D, 0x00310045, 0x00F8B900, 0x44FFE0B6, 0x0C004D44, 0x43013FB8, 0xFFE04021, 0x0C0D004C, 0x3A400D00, 0x4D3A200C, 0x004D3420, 0x0C004D4B,
0x34011A60, 0x1A004D17, 0x401B004D, 0x0EB8FFC0, 0xB316004D, 0x1DB8FFC0, 0x40741A00, 0x4D1B401A, 0x004D1740, 0x1B004D06, 0x400A004D, 0x12120F0F,
0x820E0B0B, 0x0E174019, 0x004D177F, 0x5F090109, 0x40191C48, 0xFB0901E4, 0x09013F09, 0x4F090209, 0x377F1F28, 0x3F285F28, 0x7F280428, 0x471D1313,
0x01011000, 0x01008203, 0x40101348, 0x03417F1E, 0x460F0100, 0x80140114, 0x01143C32, 0x802D071A, 0x801F062F, 0x063F0603, 0x06813C80, 0x230B003F,
0xFDFE71ED, 0x3FED1239, 0x392F2F10, 0xED113301, 0x10D6FDD6, 0x2BED7132, 0x2F321133, 0x10DE5DFD, 0xDE5D5D5D, 0x2B71ED2B, 0xC2322F10, 0xE92F322F,
0x3130002B, 0x2B2B2B01, 0x2B2B2B5D, 0x2B2B2B2B, 0x5D2B3715, 0x23353636, 0x33321615, 0x14071616, 0x17232626, 0x27273332, 0x36353426, 0x23220607,
0x07343E02, 0x33321E02, 0x15140E02, 0x23222E02, 0x17323E02, 0x35342E02, 0x23220E02, 0x15141E02, 0xDC360E22, 0x13393728, 0x0C1A0D39, 0x0D140A24,
0x121B1A20, 0x11060B05, 0xC3263F51, 0x2C2B523F, 0x26263F52, 0x2B2C513F, 0x26E11E38, 0x2D1B1B2C, 0x391E1E38, 0x2D1B1B2D, 0x38BB4DEE, 0x04052C2A,
0x3017112F, 0x1A182510, 0x320E1714, 0x0D01014A, 0x3D5C3D1E, 0x1E3D5C3D, 0x3D5B3D1F, 0x1F3D5B77, 0x172E442C, 0x2B432E18, 0x182E432B, 0x2C442E17,
0x0001006C, 0x0230018C, 0x02870003, 0x0011B602, 0x00040373, 0x0193003F, 0xED0110D6, 0xCD313013, 0x2115216C, 0x0120FEE0, 0x02875700, 0x02006C01,
0xA5018C02, 0xBA000F00, 0x1B001F40, 0x0F1D057C, 0x13197C0D, 0x1C0A7D10, 0x167D0010, 0x003FFDDE, 0xED0110D6, 0xFDDEFDC6, 0x31301332, 0x1E021514,
0x0E022322, 0x26353436, 0x17323635, 0x34262322, 0x06151416, 0xFC1F3526, 0x16162635, 0x1F424E50, 0x40171F1F, 0x17172020, 0x02BA1324, 0x34202033,
0x24134941, 0x414AC11B, 0x1C1C1A1A, 0x1C1C1B00, 0x02002800, 0x0001CC02, 0x2E000300, 0x0F007DB9, 0x0001FFC0, 0xB30D004D, 0x00B8FFC0, 0x40200D00,
0x4D02700A, 0x800A020A, 0x08E00B01, 0x0B520E70, 0x05800502, 0x05047000, 0x01001003, 0x0807B8FF, 0xC040260A, 0x004D7007, 0x80070207, 0x0508550E,
0x700B800B, 0x020B0C40, 0x090A004C, 0x400C012F, 0x0C3F0C02, 0x0C015502, 0x08003FFD, 0xD65D5D2B, 0xDD5D32FD, 0x32CD5D2B, 0x3F0110D6, 0x5DD0DD5D,
0x32FD5D32, 0xDD5DC031, 0x30002B2B, 0x37211521, 0x11333533, 0x15331523, 0x15233523, 0x2801A4FE, 0x5C9D6A9D, 0x9D6A9D66, 0x6601929C, 0x9C669D9D,
0x00010071, 0x010E0182, 0x0279001C, 0x0037401D, 0x10840007, 0x1E170684, 0x0A1D0607, 0x7C0D03B0, 0x08C00802, 0x08081A1E, 0x16137D1A, 0x74003FFD,
0xCE111239, 0x2F5D3939, 0xED320110, 0xD6EDC610, 0xDED6ED31, 0x30011406, 0x07060607, 0x33152135, 0x34363736, 0x36353426, 0x23220607, 0x27363633,
0x32160179, 0x2E1B101F, 0x0B8CFEFF, 0x2F2D191D, 0x100F1A2C, 0x0F2E1748, 0x28463B02, 0x0B273517, 0x0D1E0E51, 0x192C4626, 0x151E100E, 0x10140D45,
0x14213D00, 0x01007101, 0x07018002, 0x79002A00, 0xDF400B22, 0x400C004D, 0x21400B00, 0x4D20B8FF, 0xC0B31300, 0x4D1FB8FF, 0xC0B31500, 0x4D1FB8FF,
0xC0400913, 0x004D0340, 0x0C004D28, 0xB8FFC0B3, 0x1A004D28, 0xB8FFC0B3, 0x13004D28, 0xB8FFE0B3, 0x0E004D28, 0xB8FFC0B3, 0x0D004D28, 0xB8FFE0B3,
0x0C004D28, 0xB8FFC040, 0x4F090B00, 0x4C104011, 0x12004C10, 0x400F004D, 0x10200D0E, 0x004C1040, 0x090C004C, 0x0F200E00, 0x4DAF0601, 0x05401300,
0x4D0B843F, 0x19011919, 0x1F070603, 0x03841F2C, 0x11272B28, 0x247D0005, 0x7D080008, 0x1C081C00, 0x032C1410, 0x0D7D1474, 0x003FFDCE, 0x11121739,
0x3D2F182F, 0x2F10ED10, 0xEDCE0110, 0xD6C610DA, 0xE92FCE32, 0x10C02F5D, 0xED313000, 0x2B5D2B2B, 0x2B2B2B2B, 0x2B2B2B2B, 0x2B012B2B, 0x2B2B2B2B,
0x13323635, 0x34232335, 0x33323635, 0x34232206, 0x07273636, 0x33321E02, 0x15140607, 0x16161514, 0x0E022322, 0x26273716, 0x16E72019, 0x3F252515,
0x1A271528, 0x13221643, 0x2024311E, 0x0C11141D, 0x1910243A, 0x2A1E4514, 0x151E2A01, 0x5A140E24, 0x4910111C, 0x0E08460E, 0x15101B25, 0x14132111,
0x0D2D1B19, 0x2A1F120D, 0x0B4F0D07, 0x00010098, 0x02010173, 0x02B30003, 0x0010B500, 0x02040103, 0x7D003FCD, 0x0110D6C5, 0x31300107, 0x27370173,
0xAE2D9E02, 0x5554436F, 0x0001003B, 0xFF5B01B6, 0x01D60018, 0x0037400E, 0x0A51A00B, 0xB00B020B, 0x1A160051, 0x1718B8FF, 0xC0400F09, 0x0C481819,
0x180A160E, 0x06570F07, 0x0B0A003F, 0x3FED3F3F, 0x0110D62B, 0x32ED3210, 0xDE5DED31, 0x30131114, 0x1E023332, 0x36371133, 0x11060623, 0x22262716,
0x16151523, 0x11B60A13, 0x1D130E1D, 0x0C7C205E, 0x33103015, 0x02047B01, 0xD6FF0023, 0x2D1B0B03, 0x020171FE, 0x3A091209, 0x0615271A, 0x53027B00,
0x010013FF, 0x5B01C702, 0x72001300, 0x3E402920, 0x0C300CC0, 0x0CD00CE0, 0x0C050C52, 0x0D201230, 0x12C012D0, 0x12E01205, 0x12521303, 0x14000008,
0x12120D12, 0x11720803, 0x003FED3F, 0x3F12392F, 0x0110D6D4, 0xFD5DD6ED, 0x5D313037, 0x26263534, 0x3E023332, 0x16171123, 0x11262607, 0x1123AC4C,
0x4D23415C, 0x39306526, 0x650A3016, 0x66E8115B, 0x57304A33, 0x1A0B0AFC, 0xFE02AF02, 0x0202FD4F, 0xFFFF00A1, 0x00AF0154, 0x01610207, 0x00110000,
0x00BA0000, 0x0001009F, 0xFF560167, 0x00120019, 0x0018400A, 0x03100A1A, 0x16060B0E, 0x0812003F, 0xD5C63F01, 0x10D6DCC5, 0x31300516, 0x1615140E,
0x02232227, 0x37161633, 0x32353427, 0x27363637, 0x33060601, 0x2C211A15, 0x212C162D, 0x230D0622, 0x10292414, 0x05110550, 0x050A180A, 0x2712171E,
0x12080B3F, 0x02071913, 0x0C061124, 0x080B1400, 0x01008101, 0x0E01A602, 0x72000E00, 0x3B40210E, 0x4012004D, 0x0D401012, 0x004C0D0E, 0x0C790279,
0x07000F0E, 0x00730103, 0x0B01020D, 0x0D100B04, 0x003F1239, 0x2F393912, 0x3910ED32, 0x0110D6C6, 0xFDFDC532, 0x31302B2B, 0x13353335, 0x06060727,
0x36363733, 0x1133158A, 0x6412251B, 0x1B26461A, 0x4D52010E, 0x51A00B0F, 0x0B4E0F26, 0x15FEED51, 0x0002004A, 0x011101A7, 0x02790013, 0x001F0064,
0xB9000DFF, 0xC0B30E00, 0x4D0CB8FF, 0xC0B30E00, 0x4D0BB8FF, 0xC0B30E00, 0x4D0AB8FF, 0xC0B30E00, 0x4D09B8FF, 0xC0B30E00, 0x4D08B8FF, 0xC0B30E00,
0x4D07B8FF, 0xC040170E, 0x004D5F00, 0x01008414, 0x1A84400A, 0x010A2005, 0x741D1774, 0x0F9E003F, 0xFDD6ED01, 0x10D65DFD, 0xD6ED5D31, 0x302B2B2B,
0x2B2B2B2B, 0x01140E02, 0x23222E02, 0x35343E02, 0x33321E02, 0x07342623, 0x22061514, 0x16333236, 0x01A7192E, 0x40272740, 0x2E1A1A2E, 0x40272740,
0x2E196625, 0x23222726, 0x23232501, 0xC42A422E, 0x19192E42, 0x2A2A442E, 0x19192E44, 0x2A2B3131, 0x2B293030, 0x00020032, 0x002E01C3, 0x01CE0005,
0x000B0038, 0x401C050B, 0x0808060A, 0x03090304, 0x00010903, 0x01010309, 0x030D070C, 0x060A0A00, 0x040A003F, 0xC43FC401, 0x10C61217, 0x392F2F2F,
0x11393911, 0x12173910, 0xD5C43130, 0x25273727, 0x37170527, 0x37273717, 0x013B415E, 0x5E3F8AFE, 0xB1425D5D, 0x40882E28, 0xA8A729D0, 0xD028A8A7,
0x29D00004, 0x00020000, 0x01EF0272, 0x000C0017, 0x001C0020, 0x00D3B900, 0x1AFFC0B3, 0x0E004D19, 0xB8FFC0B3, 0x0F004D0A, 0xB8FFE0B3, 0x0F004D0A,
0xB8FFC0B3, 0x0E004D09, 0xB8FFE0B3, 0x0C004D17, 0xB8FFE0B4, 0x0E0F004C, 0x17B8FFC0, 0xB30D004D, 0x14B8FFC0, 0xB30F004D, 0x14B8FFC0, 0x404C0D00,
0x4D00400C, 0x0D004C1E, 0x201F20AF, 0x1D1E141D, 0x1E1D2207, 0x1C8F0440, 0x01010102, 0x221F2190, 0x1201128F, 0x130D2117, 0x14210D14, 0x0D141021,
0x20041F0C, 0x1E0C1D04, 0x128C1004, 0x181C0702, 0x03030706, 0x8E0C008D, 0x058E003F, 0xED323FC5, 0x3210C510, 0xD5C63FED, 0x3F3F3F3F, 0x11123939,
0x2F2F1112, 0x390110D6, 0xD4ED5D10, 0xC610D6D5, 0x5D32ED32, 0x10D4872B, 0x877DC431, 0x30002B2B, 0x2B2B2B01, 0x2B2B2B2B, 0x2B251533, 0x15231523,
0x35233536, 0x36370136, 0x36373315, 0x23350606, 0x07010606, 0x07331301, 0x230101CB, 0x2424507C, 0x172D20FE, 0x9F223218, 0x3F55141C, 0x13016610,
0x190A3345, 0xFEC36401, 0x3DFA943F, 0x27272D2B, 0x4C2F0133, 0x0F1F17FA, 0x960B0C05, 0xFEC81729, 0x140205FD, 0x95026B00, 0x03000200, 0x0001EB02,
0x72001D00, 0x28002C00, 0x6F404109, 0x4014004D, 0x08201400, 0x4D2A292C, 0x2B2A2B2C, 0xAF292A14, 0x292A292E, 0x0C7C1800, 0x2E2B2D90, 0x2301238F,
0x241E2D1E, 0x2528032D, 0x222C042B, 0x0C290423, 0x8C220411, 0x0E99159A, 0x1D81020C, 0x003FED3F, 0xFDC63FED, 0x3F3F3F11, 0x12173901, 0x10D6D4ED,
0x5D10C210, 0xD6D6ED10, 0xD0872B10, 0x00C18705, 0x7D10C431, 0x30012B2B, 0x25152326, 0x34353436, 0x37373636, 0x35342322, 0x06072736, 0x36333216,
0x15140E02, 0x07013636, 0x37331523, 0x35060607, 0x25012301, 0x01EBD102, 0x291D1611, 0x0C1A0F1E, 0x0C29133A, 0x20273D16, 0x20240EFE, 0x84223218,
0x3F55141C, 0x1301ABFE, 0xC364013D, 0x3F3F060C, 0x05232613, 0x0E0B0E0D, 0x16100D35, 0x1717282A, 0x1B221813, 0x0A01EE0F, 0x1F17FA96, 0x0B0C0579,
0xFD95026B, 0x0004000C, 0x000001EF, 0x02790028, 0x0035003A, 0x003E0092, 0x40552B20, 0x0F004D28, 0x4017004D, 0x15401700, 0x4D3C3E3D, 0x3EAF3B3C,
0x143B3C3B, 0x401B207C, 0x060E1E06, 0x14090606, 0x09140340, 0x3D3F2815, 0x3F08800B, 0x2580030B, 0x031E031E, 0x0B03183F, 0x3E043D0C, 0x3C0C3B04,
0x363A2C30, 0x2F0C3529, 0x8D2E0C11, 0x80180500, 0x3FED3FED, 0x323FD532, 0xD5C63F3F, 0x3F3F1112, 0x17393D2F, 0x182F2F10, 0xED10ED01, 0x10D4C610,
0xC2121739, 0x2F2F2F11, 0x393310ED, 0x3210D087, 0x2B877DC4, 0x3130012B, 0x2B2B1316, 0x16333236, 0x35342323, 0x35333236, 0x35342623, 0x22060727,
0x36363332, 0x16151406, 0x07161514, 0x0E022322, 0x26270515, 0x33152315, 0x23352335, 0x36363717, 0x06060733, 0x13012301, 0x1E0B2714, 0x17173B14,
0x161A130F, 0x0B112809, 0x160E381E, 0x34300D11, 0x2A13222D, 0x1B1C3310, 0x01BF2424, 0x507C172D, 0x20181019, 0x0A3357FE, 0xC364013D, 0x01BD050A,
0x080D1A39, 0x0A0A0908, 0x0C05360B, 0x0E291A13, 0x1A0B142B, 0x171E1308, 0x09088694, 0x3F27272D, 0x2B4C2F40, 0x17291402, 0x05FD9502, 0x6B000200,
0x45FF5601, 0xB201D200, 0x20003200, 0x43B90011, 0xFFC04013, 0x0D104811, 0x34297150, 0x21602170, 0x21032133, 0x0A7019B8, 0xFFC0400F, 0x0B104819,
0x33002E75, 0x240B100D, 0x67141200, 0x3FFDC63F, 0xFDC60110, 0xD62BED10, 0xDE5DED10, 0xC62B3130, 0x25161514, 0x06070E03, 0x15141633, 0x32363717,
0x06062322, 0x2E023534, 0x3E043527, 0x34363332, 0x1E021514, 0x0E022322, 0x2E020151, 0x012A220B, 0x17120B2A, 0x20203C23, 0x22235E2E, 0x394A2A11,
0x17232823, 0x17233320, 0x101E180E, 0x0E181E10, 0x101E170E, 0xE5050A28, 0x491C0912, 0x12150C1E, 0x1F13115E, 0x16181E2F, 0x37191D2F, 0x27232224,
0x169A272C, 0x0B161F13, 0x131F150B, 0x0B151FFF, 0xFF000900, 0x0001EB03, 0x3E022600, 0x24000001, 0x070043FF, 0xF0008B00, 0x13B90002, 0xFFFC4009,
0x1A18040B, 0x50020719, 0x4F2B2B34, 0x000000FF, 0xFF000900, 0x0001EB03, 0x3E022600, 0x24000001, 0x07008FFF, 0xF4008B00, 0x10400B02, 0x00191704,
0x0B500207, 0x184F2B2B, 0x340000FF, 0xFF000900, 0x0001EB03, 0x3E022600, 0x24000001, 0x07006900, 0x00008B00, 0x10400B02, 0x011B1704, 0x0B500207,
0x184F2B2B, 0x340000FF, 0xFF000900, 0x0001EB03, 0x2B022600, 0x24000001, 0x070075FF, 0xFF008B00, 0x10400B02, 0x01251704, 0x0B500207, 0x244F2B2B,
0x340000FF, 0xFF000900, 0x0001EB03, 0x2C022600, 0x24000001, 0x07008300, 0x00008B00, 0x17401003, 0x0201192B, 0x040B5003, 0x07234F02, 0x07174F2B,
0x2B2B3434, 0x00000000, 0x03000900, 0x0001EB03, 0x14001800, 0x23002F00, 0xB5B52238, 0x0C004D21, 0xB8FFC0B3, 0x0C004D1E, 0xB8FFE0B6, 0x0C004D34,
0x1D0118B8, 0xFFC0B30C, 0x004D0EB8, 0xFFE0B313, 0x004D0EB8, 0xFFE0B310, 0x004D0DB8, 0xFFE0B30C, 0x004D07B8, 0xFFE0B40B, 0x0C004C04, 0xB8FFF0B3,
0x0E004D04, 0xB8FFC0B3, 0x0C004D00, 0xB8FFC040, 0x310C004D, 0x1E0E0911, 0x0A05302A, 0x07000803, 0x1F05242A, 0x19242419, 0x2A033020, 0x06C00602,
0x06310B30, 0x1E1F4809, 0x09080807, 0x190A0A08, 0x0708003F, 0x3F3F1239, 0x2F3310ED, 0x320110C6, 0x10C65D11, 0x17392F2F, 0x2F111739, 0x11121739,
0x31302B2B, 0x2B2B2B2B, 0x2B2B5D2B, 0x2B2B0114, 0x06071612, 0x17232723, 0x07233612, 0x37262635, 0x343E0233, 0x3216070E, 0x0307332E, 0x03373426,
0x23220615, 0x14163332, 0x36016312, 0x0F2B5628, 0x841DA51C, 0x802B5729, 0x1013111D, 0x26142B3F, 0x6A0A110F, 0x0D067906, 0x0C0F111F, 0x18110F19,
0x190F1118, 0x02AD1A26, 0x0E86FED5, 0xAE8F8FB2, 0x0127840D, 0x281B1927, 0x1A0D34ED, 0x233F3D3E, 0x21213E3D, 0x3FDD1515, 0x15151515, 0x15000200,
0x09000001, 0xEB026B00, 0x13001800, 0x9CB90016, 0xFFC0400A, 0x090C004C, 0x12400B00, 0x4D0EB8FF, 0xC0B40C0D, 0x004C0DB8, 0xFFC04049, 0x0C0D004C,
0x09400B00, 0x4D170102, 0x03031413, 0x00100E0D, 0x0A141800, 0x100F0C0B, 0x0D0A0A0D, 0x0B0C0F10, 0x00181409, 0x12080319, 0x0F120112, 0x18481400,
0x00081308, 0x0E480D0D, 0x09114812, 0x080A4809, 0x02080202, 0x08003F3F, 0x3FED3FED, 0x12392FED, 0x3F12392F, 0x39ED012F, 0x5D10D6C5, 0x1217392F,
0x2F2F2F2F, 0x2F2F2F2F, 0x11123911, 0x12391112, 0x17393130, 0x2B2B2B2B, 0x2B372307, 0x233E0337, 0x21152315, 0x33152315, 0x33152311, 0x06060733,
0xFF5B1B80, 0x1A2C2C2E, 0x1D01186F, 0x58587CEC, 0x11221245, 0x8F8F6AA1, 0x8C854F66, 0x8A66AF66, 0x0218458B, 0x53000100, 0x1BFF5601, 0xD5027900,
0x36004D40, 0x2C32200D, 0x0E004C32, 0x400B004D, 0x24233338, 0x32382C46, 0x19370310, 0x0A37324A, 0x33360924, 0x4A23274A, 0x1E032F4A, 0x16090E08,
0x92003FC5, 0x3FED3FED, 0xD5ED3FD5, 0xE90110D6, 0xDCC510D6, 0xED113310, 0xD6C63231, 0x30002B2B, 0x05161615, 0x140E0223, 0x22273716, 0x16333235,
0x34272736, 0x36372626, 0x35343E02, 0x33321E02, 0x17072626, 0x23220E02, 0x15141633, 0x32363717, 0x06060701, 0x2C211A15, 0x212C162D, 0x230D0622,
0x10292414, 0x02080461, 0x672A4B67, 0x3D213528, 0x1B072017, 0x412A1D37, 0x2B1B4953, 0x303F131F, 0x19553718, 0x0A271217, 0x1E12080B, 0x3F020719,
0x130C0609, 0x140815A1, 0x864D7853, 0x2B0B0E10, 0x04620F15, 0x1531523D, 0x6A71160B, 0x610F1A02, 0xFFFF003F, 0x000001CC, 0x033E0226, 0x00280000,
0x01070043, 0xFFF0008B, 0x0013B900, 0x01FFF040, 0x090F0D00, 0x0A500101, 0x0E4F2B2B, 0x34000000, 0xFFFF003F, 0x000001CC, 0x033E0226, 0x00280000,
0x0107008F, 0xFFF4008B, 0x0013B900, 0x01FFF440, 0x090E0C00, 0x0A500101, 0x0D4F2B2B, 0x34000000, 0xFFFF003F, 0x000001CC, 0x033E0226, 0x00280000,
0x01070069, 0x0000008B, 0x0013B900, 0x01FFF640, 0x09100C00, 0x0A500101, 0x0D4F2B2B, 0x34000000, 0xFFFF003F, 0x000001CC, 0x032C0226, 0x00280000,
0x01070083, 0x0000008B, 0x001AB102, 0x01B8FFF6, 0x400D0E20, 0x000A5002, 0x01184F01, 0x010C4F2B, 0x2B2B3434, 0xFFFF0036, 0x000001BF, 0x033E0226,
0x002C0000, 0x01070043, 0xFFF0008B, 0x0013B900, 0x01FFFB40, 0x090F0D00, 0x06500105, 0x0E4F2B2B, 0x34000000, 0xFFFF0036, 0x000001BF, 0x033E0226,
0x002C0000, 0x0107008F, 0xFFF4008B, 0x0013B900, 0x01FFFF40, 0x090E0C00, 0x06500105, 0x0D4F2B2B, 0x34000000, 0xFFFF0036, 0x000001BF, 0x033E0226,
0x002C0000, 0x01070069, 0x0000008B, 0x0010400B, 0x0100100C, 0x00065001, 0x050D4F2B, 0x2B340000, 0xFFFF0036, 0x000001BF, 0x032C0226, 0x002C0000,
0x01070083, 0x0000008B, 0x00174010, 0x0201010E, 0x20000650, 0x0205184F, 0x01050C4F, 0x2B2B2B34, 0x34000000, 0x00020012, 0xFFF801D9, 0x02720014,
0x00290049, 0x402B2F21, 0x3F210221, 0x46800090, 0x0002002B, 0x16182944, 0x080F0D01, 0x0D0B2A18, 0x09150C0C, 0x15091804, 0x05264A10, 0x021C4A05,
0x09003FED, 0x3FED1217, 0x392F2F2F, 0x2F0110D6, 0xD65D32FD, 0xD0C510D6, 0x5DED5D31, 0x3001140E, 0x02232226, 0x27112335, 0x33353636, 0x33321E02,
0x05331523, 0x15163233, 0x323E0235, 0x342E0223, 0x22060701, 0xD9294964, 0x3C203D23, 0x35352A46, 0x203A6043, 0x25FEEA4C, 0x4C040905, 0x26341F0E,
0x0A1B3025, 0x08100701, 0x3656794C, 0x23070801, 0x0766EF09, 0x06244D77, 0x1666AA01, 0x20384D2E, 0x284C3A23, 0x0102FFFF, 0x002E0000, 0x01C6032B,
0x02260031, 0x00000107, 0x0075FFFF, 0x008B0010, 0x400B0101, 0x1E10050E, 0x5001061D, 0x4F2B2B34, 0x0000FFFF, 0x001BFFF3, 0x01D9033E, 0x02260032,
0x00000107, 0x0043FFF0, 0x008B0013, 0xB90002FF, 0xFC400923, 0x21141950, 0x0216224F, 0x2B2B3400, 0x0000FFFF, 0x001BFFF3, 0x01D9033E, 0x02260032,
0x00000107, 0x008FFFF4, 0x008B0010, 0x400B0200, 0x22201419, 0x50021621, 0x4F2B2B34, 0x0000FFFF, 0x001BFFF3, 0x01D9033E, 0x02260032, 0x00000107,
0x00690000, 0x008B0010, 0x400B0201, 0x24201419, 0x50021621, 0x4F2B2B34, 0x0000FFFF, 0x001BFFF3, 0x01D9032B, 0x02260032, 0x00000107, 0x0075FFFF,
0x008B0010, 0x400B0201, 0x2E201419, 0x5002162D, 0x4F2B2B34, 0x0000FFFF, 0x001BFFF3, 0x01D9032C, 0x02260032, 0x00000107, 0x00830000, 0x008B0017,
0x40100302, 0x01223414, 0x19500316, 0x2C4F0216, 0x204F2B2B, 0x2B343400, 0x00000001, 0x003C0046, 0x01C201CC, 0x000B0074, 0xB90006FF, 0xE0B30F00,
0x4D0BB8FF, 0xF040090F, 0x004D0A08, 0x0F004D06, 0xB8FFF0B3, 0x13004D06, 0xB8FFF8B4, 0x1112004C, 0x06B8FFF0, 0x40211000, 0x4DB70601, 0x03010D09,
0x070C0109, 0x0A02080B, 0x06040703, 0x04050B05, 0x0B050D0A, 0x06000600, 0x3F3F1239, 0x393D2F2F, 0x11173912, 0x39391139, 0x39011810, 0xC6C610C6,
0xC6313000, 0x5D2B2B2B, 0x2B2B012B, 0x01170717, 0x07270727, 0x37273717, 0x017B467D, 0x7E477D7D, 0x457D7D45, 0x7D01CB47, 0x7C7D457E, 0x7E447D7D,
0x487D0003, 0x001BFFD8, 0x01D90293, 0x0013001E, 0x0028008E, 0xB90011FF, 0xE0400A17, 0x004D0720, 0x1112004C, 0x10B8FFE0, 0x40460D0E, 0x004C1446,
0x5F0A010A, 0x40090C48, 0x0A2A0F10, 0x12110429, 0x18212206, 0x0507082A, 0x21221705, 0x08080517, 0x22210529, 0x2A1F4600, 0x29110810, 0x91221718,
0x21170324, 0x1A4A0D09, 0x07020690, 0x244A0303, 0x003FED3F, 0x3F3FED11, 0x173910C5, 0x3F3F0110, 0xD6ED1112, 0x17392F2F, 0x2F2F2F11, 0x12391139,
0x11123911, 0x173910DE, 0x2B5DED31, 0x30002B01, 0x2B2B1334, 0x36333217, 0x37170716, 0x15140623, 0x22270727, 0x37262534, 0x26270316, 0x33323E02,
0x27141713, 0x2623220E, 0x021B7669, 0x37271750, 0x223C746A, 0x392C174F, 0x22370141, 0x03029116, 0x1E1F2715, 0x07C4038D, 0x131B2026, 0x15070134,
0xA0A3132F, 0x284353A1, 0xA0A31730, 0x2847529B, 0x1A3116FE, 0xD811223B, 0x4E2D3027, 0x01220D22, 0x3B4EFFFF, 0x0027FFF3, 0x01CD033E, 0x02260038,
0x00000107, 0x0043FFE7, 0x008B0013, 0xB90001FF, 0xF340091D, 0x1B041450, 0x01061C4F, 0x2B2B3400, 0x0000FFFF, 0x0027FFF3, 0x01CD033E, 0x02260038,
0x00000107, 0x008F0004, 0x008B0010, 0x400B010F, 0x1C1A0414, 0x5001061B, 0x4F2B2B34, 0x0000FFFF, 0x0027FFF3, 0x01CD033E, 0x02260038, 0x00000107,
0x00690000, 0x008B0010, 0x400B0101, 0x1E1A0414, 0x5001061B, 0x4F2B2B34, 0x0000FFFF, 0x0027FFF3, 0x01CD032C, 0x02260038, 0x00000107, 0x00830000,
0x008B0017, 0x40100201, 0x011C2E04, 0x14500206, 0x264F0106, 0x1A4F2B2B, 0x2B343400, 0x0000FFFF, 0x000D0000, 0x01E8033E, 0x0226003C, 0x00000107,
0x008F0004, 0x008B0010, 0x400B010F, 0x17151106, 0x50010516, 0x4F2B2B34, 0x00000002, 0x00360000, 0x01D8026B, 0x000E0019, 0x00444028, 0x17531F03,
0x01031B12, 0x070B5120, 0x0A300A50, 0x0A030A1A, 0x12570C07, 0x57135F13, 0x6F13020C, 0x130C1308, 0x0A020808, 0x003F3F12, 0x39392F2F, 0x5D10ED10,
0xED0110D6, 0x5DED3232, 0x10DE5DED, 0x31301332, 0x16151406, 0x23231523, 0x11331536, 0x32172206, 0x07153332, 0x36353426, 0xE0778182, 0x792C7B7B,
0x0D17190B, 0x270B323B, 0x3C3B0213, 0x6669686A, 0x72026B59, 0x016B0102, 0xC8363230, 0x33000100, 0x1FFFF501, 0xEC02B500, 0x36007E40, 0x2D21400B,
0x0C004C20, 0x400B0C00, 0x4C1F400B, 0x0C004C1E, 0x400B0C00, 0x4C1C400C, 0x004D1440, 0x0B004D13, 0x400B004D, 0x07400C00, 0x4D13B8FF, 0xC040270C,
0x0E004C1F, 0x53050C24, 0x53001953, 0x0C381240, 0x0A004D0F, 0x1201122A, 0x512D3727, 0x5732002B, 0x06131657, 0x0F07003F, 0xFDCE3F3F, 0xED0110D6,
0xFDC65D2B, 0x10D6EDD4, 0xED10D4ED, 0x3130002B, 0x012B2B2B, 0x2B2B2B2B, 0x2B01140E, 0x0215141E, 0x04151406, 0x23222627, 0x37161633, 0x32363534,
0x26272626, 0x35343E02, 0x35342623, 0x22061511, 0x2311343E, 0x0233321E, 0x02019815, 0x18151622, 0x2622164D, 0x5E2F3711, 0x16113315, 0x1B1B2B22,
0x2D18161A, 0x16201D26, 0x267B1630, 0x4A343245, 0x2B130221, 0x2B312322, 0x1D151D19, 0x181F2D20, 0x4D521108, 0x66080F1D, 0x18182411, 0x183B2023,
0x2C252A22, 0x1D1D3A33, 0xFE2101DC, 0x2F503A20, 0x182935FF, 0xFF002CFF, 0xF501B902, 0xB3022600, 0x44000001, 0x060043EF, 0x00001040, 0x0B020232,
0x301C1350, 0x020F314F, 0x2B2B34FF, 0xFF002CFF, 0xF501B902, 0xB3022600, 0x44000001, 0x06008F00, 0x00001040, 0x0B021331, 0x2F1C1350, 0x020F304F,
0x2B2B34FF, 0xFF002CFF, 0xF501B902, 0xB3022600, 0x44000001, 0x06006900, 0x00001040, 0x0B020833, 0x2F1C1350, 0x020F304F, 0x2B2B34FF, 0xFF002CFF,
0xF501B902, 0xA0022600, 0x44000001, 0x06007500, 0x00001040, 0x0B02093D, 0x2F1C1350, 0x020F3C4F, 0x2B2B34FF, 0xFF002CFF, 0xF501B902, 0xA1022600,
0x44000001, 0x06008300, 0x00001740, 0x10030209, 0x31431C13, 0x50030F3B, 0x4F020F2F, 0x4F2B2B2B, 0x343400FF, 0xFF002CFF, 0xF501B902, 0xC3022600,
0x44000001, 0x06016300, 0x00001440, 0x0D030207, 0x362F1C13, 0x5003020F, 0x324F2B34, 0x2B343400, 0x030017FF, 0xF501E801, 0xE2003600, 0x44004F00,
0x8EB54D20, 0x0B004D42, 0xB8FFE0B6, 0x1A004D04, 0x42012DB8, 0xFFE0B317, 0x004D0AB8, 0xFF604043, 0x0D004D2F, 0x400D004D, 0x0B400D00, 0x4D204A30,
0x4A024A52, 0x2C2C5051, 0x0E18513D, 0x52342650, 0x40572107, 0x303A0130, 0x0F01294A, 0x3A0F0F3A, 0x4A290406, 0x14571B07, 0x4557060B, 0x4F300130,
0x57000B00, 0x3FED5D3F, 0xED3FED12, 0x17392F2F, 0x2F2F5D5D, 0x3FED0110, 0xD6C4ED10, 0xD6C61112, 0x3910ED5D, 0x3130002B, 0x2B012B2B, 0x712B2B13,
0x32161736, 0x3633321E, 0x02151414, 0x07231E03, 0x33323637, 0x17060623, 0x22262706, 0x0623222E, 0x02353436, 0x33321617, 0x35342623, 0x22060727,
0x36361326, 0x26232206, 0x15141633, 0x32372626, 0x37220E02, 0x1533342E, 0x02A31F37, 0x15112A19, 0x1D312414, 0x02B3010E, 0x161C1012, 0x230E1217,
0x2D1E2332, 0x11173B1D, 0x22342312, 0x4D3C0D1A, 0x0E1F1B11, 0x2717111A, 0x344C0913, 0x081A211C, 0x1B171A06, 0x038D0D11, 0x0B055804, 0x091001E2,
0x191D1A1C, 0x18365840, 0x0C230A1C, 0x27190B09, 0x08610C0B, 0x1C151A17, 0x1B2C381D, 0x444D0305, 0x172C220B, 0x085F0B0C, 0xFEE50302, 0x1A201B20,
0x0C1A34CF, 0x131E2512, 0x13261D12, 0x0001002C, 0xFF5601D2, 0x01E20036, 0x004CB408, 0x00180118, 0xB8FFC040, 0x0C0B0F48, 0x1838202D, 0x27371153,
0x00B8FFC0, 0x40150C0F, 0x48003717, 0x14573206, 0x282B2592, 0x1C07090C, 0x57050B00, 0x3FFDC63F, 0x3FD5C63F, 0xFDC60110, 0xD62BED10, 0xD6DCC510,
0xD62B5DC6, 0x31303734, 0x3E023332, 0x16170726, 0x2623220E, 0x02151416, 0x33323637, 0x17060623, 0x23071616, 0x15140E02, 0x23222737, 0x16163332,
0x35342727, 0x36372E03, 0x2C204265, 0x462A4423, 0x1B143126, 0x2C3B2410, 0x49581D3F, 0x1A121A4A, 0x320B0521, 0x1A15212C, 0x162D230D, 0x06221029,
0x2414060A, 0x31462D15, 0xEB335A43, 0x270C0E63, 0x070B1525, 0x341E414A, 0x0809650A, 0x0D0D0A27, 0x12171E12, 0x080B3F02, 0x0719130C, 0x0615140A,
0x2C3E4DFF, 0xFF001FFF, 0xF501D102, 0xB3022600, 0x48000001, 0x060043EF, 0x000013B9, 0x0002FFFD, 0x40092927, 0x00075002, 0x04284F2B, 0x2B3400FF,
0xFF001FFF, 0xF501D102, 0xB3022600, 0x48000001, 0x06008F09, 0x00001040, 0x0B021628, 0x26000750, 0x0204274F, 0x2B2B34FF, 0xFF001FFF, 0xF501D102,
0xB3022600, 0x48000001, 0x06006904, 0x00001040, 0x0B02072A, 0x26000750, 0x0204274F, 0x2B2B34FF, 0xFF001FFF, 0xF501D102, 0xA1022600, 0x48000001,
0x06008300, 0x00001740, 0x10030203, 0x283A0007, 0x50030432, 0x4F020426, 0x4F2B2B2B, 0x343400FF, 0xFF0024FF, 0xF501D302, 0xB3022601, 0x0C000001,
0x060043DD, 0x000013B9, 0x0001FFE7, 0x40091715, 0x0A005001, 0x0B164F2B, 0x2B3400FF, 0xFF0024FF, 0xF501D302, 0xB3022601, 0x0C000001, 0x06008FF4,
0x000013B9, 0x0001FFFE, 0x40091614, 0x0A005001, 0x0B154F2B, 0x2B3400FF, 0xFF0024FF, 0xF501D302, 0xB3022601, 0x0C000001, 0x060069EF, 0x000013B9,
0x0001FFEF, 0x40091814, 0x0A005001, 0x0B154F2B, 0x2B3400FF, 0xFF0024FF, 0xF501D302, 0xA1022601, 0x0C000001, 0x060083EF, 0x00001AB1, 0x0201B8FF,
0xEF400D16, 0x280A0050, 0x020B204F, 0x010B144F, 0x2B2B2B34, 0x34000000, 0x020028FF, 0xF301E002, 0xB9002300, 0x34005FB6, 0x01201314, 0x004C00B8,
0xFFC0402E, 0x0A004D15, 0x32530300, 0x23A02302, 0x23361A1E, 0x352A530D, 0x351F1024, 0x57152757, 0x12001973, 0x1A211A1A, 0x231E1515, 0x1E022F57,
0x0807003F, 0xED3F392F, 0x12393911, 0x3310FD32, 0xD6ED10ED, 0x3F0110D6, 0xED10D4C6, 0x10D65DD6, 0xFDC43130, 0x2B2B0116, 0x1615140E, 0x0223222E,
0x0235343E, 0x02333216, 0x17262627, 0x07273726, 0x26273716, 0x17371703, 0x26262322, 0x0615141E, 0x02333236, 0x35342601, 0x87202015, 0x30503C34,
0x4D331A19, 0x314B3314, 0x2C110514, 0x105C1A44, 0x0E20124A, 0x3D2D6D19, 0x99182B0B, 0x2A290A13, 0x1C123027, 0x0102173C, 0x85423A69, 0x4F2F233C,
0x512E2B4D, 0x3A220E09, 0x17321A1F, 0x4B17101B, 0x0D4D2439, 0x244BFEF1, 0x15083C36, 0x16292014, 0x5F4E070D, 0xFFFF003F, 0x000001B9, 0x02A00226,
0x00510000, 0x01060075, 0x00000010, 0x400B0100, 0x22140007, 0x50010221, 0x4F2B2B34, 0xFFFF001D, 0xFFF301D8, 0x02B30226, 0x00520000, 0x01060043,
0xEF000013, 0xB90002FF, 0xFA400923, 0x21090050, 0x020E224F, 0x2B2B3400, 0xFFFF001D, 0xFFF301D8, 0x02B30226, 0x00520000, 0x0106008F, 0xF8000010,
0x400B0203, 0x22200900, 0x50020E21, 0x4F2B2B34, 0xFFFF001D, 0xFFF301D8, 0x02B30226, 0x00520000, 0x01060069, 0x00000010, 0x400B0200, 0x24200900,
0x50020E21, 0x4F2B2B34, 0xFFFF001D, 0xFFF301D8, 0x02A00226, 0x00520000, 0x01060075, 0x00000010, 0x400B0201, 0x2E200900, 0x50020E2D, 0x4F2B2B34,
0xFFFF001D, 0xFFF301D8, 0x02A10226, 0x00520000, 0x01060083, 0x00000017, 0x40100302, 0x01223409, 0x0050030E, 0x2C4F020E, 0x204F2B2B, 0x2B343400,
0x00030028, 0x000501CC, 0x0206000B, 0x0017001B, 0x005C4010, 0x1A401400, 0x4D194014, 0x004D1940, 0x0E004D19, 0xB8FFC0B3, 0x12004D18, 0xB8FFC040,
0x2012004D, 0x191D0C95, 0x121C0095, 0x061B1C19, 0x791A1A09, 0x15960F07, 0x03968009, 0xC0090209, 0x7E003F5D, 0xED3FED12, 0x392FED01, 0x10C6D4ED,
0x10D6ED10, 0xC6313000, 0x2B2B012B, 0x2B2B0114, 0x06232226, 0x35343633, 0x32161114, 0x06232226, 0x35343633, 0x32162521, 0x15210141, 0x2A1B1D2A,
0x2A1D1B2A, 0x2A1B1D2A, 0x2A1D1B2A, 0xFEE701A4, 0xFE5C01BC, 0x24252524, 0x242626FE, 0x6F232727, 0x23242727, 0xC6650003, 0x001DFFDA, 0x01D801F6,
0x001A0023, 0x002C0043, 0xB51E400A, 0x004D0CB8, 0xFFC04011, 0x10004D20, 0x00010053, 0x271E53C0, 0x0ED00E02, 0x0EB8FFC0, 0x400E0D10, 0x480E0A2D,
0x2157130B, 0x2A570507, 0x003FED3F, 0xED0110D6, 0xD42B5DFD, 0xD5ED5D31, 0x302B2B25, 0x140E0223, 0x22262707, 0x27372626, 0x35343E02, 0x33321737,
0x17071616, 0x05141617, 0x37262322, 0x06173426, 0x27071633, 0x323601D8, 0x203A5132, 0x20381926, 0x3E29181A, 0x213B5230, 0x3E32253F, 0x2A181BFE,
0xC2020389, 0x131A3031, 0xC0020389, 0x131A3031, 0xEA385B42, 0x240F0D33, 0x2F392055, 0x33375B41, 0x231D332F, 0x39205233, 0x101D0EBC, 0x0B4D3F10,
0x1B0DB90C, 0x4EFFFF00, 0x3BFFF501, 0xB602B302, 0x26005800, 0x00010600, 0x43EF0000, 0x13B90001, 0xFFFC4009, 0x16140700, 0x50010915, 0x4F2B2B34,
0x00FFFF00, 0x3BFFF501, 0xB602B302, 0x26005800, 0x00010600, 0x8FF40000, 0x10400B01, 0x01151307, 0x00500109, 0x144F2B2B, 0x34FFFF00, 0x3BFFF501,
0xB602B302, 0x26005800, 0x00010600, 0x69000000, 0x10400B01, 0x02171307, 0x00500109, 0x144F2B2B, 0x34FFFF00, 0x3BFFF501, 0xB602A102, 0x26005800,
0x00010600, 0x83000000, 0x17401002, 0x01031527, 0x07005002, 0x091F4F01, 0x09134F2B, 0x2B2B3434, 0x00FFFF00, 0x14FF5801, 0xD802B302, 0x26005C00,
0x00010600, 0x8FF40000, 0x10400B01, 0x0325230D, 0x00500100, 0x244F2B2B, 0x34000200, 0x3FFF5B01, 0xD502B600, 0x11001E00, 0x4DB21253, 0x00B8FFC0,
0xB30F004D, 0x00B8FFC0, 0x400D090F, 0x48002018, 0x070C51F0, 0x0A010AB8, 0xFFC04013, 0x0910480A, 0x1F15570F, 0x070B010A, 0x00080E1C, 0x57050700,
0x3FED3F3F, 0x3F3FED01, 0x10D62B5D, 0xED323210, 0xD62B2BED, 0x31302514, 0x0E022322, 0x27152311, 0x37153636, 0x33321607, 0x34262322, 0x06071116,
0x16333236, 0x01D5182E, 0x462E2F32, 0x7B7B0E1E, 0x0E6D747D, 0x32330E20, 0x0B0C2814, 0x2C2AEB36, 0x5B412417, 0xB1034615, 0xDE030584, 0x753F5103,
0x01FEFE08, 0x0A47FFFF, 0x0014FF58, 0x01D802A1, 0x0226005C, 0x00000106, 0x00830000, 0x00174010, 0x02010525, 0x370D0050, 0x02002F4F, 0x0100234F,
0x2B2B2B34, 0x3400FFFF, 0x00090000, 0x01EB0312, 0x02260024, 0x00000107, 0x008AFFFF, 0x008B0010, 0x400B0201, 0x1718040B, 0x50020719, 0x4F2B2B34,
0x0000FFFF, 0x002CFFF5, 0x01B90287, 0x02260044, 0x00000106, 0x008AFF00, 0x0010400B, 0x02082F30, 0x1C135002, 0x0F314F2B, 0x2B34FFFF, 0x00090000,
0x01EB0335, 0x02260024, 0x00000107, 0x01610000, 0x008B0010, 0x400B0200, 0x1B25040B, 0x50020717, 0x4F2B2B34, 0x0000FFFF, 0x002CFFF5, 0x01B902AA,
0x02260044, 0x00000106, 0x01610000, 0x0010400B, 0x0207333D, 0x1C135002, 0x0F2F4F2B, 0x2B340002, 0x0009FF56, 0x01F9026B, 0x000A002C, 0x00404024,
0x281B210B, 0x0C130600, 0x05120D0E, 0x090F162E, 0x0F2D1E25, 0x920C4A06, 0x06000B13, 0x0212020E, 0x08160B08, 0x003F333F, 0x3F3F1239, 0x3910ED3F,
0xCD0110C6, 0x10D61117, 0x39D6DEC5, 0x3130130E, 0x0307332E, 0x03132723, 0x07233612, 0x37331612, 0x170E0315, 0x14163332, 0x36371706, 0x06232226,
0x35343637, 0x37F90A11, 0x0F0D0679, 0x060C0F11, 0x641DA51C, 0x802C5A2A, 0x862C5729, 0x0917140D, 0x0B100816, 0x0F070E33, 0x1C302A1B, 0x1A0901F3,
0x233F3D3E, 0x21213E3D, 0x3FFE308F, 0x8FB7012D, 0x8788FECF, 0xB2081416, 0x16090A0E, 0x02053A05, 0x09251B18, 0x36140800, 0x02002CFF, 0x5601B901,
0xE2003400, 0x43005940, 0x35095329, 0x45391851, 0x2845062E, 0x00454153, 0x20301140, 0x11501103, 0x11444016, 0x50166016, 0x0316573C, 0x3C0C4F1C,
0x011C5723, 0x0B340603, 0x35570C07, 0x030F003F, 0x3FED1239, 0x393FED5D, 0x12392FED, 0x5D0110D6, 0x5DC4ED10, 0xD6DCC510, 0xDEED3210, 0xD6ED3130,
0x05060623, 0x22263534, 0x36370606, 0x23222E02, 0x35343E02, 0x33321735, 0x34262322, 0x06072736, 0x3633321E, 0x0215110E, 0x03151416, 0x33323637,
0x27323637, 0x35262623, 0x220E0215, 0x141601B7, 0x0E331C30, 0x2A1D1811, 0x22102D49, 0x341C2036, 0x46263025, 0x2C362341, 0x14111754, 0x2D3A4D2E,
0x14071B1B, 0x140B1008, 0x160FB514, 0x260E0C22, 0x0E13241B, 0x10309C05, 0x09251B18, 0x35160202, 0x10253B2B, 0x2938220F, 0x080F232F, 0x0A076308,
0x0D1B3147, 0x2CFEEA05, 0x161B1C0C, 0x0A0E0205, 0xBA01026C, 0x0203050C, 0x1612201B, 0xFFFF001B, 0xFFF301D5, 0x033E0226, 0x00260000, 0x0107008F,
0x0024008B, 0x0010400B, 0x01312220, 0x021D5001, 0x07214F2B, 0x2B340000, 0xFFFF002C, 0xFFF501D2, 0x02B30226, 0x00460000, 0x0106008F, 0x1B000010,
0x400B0121, 0x22200018, 0x50010421, 0x4F2B2B34, 0xFFFF001B, 0xFFF301D5, 0x033E0226, 0x00260000, 0x01070069, 0x0036008B, 0x0010400B, 0x01392420,
0x021D5001, 0x07214F2B, 0x2B340000, 0xFFFF002C, 0xFFF501D2, 0x02B30226, 0x00460000, 0x01060069, 0x2D000010, 0x400B0129, 0x24200018, 0x50010421,
0x4F2B2B34, 0xFFFF001B, 0xFFF301D5, 0x032E0226, 0x00260000, 0x01070162, 0x0036008B, 0x0010400B, 0x01382228, 0x021D5001, 0x07204F2B, 0x2B340000,
0xFFFF002C, 0xFFF501D2, 0x02A30226, 0x00460000, 0x01060162, 0x36000010, 0x400B0131, 0x22280018, 0x50010420, 0x4F2B2B34, 0xFFFF001B, 0xFFF301D5,
0x033E0226, 0x00260000, 0x0107015F, 0x0036008B, 0x0010400B, 0x01392024, 0x021D5001, 0x07254F2B, 0x2B340000, 0xFFFF002C, 0xFFF501D2, 0x02B30226,
0x00460000, 0x0106015F, 0x36000010, 0x400B0132, 0x20240018, 0x50010425, 0x4F2B2B34, 0xFFFF0036, 0xFFF801D9, 0x033E0226, 0x00270000, 0x0107015F,
0xFFDD008B, 0x0013B900, 0x02FFD140, 0x09222619, 0x1150021C, 0x274F2B2B, 0x34000000, 0x0003000D, 0xFFF50206, 0x02B6000B, 0x001A001E, 0x00514013,
0x1806510C, 0x1A5F1E01, 0x1E1B2020, 0x00300002, 0x005312B8, 0xFFC0B315, 0x184812B8, 0xFFC04015, 0x09124812, 0x1F1E011D, 0x0A1A0119, 0x00095715,
0x0703570F, 0x07003FED, 0x3FED3F3F, 0x3F3F0110, 0xDE2B2BED, 0x5D10D6D5, 0x5DDED0FD, 0xC0313037, 0x14163332, 0x37112626, 0x23220613, 0x06062322,
0x26353436, 0x33321617, 0x35371707, 0x23358A21, 0x2416100A, 0x1C0F1D19, 0xE71F592B, 0x5F62504E, 0x14280E7C, 0x951D50EE, 0x3F500401, 0x00080B46,
0xFEDE0B0E, 0x82717385, 0x0B0AD615, 0x01DADAFF, 0xFF0012FF, 0xF801D902, 0x72020600, 0xAB000000, 0x02001CFF, 0xF501E202, 0xB6001600, 0x23004040,
0x2314101E, 0x53040225, 0x1753130A, 0x24160115, 0x00021200, 0x13021E55, 0x10215730, 0x0D010D0B, 0x1A570707, 0x003FED3F, 0x5DEDD5ED, 0x3F33CD32,
0x3F3F0110, 0xD6C4ED10, 0xD6D6ED32, 0x32313001, 0x33152311, 0x06062322, 0x26353436, 0x33321617, 0x35233533, 0x35370114, 0x16333236, 0x37112626,
0x23220601, 0xAB373723, 0x60306D6F, 0x5E5B1930, 0x1280807B, 0xFEEE2D33, 0x10190E0E, 0x24142A27, 0x026753FD, 0xFA0B0E82, 0x7173850B, 0x0A49533A,
0x15FE383F, 0x50020201, 0x00080B46, 0xFFFF003F, 0x000001CC, 0x03120226, 0x00280000, 0x0107008A, 0x0000008B, 0x0013B900, 0x01FFF740, 0x090C0D00,
0x0A500101, 0x0E4F2B2B, 0x34000000, 0xFFFF001F, 0xFFF501D1, 0x02870226, 0x00480000, 0x0106008A, 0xFF000010, 0x400B0203, 0x26270007, 0x50020428,
0x4F2B2B34, 0xFFFF003F, 0x000001CC, 0x03350226, 0x00280000, 0x01070161, 0x0000008B, 0x0013B900, 0x01FFF540, 0x09101A00, 0x0A500101, 0x0C4F2B2B,
0x34000000, 0xFFFF001F, 0xFFF501D1, 0x02AA0226, 0x00480000, 0x01060161, 0x00000010, 0x400B0202, 0x2A340007, 0x50020426, 0x4F2B2B34, 0xFFFF003F,
0x000001CC, 0x032E0226, 0x00280000, 0x01070162, 0x0000008B, 0x0013B900, 0x01FFF540, 0x090E1400, 0x0A500101, 0x0C4F2B2B, 0x34000000, 0xFFFF001F,
0xFFF501D1, 0x02A30226, 0x00480000, 0x01060162, 0x00000010, 0x400B0202, 0x282E0007, 0x50020426, 0x4F2B2B34, 0x0001003F, 0xFF5601DA, 0x026B0020,
0x005B4039, 0x1D101720, 0x0B010B20, 0x06400650, 0x06600604, 0x0603400A, 0x004D0F03, 0x3F030203, 0x22090408, 0x44200001, 0x0021131A, 0x92054840,
0x08010808, 0x09034801, 0x02094800, 0x08003FED, 0x3FED1239, 0x2F5DED3F, 0xC50110D6, 0x5DED3232, 0x10C65D2B, 0xC65DD65D, 0xD6DCC531, 0x30331121,
0x15231533, 0x15231521, 0x150E0315, 0x14163332, 0x36371706, 0x06232226, 0x35343637, 0x3F0177FC, 0xDBDB0112, 0x0A17130D, 0x0B100816, 0x0F070E33,
0x1C302A21, 0x1D026B66, 0x8B66AE66, 0x08141616, 0x090A0E02, 0x053A0509, 0x251B1A3A, 0x16000200, 0x1FFF5601, 0xD101E200, 0x2E003900, 0x73B9002E,
0xFFC0B409, 0x0D004C21, 0xB8FFC040, 0x3E191A00, 0x4C2F5322, 0x001A201A, 0x401A031A, 0x3B062800, 0x3B1B3953, 0x700F010F, 0x3A1A4F1B, 0x5F1B6F1B,
0x031B550F, 0x2F012F2F, 0x1E303401, 0x3457140B, 0x21401E01, 0x1E570A07, 0x2B039200, 0x3FCD3FFD, 0x5DC63FED, 0x5D12392F, 0x5DED5D32, 0x0110D65D,
0xED3210D6, 0xDCCD10D6, 0x5DC6ED31, 0x30002B2B, 0x05060623, 0x22263534, 0x36372322, 0x2E023534, 0x3E023332, 0x16151406, 0x07211416, 0x33323637,
0x17070E03, 0x15141633, 0x32363703, 0x342E0223, 0x220E0207, 0x01AD0E33, 0x1C302A1A, 0x17063C5F, 0x4324263E, 0x502A686C, 0x0101FECF, 0x4C3C2543,
0x17110908, 0x1B19130B, 0x1008160F, 0x4C0A1622, 0x19182317, 0x0D029C05, 0x09251B17, 0x33151F3D, 0x5A3C3E5E, 0x3F207B76, 0x0C1A082E, 0x35100867,
0x0605161A, 0x1C0B0A0E, 0x0205017A, 0x13231C11, 0x101C2413, 0xFFFF003F, 0x000001CC, 0x033E0226, 0x00280000, 0x0107015F, 0x0000008B, 0x0013B900,
0x01FFF640, 0x090C1000, 0x0A500101, 0x114F2B2B, 0x34000000, 0xFFFF001F, 0xFFF501D1, 0x02B30226, 0x00480000, 0x0106015F, 0x00000010, 0x400B0203,
0x262A0007, 0x5002042B, 0x4F2B2B34, 0xFFFF001B, 0xFFF301D0, 0x033E0226, 0x002A0000, 0x01070069, 0x002D008B, 0x0010400B, 0x01322824, 0x15205001,
0x1A254F2B, 0x2B340000, 0xFFFF0021, 0xFF5801B6, 0x02B30226, 0x004A0000, 0x01060069, 0x00000010, 0x400B020F, 0x2C28210C, 0x50022429, 0x4F2B2B34,
0xFFFF001B, 0xFFF301D0, 0x03350226, 0x002A0000, 0x01070161, 0x002D008B, 0x0010400B, 0x01312832, 0x15205001, 0x1A244F2B, 0x2B340000, 0xFFFF0021,
0xFF5801B6, 0x02AA0226, 0x004A0000, 0x01060161, 0x00000010, 0x400B020E, 0x2C36210C, 0x50022428, 0x4F2B2B34, 0xFFFF001B, 0xFFF301D0, 0x032E0226,
0x002A0000, 0x01070162, 0x002D008B, 0x0010400B, 0x0131262C, 0x15205001, 0x1A244F2B, 0x2B340000, 0xFFFF0021, 0xFF5801B6, 0x02A30226, 0x004A0000,
0x01060162, 0x00000010, 0x400B020E, 0x2A30210C, 0x50022428, 0x4F2B2B34, 0xFFFF001B, 0xFF5601D0, 0x02790226, 0x002A0000, 0x010601C3, 0x0000000A,
0xB601042D, 0x26152050, 0x2B340000, 0xFFFF0021, 0xFF5801B6, 0x02C40226, 0x004A0000, 0x010601C4, 0x24000010, 0x400B022F, 0x2A2D210C, 0x50022428,
0x4F2B2B34, 0xFFFF002D, 0x000001C7, 0x033E0226, 0x002B0000, 0x01070069, 0x0000008B, 0x0010400B, 0x0101100C, 0x06005001, 0x000D4F2B, 0x2B340000,
0x00020037, 0x000001B9, 0x033D0015, 0x001B0048, 0xB90016FF, 0xF8400F12, 0x14004C0E, 0x510B1D16, 0x1A1C0314, 0x5100B8FF, 0xC0401409, 0x0C48001C,
0x1917181B, 0x8615060D, 0x06115706, 0x0B020700, 0x3F3FED3F, 0x3F3FD5CD, 0xCD0110D6, 0x2BFDC010, 0xD6C510D6, 0xED31302B, 0x33113715, 0x36363332,
0x1E021511, 0x23353426, 0x23220607, 0x11130727, 0x0727373F, 0x7B0F2A10, 0x34462A12, 0x7B1E2A11, 0x210A8326, 0x5C5E2684, 0x027915BC, 0x05091F39,
0x4F30FEF7, 0xF9423A08, 0x03FE9602, 0xDE393636, 0x395F0002, 0x00120000, 0x01E3026B, 0x00130017, 0x0063403D, 0x04022001, 0x30010201, 0x44151407,
0x20124012, 0x50120312, 0x44171608, 0x20113011, 0x0211440F, 0x0A0F0C2F, 0x0C02BF0C, 0x010C1807, 0x48140B04, 0x15480E01, 0x12130210, 0x02090806,
0x08003F3F, 0x3F3FD532, 0x32FD3232, 0xD6ED0110, 0xD65D71CE, 0xDCFD5D32, 0x3232FE5D, 0x323232FD, 0x5DCD3331, 0x30011533, 0x15231123, 0x35231523,
0x11233533, 0x35331533, 0x35113523, 0x1501B62D, 0x2D7C807B, 0x2D2D7B80, 0x80026B48, 0x63FE40FE, 0xFE01C063, 0x484848FE, 0xF85D5D00, 0x01001900,
0x0001B902, 0xB6001D00, 0xB2B50640, 0x09004D05, 0xB8FFC0B3, 0x09004D0A, 0xB8FFC0B3, 0x16004D0A, 0xB8FFC040, 0x0914004D, 0x0A401000, 0x4D09B8FF,
0xC0B31600, 0x4D09B8FF, 0xC0400914, 0x004D0940, 0x10004D02, 0xB8FFC0B3, 0x16004D02, 0xB8FFC040, 0x3B14004D, 0x02481000, 0x4D165108, 0xA013012F,
0x133F1302, 0x131F0B0A, 0x071C5104, 0xA0000100, 0x05021E07, 0x04010A0A, 0x01040704, 0x061D0615, 0x06195730, 0x0E010E0B, 0x06010500, 0x003F3F3F,
0x5DED3F3F, 0x1217392F, 0x2F2F2F01, 0x10C6C4D6, 0x5D32ED32, 0x323210D6, 0x5D5DC4ED, 0x3130002B, 0x2B2B2B2B, 0x2B2B2B2B, 0x012B2B33, 0x11233533,
0x35371533, 0x15231536, 0x3633321E, 0x02151123, 0x35342623, 0x22060711, 0x5037377C, 0x7F7F0E26, 0x0F314127, 0x117B1A23, 0x0E1F0802, 0x14533A15,
0x4F534205, 0x091F394F, 0x30FEF7F9, 0x423A0803, 0xFE96FFFF, 0x00360000, 0x01BF032B, 0x0226002C, 0x00000107, 0x0075FFFF, 0x008B0010, 0x400B0100,
0x1A0C0006, 0x50010519, 0x4F2B2B34, 0x0000FFFF, 0x0024FFF5, 0x01D302A0, 0x0226010C, 0x00000106, 0x0075ED00, 0x0013B900, 0x01FFEE40, 0x0922140A,
0x0050010B, 0x214F2B2B, 0x3400FFFF, 0x00360000, 0x01BF0312, 0x0226002C, 0x00000107, 0x008AFFFF, 0x008B0010, 0x400B0100, 0x0C0D0006, 0x5001050E,
0x4F2B2B34, 0x0000FFFF, 0x0024FFF5, 0x01D30287, 0x0226010C, 0x00000106, 0x008AED00, 0x0013B900, 0x01FFEE40, 0x0914150A, 0x0050010B, 0x164F2B2B,
0x3400FFFF, 0x00360000, 0x01BF0335, 0x0226002C, 0x00000107, 0x01610000, 0x008B0010, 0x400B0100, 0x101A0006, 0x5001050C, 0x4F2B2B34, 0x0000FFFF,
0x0024FFF5, 0x01D302AA, 0x0226010C, 0x00000106, 0x0161EF00, 0x0013B900, 0x01FFEE40, 0x0918220A, 0x0050010B, 0x144F2B2B, 0x34000001, 0x0036FF56,
0x01BF026B, 0x00210059, 0xB90013FF, 0xC0B4090A, 0x004C12B8, 0xFFC0402D, 0x090A004C, 0x061B0023, 0x14100F13, 0x1F130213, 0x440D0B10, 0x0F300F40,
0x0F500F04, 0x0F220C13, 0x4815080D, 0x12481002, 0x0A082103, 0x92003FC5, 0x3F3FFDC0, 0x3FFDC001, 0x10D65D32, 0xD5FD5DC4, 0xC510D6DC, 0xC531302B,
0x2B050606, 0x23222635, 0x34363723, 0x35331123, 0x35211523, 0x11331523, 0x0E031514, 0x16333236, 0x37014E0E, 0x331C302A, 0x211D9F87, 0x87018986,
0x86800A16, 0x130D0B10, 0x08160F9C, 0x0509251B, 0x1A3A1666, 0x019F6666, 0xFE616608, 0x14161609, 0x0A0E0205, 0x00020024, 0xFF5601D3, 0x02AC000B,
0x00330052, 0xB90033FF, 0xC0B30D00, 0x4D32B8FF, 0xC040260D, 0x004D1F11, 0x18333500, 0x35203502, 0x2B51282A, 0x0054062A, 0x34322F55, 0x0C220717,
0x1A922955, 0x2B035809, 0x00003FFD, 0xD6ED3FCD, 0x3FC5FDC6, 0x0110D6D6, 0xED10D5ED, 0x5D10C6D6, 0xDCC53130, 0x2B2B0114, 0x06232226, 0x35343633,
0x3216130E, 0x03151416, 0x33323637, 0x17062322, 0x2E023534, 0x36372E03, 0x35352335, 0x33111416, 0x33323637, 0x17011C2E, 0x20202D2D, 0x20202E9F,
0x0A17130C, 0x0B100816, 0x0F07272C, 0x14241B11, 0x1A172D3D, 0x241082FD, 0x1F241130, 0x1E10025D, 0x242A2A24, 0x252A2AFD, 0x7E081416, 0x16090A0E,
0x02053A0E, 0x070F1911, 0x17331502, 0x1D354B2F, 0xAD66FEDC, 0x2B27090E, 0x65FFFF00, 0x36000001, 0xBF033D02, 0x26002C00, 0x00010701, 0x62000000,
0x9A001040, 0x0B01000E, 0x14000650, 0x01050C4F, 0x2B2B3400, 0x00000100, 0x24FFF501, 0xD301D600, 0x13003BB9, 0x0013FFC0, 0xB30A004D, 0x00B8FFC0,
0x401A0A00, 0x4D000020, 0x00400003, 0x00150D51, 0x090A1409, 0x550C0A13, 0x10570307, 0x003FFDCE, 0x3FED0110, 0xD6DDED10, 0xC65D3130, 0x2B2B2506,
0x0623222E, 0x02353523, 0x35331114, 0x16333236, 0x3701D326, 0x431C3041, 0x271082FD, 0x1F241130, 0x1E14120D, 0x1C354C31, 0xAD66FEDD, 0x2A29090E,
0xFFFF0024, 0xFFF501D3, 0x02AC0206, 0x004C0000, 0x00020018, 0xFFF301E0, 0x026B0003, 0x0017003F, 0x400B2F15, 0x3F150215, 0x44600401, 0x04B8FFC0,
0x40181115, 0x4804190C, 0x0244C001, 0x01011816, 0x020D104A, 0x09090308, 0x0102003F, 0x3F3FFDC2, 0x3F0110D6, 0x5DFDCE10, 0xD62B5DED, 0x5D313033,
0x11331125, 0x140E0223, 0x22262737, 0x16163332, 0x3E023511, 0x33187B01, 0x4D1B303F, 0x24233E24, 0x300F211A, 0x0D171009, 0x7C026BFD, 0x95C23E50,
0x2E131119, 0x620E1308, 0x172A2301, 0xA1000400, 0x37FF5B01, 0xBB02AC00, 0x03000F00, 0x1F002B00, 0x89B90003, 0xFFC0B30E, 0x004D00B8, 0xFFC0401D,
0x0E004D26, 0x54A020B0, 0x20020280, 0x20902002, 0x3F200120, 0x2D0454CF, 0x0ADF0A02, 0x0AB8FFC0, 0x40130B0E, 0x480A2C1C, 0x513F1B4F, 0x1B021B5F,
0x03010351, 0x02B8FFC0, 0x401A0B0E, 0x4802B013, 0x01132C1B, 0x23582900, 0x14175710, 0x0E030758, 0x0D000106, 0x003F3FFD, 0xCE3FFDC6, 0x3FFDCE01,
0x10C65DD6, 0x2BFD5DD6, 0x5DED10D6, 0x2B5DED10, 0xD65D5D5F, 0x5DED3130, 0x2B2B3323, 0x11333714, 0x06232226, 0x35343633, 0x32161322, 0x26273716,
0x16333236, 0x35113311, 0x14061314, 0x06232226, 0x35343633, 0x3216C47B, 0x7B123020, 0x202F2F20, 0x20302D0D, 0x3115110E, 0x16112018, 0x7C516230,
0x20202F2F, 0x20203001, 0xD6872529, 0x29252629, 0x29FCD804, 0x08650503, 0x262301C9, 0xFE3B5E58, 0x03022529, 0x29252629, 0x29FFFF00, 0x2AFFF301,
0xBC033E02, 0x26002D00, 0x00010700, 0x69003600, 0x8B001040, 0x0B014118, 0x14080050, 0x0112154F, 0x2B2B3400, 0x00FFFF00, 0x31FF5601, 0x9802B302,
0x26015D00, 0x00010600, 0x69120000, 0x10400B01, 0x2C181408, 0x00500112, 0x154F2B2B, 0x34FFFF00, 0x2DFF5601, 0xE9026B02, 0x26002E00, 0x00010601,
0xC3EF0000, 0x0DB90001, 0xFFDEB424, 0x1D071A50, 0x2B340000, 0x00FFFF00, 0x3FFF5601, 0xE702B602, 0x26004E00, 0x00010601, 0xC3EF0000, 0x0DB90001,
0xFFD6B424, 0x1D181050, 0x2B340000, 0x00000200, 0x2D000002, 0x1402B300, 0x1A002A00, 0x65400C00, 0x611A2C24, 0x1B401001, 0x102C2CB8, 0xFFC04011,
0x0B0E4809, 0x0A0A1515, 0x05200630, 0x06020651, 0x07B8FFC0, 0x40170B0E, 0x48072B2A, 0x239F0F02, 0x150A050A, 0x050A0608, 0x02060800, 0x08003F3F,
0x3F123939, 0x2F2F1239, 0x3F3FC401, 0x10D62BED, 0x5D32322F, 0x322F332B, 0x10D45DD4, 0xC510D6ED, 0x3130212E, 0x03271123, 0x1133113E, 0x0337330E,
0x03071E03, 0x17032626, 0x373E0337, 0x17060615, 0x14161701, 0x20081D24, 0x26127272, 0x0F201C18, 0x08820A20, 0x2A331C24, 0x3A2D220C, 0x0F020201,
0x020A0F16, 0x0E45130F, 0x01022351, 0x4D4317FE, 0xE5026BFE, 0xFF1C4444, 0x421B1B44, 0x4B502722, 0x53585825, 0x01BA0E1D, 0x0D21342C, 0x29171031,
0x592F0D1A, 0x09000100, 0x3F000001, 0xE701D600, 0x1A002740, 0x14101C16, 0x1A51191B, 0x160B0003, 0x171A0A17, 0x06110605, 0x0A003F3F, 0x3F3F1217,
0x390110D6, 0xED3210C6, 0x3130133E, 0x0337330E, 0x03071E03, 0x17232E03, 0x27152311, 0x37BB1225, 0x23200C94, 0x122E3131, 0x14193A38, 0x2F0E8D0C,
0x272C2D13, 0x7C7C011C, 0x152F322F, 0x15173638, 0x34161843, 0x48481C19, 0x3F3D3712, 0xDE01D501, 0xFFFF0047, 0x000001CC, 0x033E0226, 0x002F0000,
0x0107008F, 0xFFCB008B, 0x0013B900, 0x01FFC740, 0x09080601, 0x00500102, 0x074F2B2B, 0x34000000, 0x00020024, 0xFFF501D3, 0x033D0013, 0x00170039,
0x40203F00, 0x01001914, 0x50160116, 0x180D53AF, 0x09010950, 0x0A010A18, 0x1517860B, 0x9E131057, 0x0507003F, 0xFDC63F3F, 0xC50110D6, 0x5DD55DED,
0x10D45DC5, 0x10CE5D31, 0x30250E03, 0x23222635, 0x11233533, 0x11141633, 0x32363703, 0x07273701, 0xD3031522, 0x311F554E, 0x82FD261D, 0x25320863,
0xC31BBE14, 0x020A0B08, 0x65610164, 0x66FE2D30, 0x22140302, 0x6C3E3E5A, 0xFFFF0047, 0xFF5601CC, 0x026B0226, 0x002F0000, 0x010601C3, 0x0000000D,
0xB90001FF, 0xF1B40F08, 0x0100502B, 0x34000000, 0xFFFF0024, 0xFF5601D3, 0x02B00226, 0x004F0000, 0x010601C3, 0x2D00000A, 0xB6012B1D, 0x160A0050,
0x2B340000, 0xFFFF0047, 0x000001CC, 0x026D0226, 0x002F0000, 0x010601C2, 0x59B8000A, 0xB6014A08, 0x06010050, 0x2B340000, 0xFFFF0024, 0xFFF501DD,
0x02B50226, 0x004F0000, 0x010701C2, 0x00AC0000, 0x000AB601, 0xAB16140A, 0x00502B34, 0x00020047, 0x000001CC, 0x026B000B, 0x00110046, 0xB2065400,
0xB8FFC0B6, 0x090D4800, 0x001211B8, 0xFFC0401B, 0x090D4811, 0x13104420, 0x0E300E40, 0x0E030E12, 0x03580909, 0x0D0F0210, 0x480D0800, 0x3FED3F12,
0x392FED01, 0x10D65DED, 0x10C62B12, 0x392F2BED, 0x31300114, 0x06232226, 0x35343633, 0x32161321, 0x11331121, 0x01CA3320, 0x20333320, 0x203302FE,
0x7B7C0109, 0x0168282A, 0x2A28282A, 0x2AFE7002, 0x6BFDFB00, 0x020024FF, 0xF5023802, 0xB5000B00, 0x1F004E40, 0x30005440, 0x06500602, 0x06062040,
0x0C500C02, 0x0C211951, 0x1540090A, 0x004C2F15, 0x01155016, 0x01162003, 0x58090911, 0x16551700, 0x1F1C5711, 0x07003FFD, 0xC63FED12, 0x392FED01,
0x10D65DDD, 0x5D2BED10, 0xC65D1239, 0x2F5DED31, 0x30011406, 0x23222635, 0x34363332, 0x16030E03, 0x23222635, 0x11233533, 0x11141633, 0x32363702,
0x38332020, 0x33332020, 0x33650315, 0x22311F55, 0x4E82FD26, 0x1D253208, 0x0170282A, 0x2A28282A, 0x2AFE7C02, 0x0A0B0865, 0x61019466, 0xFDFD3022,
0x14030001, 0xFFF60000, 0x01CC026B, 0x000D0043, 0x40250002, 0x10020202, 0x0F000A44, 0x0509070E, 0x080D0B03, 0x0C060500, 0x03070C07, 0x0C070309,
0x02040802, 0x48030800, 0x3FED3F3F, 0x1239392F, 0x2F111739, 0x12173901, 0x10C6D432, 0xED3210C6, 0x5D313013, 0x15331521, 0x35072737, 0x11331537,
0x17D5F7FE, 0x8D372C63, 0x7C6C2B01, 0x24BE66E6, 0x1B5A3201, 0x14D6365A, 0x00010024, 0xFFF501D3, 0x02B0001B, 0x003E4025, 0x00001000, 0x02001D14,
0x1151090D, 0x51C00ED0, 0x0E020E1C, 0x12130B0A, 0x04050D55, 0x10100F10, 0x1B185705, 0x07003FFD, 0xC63F3FED, 0x12173901, 0x10D65DFD, 0x32ED3210,
0xC65D3130, 0x250E0323, 0x22263535, 0x07273735, 0x23353315, 0x37170715, 0x14163332, 0x363701D3, 0x03152231, 0x1F554E37, 0x285F82FD, 0x40286826,
0x1D253208, 0x14020A0B, 0x08656170, 0x1C532FB9, 0x66E22052, 0x34B63022, 0x1403FFFF, 0x002E0000, 0x01C6033E, 0x02260031, 0x00000107, 0x008F0000,
0x008B0010, 0x400B010B, 0x1210050E, 0x50010611, 0x4F2B2B34, 0x0000FFFF, 0x003F0000, 0x01B902B3, 0x02260051, 0x00000106, 0x008FF800, 0x0010400B,
0x01011614, 0x00075001, 0x02154F2B, 0x2B34FFFF, 0x002EFF56, 0x01C6026B, 0x02260031, 0x00000106, 0x01C3EF00, 0x000DB900, 0x01FFEFB4, 0x1912050E,
0x502B3400, 0x0000FFFF, 0x003FFF56, 0x01B901E0, 0x02260051, 0x00000106, 0x01C3E600, 0x000DB900, 0x01FFE4B4, 0x1D160007, 0x502B3400, 0x0000FFFF,
0x002E0000, 0x01C6033E, 0x02260031, 0x00000107, 0x015F0000, 0x008B0010, 0x400B0101, 0x1014050E, 0x50010615, 0x4F2B2B34, 0x0000FFFF, 0x003F0000,
0x01B902B3, 0x02260051, 0x00000106, 0x015F0000, 0x0013B900, 0x01FFFF40, 0x09141800, 0x07500102, 0x194F2B2B, 0x34000002, 0x00090000, 0x01C602B5,
0x0011001F, 0x008F400D, 0x11400F10, 0x004C1040, 0x0F10004C, 0x00B8FFC0, 0x40111200, 0x4D200F30, 0x0F400F03, 0x800F010F, 0x8F1000B8, 0xFFE84043,
0x11004D00, 0x9F11BF11, 0x0211400B, 0x0E481121, 0x2F063F06, 0x4F06036F, 0x067F068F, 0x0603068F, 0x60077007, 0x8007030F, 0x071F072F, 0x074F075F,
0x07050712, 0x1920181F, 0x9F0E050F, 0x02090207, 0x08000800, 0x3F3F3F3F, 0x39393FC4, 0x0110D6D5, 0xD65D5DED, 0x5D7110D6, 0x2B5DC52B, 0xD0ED5D71,
0x31302B2B, 0x2B212E03, 0x27112311, 0x331E0317, 0x11331101, 0x150E0307, 0x27363635, 0x34262701, 0x7B111E1C, 0x1E10574B, 0x0D1E1F20, 0x0E58FEC4,
0x02090F15, 0x0D45130F, 0x0102345F, 0x5D6237FE, 0x77026B27, 0x5A5E5F2D, 0x016BFD95, 0x02B5261C, 0x2E282514, 0x14284726, 0x0B1508FF, 0xFFFFE600,
0x0001CB02, 0xB5022600, 0x51120001, 0x07015EFF, 0x36000000, 0x06B30103, 0x1C4F2B00, 0x01002EFF, 0x5901C602, 0x6B001B00, 0x46B90000, 0xFFE0400F,
0x0E004D2F, 0x0C3F0C02, 0x0C440E1D, 0x034406B8, 0xFFC04014, 0x0B0E4806, 0x151C1618, 0x48129203, 0x0C040D02, 0x07020408, 0x003F3F3F, 0x1239393F,
0xFDC60110, 0xC6D62BED, 0x10DEED5D, 0x31302B25, 0x26262711, 0x2311331E, 0x03171133, 0x11140623, 0x22262737, 0x16333236, 0x35015728, 0x5D356F63,
0x1C38352D, 0x106F474E, 0x0B241212, 0x13121C14, 0x1E5FBE60, 0xFE65026B, 0x2C676660, 0x24017DFD, 0x9D575804, 0x08650822, 0x20000100, 0x3FFF5B01,
0xB901E000, 0x1D003540, 0x0B005111, 0x1F0F1801, 0x18075108, 0xB8FFC040, 0x10090C48, 0x081E191B, 0x57150E03, 0x570C0B07, 0x06003F3F, 0xED3FFDC6,
0x0110D62B, 0xEDC65D10, 0xD6ED3130, 0x25342623, 0x22060711, 0x23113636, 0x33321E02, 0x15111406, 0x23222627, 0x37163332, 0x35013E1E, 0x2E0E1B0F,
0x7B216139, 0x384A2B12, 0x49540B29, 0x13101315, 0x31F9423A, 0x0202FE8F, 0x01C70910, 0x1F394F30, 0xFEFA5652, 0x03085F06, 0x3FFFFF00, 0x1BFFF301,
0xD9031202, 0x26003200, 0x00010700, 0x8A000000, 0x8B001040, 0x0B020220, 0x21141950, 0x0216224F, 0x2B2B3400, 0x00FFFF00, 0x1DFFF301, 0xD8028702,
0x26005200, 0x00010600, 0x8AFF0000, 0x10400B02, 0x00202109, 0x0050020E, 0x224F2B2B, 0x34FFFF00, 0x1BFFF301, 0xD9033502, 0x26003200, 0x00010701,
0x61000000, 0x8B001040, 0x0B020024, 0x2E141950, 0x0216204F, 0x2B2B3400, 0x00FFFF00, 0x1DFFF301, 0xD802AA02, 0x26005200, 0x00010601, 0x61000000,
0x10400B02, 0x00242E09, 0x0050020E, 0x204F2B2B, 0x34FFFF00, 0x1BFFF301, 0xDA033E02, 0x26003200, 0x00010701, 0x65002400, 0x8A001740, 0x10030226,
0x22241419, 0x50031625, 0x4F021621, 0x4F2B2B2B, 0x34340000, 0x00FFFF00, 0x1DFFF301, 0xDA02B402, 0x26005200, 0x00010601, 0x65240000, 0x17401003,
0x02262224, 0x09005003, 0x0E254F02, 0x0E214F2B, 0x2B2B3434, 0x00FFFF00, 0x36000001, 0xE9033E02, 0x26003500, 0x00010700, 0x8FFFF400, 0x8B0013B9,
0x0002FFEA, 0x40092725, 0x140D5002, 0x00264F2B, 0x2B340000, 0x00FFFF00, 0x59000001, 0xCB02B302, 0x26005500, 0x00010600, 0x8F1B0000, 0x10400B01,
0x0E16140A, 0x1350010D, 0x154F2B2B, 0x34FFFF00, 0x36FF5601, 0xE9027202, 0x26003500, 0x00010601, 0xC3EF0000, 0x0DB90002, 0xFFDAB42E, 0x27140D50,
0x2B340000, 0x00FFFF00, 0x23FF5601, 0xCB01DF02, 0x26005500, 0x00010701, 0xC3FF7F00, 0x00000DB9, 0x0001FF67, 0xB41D160A, 0x13502B34, 0x00FFFF00,
0x36000001, 0xE9033E02, 0x26003500, 0x00010701, 0x5FFFEF00, 0x8B0013B9, 0x0002FFDB, 0x40092529, 0x140D5002, 0x002A4F2B, 0x2B340000, 0x00FFFF00,
0x59000001, 0xCB02B302, 0x26005500, 0x00010601, 0x5F240000, 0x10400B01, 0x0D14180A, 0x1350010D, 0x194F2B2B, 0x34FFFF00, 0x28FFF301, 0xCC033E02,
0x26003600, 0x00010700, 0x8FFFFD00, 0x8B001040, 0x0B010831, 0x2F2B2450, 0x0111304F, 0x2B2B3400, 0x00FFFF00, 0x36FFF501, 0xBA02B302, 0x26005600,
0x00010600, 0x8FFD0000, 0x10400B01, 0x0A34322E, 0x25500111, 0x334F2B2B, 0x34FFFF00, 0x28FFF301, 0xCC033E02, 0x26003600, 0x00010700, 0x69000000,
0x8B001040, 0x0B010133, 0x2F2B2450, 0x0111304F, 0x2B2B3400, 0x00FFFF00, 0x36FFF501, 0xBA02B302, 0x26005600, 0x00010600, 0x69000000, 0x10400B01,
0x0336322E, 0x25500111, 0x334F2B2B, 0x34000100, 0x28FF5601, 0xCC027900, 0x46007EB9, 0x0040FFE0, 0xB40E0F00, 0x4C3BB8FF, 0xE040090D, 0x004D3340,
0x0D004D29, 0xB8FFC0B3, 0x0D004D1A, 0xB8FFC040, 0x0B0D004D, 0x22464232, 0x4838462C, 0xB8FFC040, 0x220B0E48, 0x2C470310, 0x0A401950, 0x19021947,
0x33364A2F, 0x3D4A2727, 0x162F031A, 0x1D4A1609, 0x0E089200, 0x3FC53FFD, 0xCE3F1239, 0x10ED10FD, 0xCE0110C6, 0x5DD6DCCD, 0x10D62BED, 0x10CEDEED,
0x3130002B, 0x2B2B2B01, 0x2B051616, 0x15140E02, 0x23222737, 0x16163332, 0x35342727, 0x36363726, 0x26273716, 0x1633323E, 0x0235342E, 0x02272E03,
0x35343633, 0x32161707, 0x26262322, 0x15141E02, 0x171E0315, 0x14060706, 0x0104211A, 0x15212C16, 0x2D230D06, 0x22102924, 0x14020703, 0x38451424,
0x1B4B361F, 0x29180916, 0x222A151C, 0x3C312071, 0x6339551D, 0x24193D28, 0x62141F27, 0x131D3F35, 0x22616204, 0x180A2712, 0x171E1208, 0x0B3F0207,
0x19130C06, 0x08100805, 0x1C0C6410, 0x1C0D171D, 0x0F131E17, 0x13080A1A, 0x283B2C57, 0x621A105F, 0x0E144712, 0x1B151007, 0x0B1B2D43, 0x33515D07,
0x08000100, 0x36FF5601, 0xBA01E200, 0x4800A140, 0x0D34200E, 0x0F004C33, 0x400E0F00, 0x4C1AB8FF, 0xE0B31000, 0x4D1AB8FF, 0xC040150E, 0x0F004C32,
0x20532043, 0x40435043, 0x60430443, 0x4A39532A, 0xB8FFC040, 0x090B0F48, 0x2A490310, 0x0A19B8FF, 0xC040300B, 0x0F480F19, 0x0119490F, 0x331F332F,
0x3303334F, 0x36013657, 0x2F001A10, 0x1A201A03, 0x1A401D01, 0x1D570E12, 0x08253E2F, 0x1616082F, 0x0B081200, 0x3F3F1239, 0x2F123939, 0x123939FD,
0x5DCE5D10, 0xFD5DCE5D, 0x0110D65D, 0x2BD6DCC5, 0x10D62BED, 0x10DE5DED, 0xC4313000, 0x2B2B2B2B, 0x05161615, 0x140E0223, 0x22273716, 0x16333235,
0x34272736, 0x36372626, 0x27371616, 0x33323635, 0x342E0227, 0x2E033534, 0x3E023332, 0x16170726, 0x26232206, 0x15141E02, 0x171E0315, 0x140E0207,
0x010E211A, 0x15212C16, 0x2D230D06, 0x22102924, 0x14020704, 0x31471613, 0x234F292D, 0x300F1B23, 0x131B382E, 0x1E17314C, 0x352E4F1D, 0x1311482D,
0x2F210F19, 0x21131B3A, 0x2F1E1227, 0x3F2E180A, 0x2712171E, 0x12080B3F, 0x02071913, 0x0C060811, 0x0804180A, 0x670E180D, 0x140D120D, 0x0C060815,
0x2031251E, 0x3529170E, 0x0D680517, 0x170D0B11, 0x0E0D0609, 0x16213325, 0x1A2F2419, 0x04000100, 0x19FF5601, 0xDB026B00, 0x20005040, 0x3113400B,
0x0F004C0F, 0x1C011C1D, 0x440F1801, 0x18D01AE0, 0x1AF01A03, 0x1A21A003, 0x0103102F, 0x0A010A21, 0x1300081E, 0x081D1848, 0x1A020B0E, 0x0812003F,
0xD5C63FED, 0x323F1239, 0x390110D6, 0x5DDCC55D, 0x10D65DDD, 0x5DFDCD5D, 0x31302B05, 0x16161514, 0x0E022322, 0x27371616, 0x33323534, 0x27273636,
0x37231123, 0x35211523, 0x11230601, 0x11211A15, 0x212C162D, 0x230D0622, 0x10292414, 0x0309050F, 0xA301C2A3, 0x1D05180A, 0x2712171E, 0x12080B3F,
0x02071913, 0x0C060B17, 0x09020566, 0x66FDFB08, 0x00010024, 0xFF5601D8, 0x02600034, 0x0069B900, 0x31FFC040, 0x3E0B004D, 0x00311031, 0x40316031,
0x80310531, 0x363F2301, 0x23902401, 0x24222551, 0x1F1C501D, 0x601D021D, 0x35031010, 0x0A010A35, 0x302B5734, 0x071C2555, 0x1F220A20, 0x21071607,
0x0E080F00, 0x3FC53F3F, 0xC13F33ED, 0x323FEDC5, 0x0110D65D, 0xDCCD10D6, 0x5DD532FD, 0x32C55D32, 0x5D10C65D, 0x31302B05, 0x16161514, 0x0E022322,
0x27371616, 0x33323534, 0x27273636, 0x372E0335, 0x35233533, 0x35371533, 0x15231514, 0x1E023332, 0x3E023717, 0x06060701, 0x57211A15, 0x212C162D,
0x230D0622, 0x10292414, 0x0207041E, 0x2F20116B, 0x6B7BC5C5, 0x0A121A10, 0x111D1B1D, 0x11111C40, 0x20180A27, 0x12171E12, 0x080B3F02, 0x0719130C,
0x06091208, 0x03152A43, 0x32C16676, 0x148A66BE, 0x1A201206, 0x02050A08, 0x6A0B0C02, 0xFFFF0019, 0x000001DB, 0x033E0226, 0x00370000, 0x0107015F,
0x0000008B, 0x0010400B, 0x0101080C, 0x06005001, 0x000D4F2B, 0x2B340000, 0xFFFF0024, 0xFFF501D8, 0x02B50226, 0x00570000, 0x010701C5, 0x00820000,
0x000AB601, 0x7D201E01, 0x15502B34, 0x00010019, 0x000001DB, 0x026B000F, 0x0063400D, 0x0B400A0C, 0x004C0A40, 0x0A0C004C, 0x05B8FFC0, 0xB40A0D00,
0x4C04B8FF, 0xC040240A, 0x0D004C11, 0x04010206, 0x03030244, 0x0D0C0C09, 0x0D0B0E10, 0x020D480F, 0x02090648, 0x0C030308, 0x08000200, 0x3F3F392F,
0x33ED323F, 0xED320110, 0xD6C6C532, 0x322F10ED, 0x322F3210, 0xD5C6C631, 0x302B2B2B, 0x2B011523, 0x15331523, 0x15233523, 0x35333523, 0x3501DBA3,
0x7E7E7C7D, 0x7DA3026B, 0x66B463EE, 0xEE63B466, 0x00010024, 0xFFF501D8, 0x02600025, 0x009EB900, 0x1CFFC0B4, 0x191A004C, 0x1CB8FFC0, 0xB314004D,
0x1BB8FFC0, 0xB4191A00, 0x4C1BB8FF, 0xC0400F14, 0x004D200B, 0x400B600B, 0x700B800B, 0x050BB8FF, 0xB840180A, 0x49000B01, 0x0B270003, 0x0304040A,
0x51500760, 0x07700703, 0x070501B8, 0xFFC04024, 0x0E114801, 0x261C1757, 0x2007004F, 0x115F116F, 0x11031155, 0x030E044F, 0x0D5F0D6F, 0x0D030D55,
0x070A0902, 0x003FD532, 0xFD5D32D6, 0x32ED5D32, 0x3FFDC601, 0x10D62BD0, 0xD55DED33, 0x11331133, 0x10C65D2B, 0x5D313000, 0x2B2B2B2B, 0x37233533,
0x35233533, 0x35371533, 0x15231533, 0x15231514, 0x1E023332, 0x3E023717, 0x06062322, 0x2E02358F, 0x6B6B6B6B, 0x7BC5C5C4, 0xC40A121A, 0x10111D1B,
0x1D111122, 0x4F252B42, 0x2E18CC54, 0x50667614, 0x8A665054, 0x1A1A2012, 0x0602050A, 0x086A0E0C, 0x0E28493B, 0xFFFF0027, 0xFFF301CD, 0x032B0226,
0x00380000, 0x01070075, 0x0000008B, 0x0010400B, 0x0102281A, 0x04145001, 0x06274F2B, 0x2B340000, 0xFFFF003B, 0xFFF501B6, 0x02A00226, 0x00580000,
0x01060075, 0x00000010, 0x400B0103, 0x21130700, 0x50010920, 0x4F2B2B34, 0xFFFF0027, 0xFFF301CD, 0x03120226, 0x00380000, 0x0107008A, 0x0000008B,
0x0010400B, 0x01021A1B, 0x04145001, 0x061C4F2B, 0x2B340000, 0xFFFF003B, 0xFFF501B6, 0x02870226, 0x00580000, 0x0106008A, 0x00000010, 0x400B0103,
0x13140700, 0x50010915, 0x4F2B2B34, 0xFFFF0027, 0xFFF301CD, 0x03350226, 0x00380000, 0x01070161, 0x0000008B, 0x0010400B, 0x01001E28, 0x04145001,
0x061A4F2B, 0x2B340000, 0xFFFF003B, 0xFFF501B6, 0x02AA0226, 0x00580000, 0x01060161, 0x00000010, 0x400B0101, 0x17210700, 0x50010913, 0x4F2B2B34,
0x00030027, 0xFFF301CD, 0x033A0019, 0x00290035, 0x00604024, 0x2A7F801A, 0x016F1A01, 0x301A401A, 0x501A031A, 0x12440015, 0x60150215, 0x37307F0F,
0x222F2202, 0x22084405, 0xB8FFC040, 0x180D1148, 0x05362D80, 0xB0270127, 0x8633801D, 0x03140206, 0x020D4A00, 0x09003FED, 0x3F3F3FED, 0x3F5DED01,
0x10D62BED, 0xD45DED10, 0xD65DEDD4, 0x5D5D5DED, 0x31301722, 0x2E023511, 0x3311141E, 0x0233323E, 0x02351133, 0x11140E02, 0x13140623, 0x222E0235,
0x343E0233, 0x32160734, 0x26232206, 0x15141633, 0x3236F83C, 0x5130147C, 0x0813221A, 0x1A221408, 0x7B143252, 0x2E3F2B14, 0x261D1111, 0x1D26142B,
0x3F411811, 0x0F19190F, 0x11180D21, 0x3E583601, 0x77FE9127, 0x35200E0E, 0x21352701, 0x6EFE8936, 0x583E2102, 0xE032340D, 0x1A261919, 0x271A0D34,
0x33151515, 0x15141616, 0xFFFF003B, 0xFFF501B6, 0x02C30226, 0x00580000, 0x01060163, 0x0000000C, 0xB7020101, 0x1A130700, 0x502B3434, 0xFFFF0027,
0xFFF301DA, 0x033E0226, 0x00380000, 0x01070165, 0x0024008A, 0x00174010, 0x0201261C, 0x1E041450, 0x02061F4F, 0x01061B4F, 0x2B2B2B34, 0x34000000,
0xFFFF003B, 0xFFF501D1, 0x02B40226, 0x00580000, 0x01060165, 0x1B000017, 0x40100201, 0x1F151707, 0x00500209, 0x184F0109, 0x144F2B2B, 0x2B343400,
0x00010027, 0xFF5601CD, 0x026B002C, 0x002B4016, 0x2744292E, 0x12050C2E, 0x1D441B2D, 0x28021C02, 0x224A1509, 0x0F92003F, 0x3FED3F3F, 0x0110D6ED,
0x10D6DCC5, 0x10D6ED31, 0x30250E03, 0x15141633, 0x32363717, 0x06062322, 0x26353436, 0x37222E02, 0x35113311, 0x141E0233, 0x323E0235, 0x11331114,
0x06018707, 0x1D1E170B, 0x1008160F, 0x070E331C, 0x302A1916, 0x3C4F2F14, 0x7C081322, 0x1A1A2214, 0x087B1E18, 0x051A1F1F, 0x0C0A0E02, 0x053A0509,
0x251B1731, 0x15223E57, 0x36018BFE, 0x7D273520, 0x0E0E2135, 0x270182FE, 0x75446300, 0x01003BFF, 0x5601B601, 0xD6002700, 0x41401519, 0x511C2906,
0x21002960, 0x29011451, 0x50116011, 0x70110311, 0xB8FFC040, 0x0F090C48, 0x11281A0A, 0x120A1757, 0x0C070312, 0x003F3FED, 0x3F3F0110, 0xD62B5DED,
0x5D10D6DC, 0xC510D6ED, 0x31300506, 0x06232226, 0x35343637, 0x06062322, 0x2E023511, 0x33151416, 0x33323711, 0x33110E03, 0x15141633, 0x32363701,
0xB20E331C, 0x302A1C19, 0x0E1B0D3A, 0x4A2B107B, 0x1F2D1C1C, 0x7C071B1C, 0x150B1008, 0x160F9C05, 0x09251B18, 0x35160202, 0x203B5030, 0x0106F641,
0x3F050171, 0xFE3A0517, 0x1C1D0C0A, 0x0E0205FF, 0xFF001700, 0x0001DD03, 0x3E022600, 0x3A000001, 0x07006900, 0x00008B00, 0x10400B01, 0x012D291D,
0x0B50010A, 0x2A4F2B2B, 0x340000FF, 0xFF000B00, 0x0001E902, 0xB3022600, 0x5A000001, 0x06006900, 0x00001040, 0x0B01012D, 0x29102550, 0x01102A4F,
0x2B2B34FF, 0xFF000D00, 0x0001E803, 0x3E022600, 0x3C000001, 0x07006900, 0x00008B00, 0x10400B01, 0x00191511, 0x06500105, 0x164F2B2B, 0x340000FF,
0xFF0014FF, 0x5801D802, 0xB3022600, 0x5C000001, 0x06006900, 0x00001040, 0x0B010527, 0x230D0050, 0x0100244F, 0x2B2B34FF, 0xFF002E00, 0x0001C603,
0x3E022600, 0x3D000001, 0x07008F00, 0x00008B00, 0x10400B01, 0x0B141208, 0x06500110, 0x134F2B2B, 0x340000FF, 0xFF004300, 0x0001B402, 0xB3022600,
0x5D000001, 0x06008F00, 0x00001040, 0x0B010A14, 0x12080650, 0x0110134F, 0x2B2B34FF, 0xFF002E00, 0x0001C603, 0x2E022600, 0x3D000001, 0x07016200,
0x00008B00, 0x10400B01, 0x00141A08, 0x06500110, 0x124F2B2B, 0x340000FF, 0xFF004300, 0x0001B402, 0xA3022600, 0x5D000001, 0x06016200, 0x000013B9,
0x0001FFFF, 0x4009141A, 0x08065001, 0x10124F2B, 0x2B3400FF, 0xFF002E00, 0x0001C603, 0x3E022600, 0x3D000001, 0x07015F00, 0x00008B00, 0x10400B01,
0x01121608, 0x06500110, 0x174F2B2B, 0x340000FF, 0xFF004300, 0x0001B402, 0xB3022600, 0x5D000001, 0x06015F00, 0x00001040, 0x0B010012, 0x16080650,
0x0110174F, 0x2B2B3400, 0x01008B00, 0x0001EC02, 0xB5001300, 0x37B3A009, 0x0109B8FF, 0xC0400C09, 0x12480915, 0x1351A000, 0x010200B8, 0xFFC0400B,
0x09124800, 0x1413060D, 0x57060100, 0x3FED3F01, 0x10D62B5F, 0x5DED10C6, 0x2B5D3130, 0x3311343E, 0x02333216, 0x17072626, 0x23220E02, 0x15118B21,
0x38482627, 0x52211517, 0x451F111F, 0x170E01F1, 0x394B2D13, 0x0C106508, 0x10061425, 0x1EFE11FF, 0xFF0028FF, 0x5601CC02, 0x79022600, 0x36000001,
0x0601C3DD, 0x00000DB9, 0x0001FFDD, 0xB438312B, 0x24502B34, 0x000000FF, 0xFF0036FF, 0x5601BA01, 0xE2022600, 0x56000001, 0x0601C3DD, 0x00000DB9,
0x0001FFDF, 0xB43B342E, 0x25502B34, 0x000000FF, 0xFF0019FF, 0x5601DB02, 0x6B022600, 0x37000001, 0x0601C3E6, 0x00000DB9, 0x0001FFE6, 0xB4110A06,
0x00502B34, 0x000000FF, 0xFF0024FF, 0x5601D802, 0x60022600, 0x57000001, 0x0601C324, 0x00000AB6, 0x01202720, 0x0115502B, 0x34000000, 0x010031FF,
0x56019001, 0xD5001300, 0x25401400, 0x4410120F, 0x081F0802, 0x08141055, 0x120A090C, 0x57050E00, 0x3FFDC63F, 0xED0110C6, 0x5DD6DDED, 0x31302514,
0x0E022322, 0x26273716, 0x16333236, 0x35112335, 0x2101901C, 0x31432730, 0x52262619, 0x471D1F22, 0xBE01391F, 0x394D2F14, 0x1813680E, 0x19253201,
0x56660001, 0x00B001E2, 0x014302B5, 0x000F0010, 0xB5000910, 0x080F9F00, 0x3FC50110, 0xD6C53130, 0x01141407, 0x0E030727, 0x36363534, 0x26270143,
0x0102090F, 0x140D5713, 0x0F010202, 0xB50B100B, 0x1C2E2926, 0x14182944, 0x260B1508, 0x00010070, 0x01FE0186, 0x02B30005, 0x003FB504, 0x200C004D,
0x00B8FFE0, 0x401A0C00, 0x4D05200E, 0x004D0106, 0x03070505, 0x06040700, 0x0605039F, 0x0202019F, 0x003F3F3F, 0xC50110C6, 0x10C61239, 0x3D2F1239,
0x12393130, 0x002B012B, 0x2B133717, 0x37170770, 0x31595933, 0x8C02783B, 0x45453B7A, 0x0001006A, 0x022C018A, 0x02870003, 0x0010B501, 0x03040301,
0x93003FC5, 0x0110D6C5, 0x31301321, 0x15216A01, 0x20FEE002, 0x875B0001, 0x00690216, 0x018B02AA, 0x0013001E, 0x400E0D8F, 0x0E15078F, 0x06140E06,
0x007D0A02, 0x003FEDDC, 0xC00110D6, 0xE510D6ED, 0x31301322, 0x2E023535, 0x33161633, 0x32363733, 0x15140E02, 0xFA1F3527, 0x165B021E, 0x16161E03,
0x5A162735, 0x02161325, 0x34210726, 0x19192607, 0x21342513, 0x000100B3, 0x02180141, 0x02A3000B, 0x0012B709, 0x95030C00, 0x96069800, 0x3FED0110,
0xD6ED3130, 0x13222635, 0x34363332, 0x16151406, 0xFA1D2A2A, 0x1D1D2A2A, 0x02182520, 0x20262620, 0x20250002, 0x009101F6, 0x016302C3, 0x000F001B,
0x002B4019, 0x06081000, 0x4D007F10, 0x167F081C, 0x03805F19, 0x019F1901, 0x1913800D, 0x8A003FFD, 0xD65D71ED, 0x0110D6FD, 0xD6ED3130, 0x2B011406,
0x23222E02, 0x35343E02, 0x33321607, 0x34262322, 0x06151416, 0x33323601, 0x633F2B14, 0x261D1111, 0x1D26142B, 0x3F411811, 0x0F19190F, 0x1118025C,
0x32340D1A, 0x26191927, 0x1A0D3433, 0x15151515, 0x14161600, 0x0100A3FF, 0x56015C00, 0x0D001500, 0x17400A00, 0x0F06160B, 0x06090603, 0x92003F3F,
0x3F0110D6, 0xD5CC3130, 0x05060623, 0x22263534, 0x3637330E, 0x03151416, 0x33323637, 0x015A0E33, 0x1C302A2D, 0x2468071B, 0x1B140B10, 0x08160F9C,
0x0509251B, 0x1E431605, 0x161B1C0C, 0x0A0E0205, 0x00020043, 0x01FE01B6, 0x02B40003, 0x00070026, 0x40140406, 0x00000210, 0x02020208, 0x0507A004,
0x040103A0, 0x0004003F, 0x3FC53F3F, 0xC50110D6, 0x5DD5D6C5, 0x31300107, 0x27371707, 0x27370102, 0x902F79FA, 0x902F7A02, 0x6E703185, 0x46703184,
0xFFFF0017, 0x000001DD, 0x033E0226, 0x003A0000, 0x01070043, 0xFFE6008B, 0x0013B900, 0x01FFF240, 0x092C2A1D, 0x0B50010A, 0x2B4F2B2B, 0x34000000,
0xFFFF000B, 0x000001E9, 0x02B30226, 0x005A0000, 0x01060043, 0xE6000013, 0xB90001FF, 0xF240092C, 0x2A102550, 0x01102B4F, 0x2B2B3400, 0xFFFF0017,
0x000001DD, 0x033E0226, 0x003A0000, 0x0107008F, 0x0000008B, 0x0010400B, 0x010B2B29, 0x1D0B5001, 0x0A2A4F2B, 0x2B340000, 0xFFFF000B, 0x000001E9,
0x02B30226, 0x005A0000, 0x0106008F, 0x00000010, 0x400B010B, 0x2B291025, 0x5001102A, 0x4F2B2B34, 0xFFFF0017, 0x000001DD, 0x032C0226, 0x003A0000,
0x01070083, 0x0000008B, 0x00174010, 0x0201012B, 0x3D1D0B50, 0x020A354F, 0x010A294F, 0x2B2B2B34, 0x34000000, 0xFFFF000B, 0x000001E9, 0x02A10226,
0x005A0000, 0x01060083, 0x00000017, 0x40100201, 0x012B3D10, 0x25500210, 0x354F0110, 0x294F2B2B, 0x2B343400, 0xFFFF000D, 0x000001E8, 0x033E0226,
0x003C0000, 0x01070043, 0xFFDD008B, 0x0013B900, 0x01FFE840, 0x09181611, 0x06500105, 0x174F2B2B, 0x34000000, 0xFFFF0014, 0xFF5801D8, 0x02B30226,
0x005C0000, 0x01060043, 0xE6000013, 0xB90001FF, 0xF6400926, 0x240D0050, 0x0100254F, 0x2B2B3400, 0x00010019, 0x000001DA, 0x026B0003, 0x0018400B,
0x00790301, 0x79020401, 0x06000400, 0x3F3F0110, 0xD6EDD5ED, 0x31300101, 0x230101DA, 0xFEA36401, 0x5D026BFD, 0x95026B00, 0x03006601, 0x07018F02,
0x79000B00, 0x17002300, 0x32401B06, 0x84AF0CBF, 0x0C020C18, 0x7F1E1284, 0x0024157D, 0x1B210309, 0x09250F7D, 0x0301003F, 0xED12392F, 0x123939ED,
0x0110D6FD, 0xD6FDD65D, 0xED313013, 0x34363332, 0x16151406, 0x23222637, 0x34262322, 0x06151416, 0x33323627, 0x14062322, 0x26353436, 0x33321666,
0x4D48474D, 0x4D47484D, 0xCA161E1E, 0x19191E1E, 0x1618100E, 0x0E10100E, 0x0E1001C0, 0x59606059, 0x59606059, 0x2F3A3A2F, 0x30393933, 0x10161610,
0x10161600, 0x02005901, 0x0D017D02, 0x72000C00, 0x11005640, 0x0A03400A, 0x0C004C0F, 0x030106B8, 0xFFC04025, 0x090A004C, 0x03020104, 0x04018F07,
0x11100008, 0x10080208, 0x120D1105, 0x04070111, 0x11010704, 0x05051300, 0x04003F11, 0x17392F2F, 0x2F2F2F11, 0x390110D6, 0x5DC5D532, 0xED322F10,
0xC5323130, 0x002B015D, 0x2B011533, 0x15231523, 0x35233536, 0x36371706, 0x06073301, 0x54292954, 0xA7264D30, 0x04142510, 0x490272CE, 0x4A4D4D40,
0x40653363, 0x17342000, 0x01007101, 0x07017C02, 0x72001C00, 0x80B9001C, 0xFFC0400F, 0x0C004D11, 0x40090A00, 0x4C0F4013, 0x004D0FB8, 0xFFC0B30A,
0x004D0EB8, 0xFFC04037, 0x09004DAF, 0x0E010820, 0x0C004D16, 0x0C842000, 0x30004000, 0x03001E17, 0x140F061D, 0x077F0A8F, 0x0A9F0A03, 0x0A7D03BF,
0x0F010F7D, 0x1A031A03, 0x1A1E1716, 0x45150400, 0x3FED3212, 0x39392F2F, 0x10ED5D10, 0xFD5DC601, 0x10D6D6C4, 0xC510D65D, 0xEDC43130, 0x002B5D2B,
0x2B2B012B, 0x2B011406, 0x23222627, 0x37161633, 0x32353426, 0x233E0337, 0x33152314, 0x06071616, 0x017C4253, 0x20411514, 0x1226213A, 0x49470305,
0x050402D4, 0x89020257, 0x43017F35, 0x430B0B4F, 0x070B241E, 0x0C183939, 0x310F5109, 0x1F0A023B, 0x00020062, 0x01070173, 0x0273000A, 0x001F0077,
0x40121D40, 0x18004D04, 0x40111200, 0x4C034011, 0x12004C14, 0xB8FFF0B3, 0x0F004D05, 0xB8FFC040, 0x33131400, 0x4C1A8008, 0x90080208, 0x7C000E01,
0x200E600E, 0xA00E030E, 0x218F1D9F, 0x1D021D03, 0x7C16207F, 0x0501057D, 0x130B0013, 0x00130021, 0x1A7D1903, 0x003FED12, 0x39392F2F, 0x10C110ED,
0x5D0110D6, 0xEDC15D10, 0xD65D71ED, 0x5DC43130, 0x002B2B01, 0x2B2B2B13, 0x22060706, 0x33323635, 0x34262732, 0x1615140E, 0x02232226, 0x35343633,
0x17060607, 0x3636E60B, 0x18060538, 0x1713170B, 0x43381021, 0x32224547, 0x8173043F, 0x4512081D, 0x01AC0603, 0x501B1117, 0x16413D2E, 0x182D2214,
0x4F496371, 0x5002201E, 0x04060001, 0x006B010E, 0x017D0272, 0x000C003F, 0x40280B40, 0x09004D0A, 0x4009004D, 0x08201500, 0x4D082012, 0x004D0820,
0x0E0F004C, 0x0C070300, 0x050D0000, 0x0E070373, 0x0604003F, 0xED321239, 0x2F0110D6, 0xC4D5D5C6, 0x31302B2B, 0x2B2B2B13, 0x36363723, 0x3521150E,
0x0307A30D, 0x32289F01, 0x12122420, 0x1806010E, 0x58803656, 0x4B143D49, 0x542B0003, 0x006A0107, 0x018A0279, 0x001D0029, 0x003500A8, 0xB90031FF,
0xC0B30E00, 0x4D31B8FF, 0xC0B30C00, 0x4D2FB8FF, 0xC8B31000, 0x4D29B8FF, 0xC040090B, 0x004D1E20, 0x0F004D1E, 0xB8FFC0B3, 0x0E004D1B, 0xB8FFC040,
0x240E004D, 0x0B201516, 0x004C0B40, 0x0D004D08, 0x360E242A, 0x301E040B, 0x1B001837, 0x400E500E, 0x02400B01, 0x18B8FFC0, 0x401F0B00, 0x4D0E0B1B,
0x18181B0B, 0x0E043637, 0x2D332721, 0x04131003, 0x01030337, 0x3F130113, 0x05003F5D, 0x12392F5D, 0x12173901, 0x11121739, 0x2F2F2F2F, 0x2B5D5D11,
0x12391112, 0x17391112, 0x3931302B, 0x2B2B2B2B, 0x2B2B2B2B, 0x01140623, 0x222E0235, 0x34363726, 0x2635343E, 0x0233321E, 0x02151406, 0x07161607,
0x14163332, 0x36353426, 0x27060637, 0x34262322, 0x06151416, 0x17363601, 0x8A434E2C, 0x38200B20, 0x18191611, 0x21332227, 0x341F0D1C, 0x16211AC2,
0x151D1C16, 0x251E0F12, 0x5E141717, 0x14161D12, 0x1101712F, 0x3B141E23, 0x0F20270F, 0x12241B14, 0x251D1112, 0x1C231018, 0x2A0D1429, 0x1B0D1817,
0x0E161906, 0x0A198F0B, 0x17170B0F, 0x1B080A16, 0x00020081, 0x010D0192, 0x0279000A, 0x00210086, 0xB9001CFF, 0xC0B41416, 0x004C1BB8, 0xFFC0B414,
0x16004C1D, 0xB8FFC0B3, 0x10004D1C, 0xB8FFC040, 0x4010004D, 0x0D201700, 0x4D0D4013, 0x004D0C40, 0x16004D0C, 0x4014004D, 0x00400D0E, 0x004C1F84,
0x03847F18, 0x01201801, 0x18231C08, 0x84102270, 0x1B011B7D, 0x1C0B7D00, 0x1C001C00, 0x23057D15, 0x05003FED, 0x1239392F, 0x2F10ED10, 0xED5D0110,
0xD6EDC410, 0xD65D5DED, 0xED313000, 0x2B2B2B2B, 0x2B2B2B01, 0x2B2B0132, 0x36373623, 0x22061514, 0x1617222E, 0x0235343E, 0x02333216, 0x15140623,
0x27363637, 0x0606010F, 0x0B180605, 0x36171517, 0x0A212F1E, 0x0D102132, 0x22464676, 0x7E044543, 0x0F081E01, 0xD605044F, 0x19111618, 0x43111E28,
0x17172B22, 0x14514862, 0x714F021F, 0x200406FF, 0xFF0066FF, 0xFB018F01, 0x6D020701, 0x6F0000FE, 0xF40000FF, 0xFF008100, 0x0201A601, 0x66020700,
0x940000FE, 0xF40000FF, 0xFF007100, 0x02018201, 0x6D020700, 0x8D0000FE, 0xF40000FF, 0xFF0071FF, 0xFB018001, 0x6D020700, 0x8E0000FE, 0xF40000FF,
0xFF005900, 0x01017D01, 0x66020701, 0x700000FE, 0xF40000FF, 0xFF0071FF, 0xFB017C01, 0x66020701, 0x710000FE, 0xF40000FF, 0xFF0062FF, 0xFB017301,
0x67020701, 0x720000FE, 0xF40000FF, 0xFF006B00, 0x02017D01, 0x66020701, 0x730000FE, 0xF40000FF, 0xFF006AFF, 0xFB018A01, 0x6D020701, 0x740000FE,
0xF40000FF, 0xFF008100, 0x01019201, 0x6D020701, 0x750000FE, 0xF4000000, 0x020035FF, 0xF301AD02, 0xB5002100, 0x2F003440, 0x1D25490B, 0x16310E20,
0x2F302F02, 0x2F521F01, 0x10210121, 0x3015127D, 0x19072A80, 0x0610003F, 0xED3FFDC6, 0x0110D65D, 0xD632ED5D, 0x3210D6D6, 0xED313037, 0x11343E02,
0x33321E02, 0x15140607, 0x15141633, 0x32363717, 0x06062322, 0x2E023535, 0x07273736, 0x3635342E, 0x0223220E, 0x02159018, 0x28361D26, 0x2F1B0966,
0x542A2D1D, 0x26102117, 0x402B2C3C, 0x240F3B20, 0xAD394004, 0x0C15110E, 0x18120BE4, 0x01023D51, 0x2E131C2D, 0x361A5F9D, 0x46273F39, 0x160B3E14,
0x171A2D3B, 0x20072A30, 0x8234794C, 0x0F1E180F, 0x0A1E352B, 0x0002001B, 0xFFF401D9, 0x01860020, 0x00310061, 0xB9001DFF, 0xE040400C, 0x004D2F28,
0x14004D40, 0x0D010D33, 0xB01F012F, 0x1F3F1F6F, 0x1F7F1F8F, 0x1F05001F, 0x011F8F2F, 0x027F2C01, 0x2C7C1532, 0x0F2F1F2F, 0x2F2F5F2F, 0x6F2F7F2F,
0xAF2FBF2F, 0x082F261A, 0xA3100700, 0x3F3FD5C6, 0x5D0110D6, 0xFD5D32D6, 0xED5D5D5D, 0x10C65D31, 0x30002B01, 0x2B372215, 0x15141617, 0x16163332,
0x36373306, 0x0623222E, 0x0235343E, 0x0233321E, 0x02151527, 0x34272626, 0x23220607, 0x06151514, 0x33213235, 0x70040302, 0x1C442A2C, 0x491B201D,
0x5E362F51, 0x3C23233C, 0x512F2E51, 0x3D235205, 0x1A452829, 0x451B0604, 0x011403B7, 0x026E0405, 0x031D1F25, 0x1E232B20, 0x3649292A, 0x4A362020,
0x364A2A05, 0x7D06071A, 0x1F201B06, 0x086B0404, 0x00030002, 0xFFF801F5, 0x02720027, 0x00320036, 0x00BAB900, 0x0DFFC0B3, 0x1A004D0C, 0xB8FFC0B4,
0x1B1C004C, 0x0BB8FFC0, 0xB4191C00, 0x4C0AB8FF, 0xC0B4191C, 0x004C00B8, 0xFFE04052, 0x20004D34, 0x363536AF, 0x33341433, 0x34333806, 0x7C1F380E,
0x7C1B3835, 0x37902D01, 0x2D8F2E28, 0x371509EF, 0x27012733, 0x36043534, 0x0C322F28, 0x282F3203, 0x2B302D60, 0x2D022D9C, 0x2B040880, 0x0A180B1D,
0x1D0B1803, 0x80240911, 0x800F1801, 0x189A003F, 0x71ED3FED, 0x1139393D, 0x2F182F12, 0x39ED3F3F, 0x5D121739, 0x2F2F2F3F, 0x333F3301, 0x2F5DC4C6,
0x10D6D4ED, 0x5D10C210, 0xD4ED10D4, 0xED10D087, 0x2B877DC4, 0x3130002B, 0x2B2B2B2B, 0x25161633, 0x32363534, 0x23233533, 0x32363534, 0x26232206,
0x07273636, 0x33321615, 0x14071615, 0x140E0223, 0x22262701, 0x36363733, 0x15233506, 0x06072501, 0x2301012B, 0x0B271417, 0x173C1316, 0x1A130F0B,
0x11280917, 0x0F381D35, 0x2F1D2A13, 0x222D1B1D, 0x3211FEEA, 0x2232183F, 0x55141C13, 0x01AAFEC3, 0x64013D46, 0x050B090D, 0x1A390A0A, 0x09080C05,
0x360B0E29, 0x1A261214, 0x2B171E13, 0x08090802, 0x240F1F17, 0xFA960B0C, 0x0579FD95, 0x026B0003, 0x0000FFF8, 0x01F50279, 0x00270045, 0x004900D1,
0xB90034FF, 0xE0400A12, 0x004D3020, 0x1314004C, 0x0DB8FFC0, 0xB31C004D, 0x0DB8FFC0, 0xB31A004D, 0x0CB8FFC0, 0xB41A1C00, 0x4C0BB8FF, 0xC0B41A1C,
0x004C0AB8, 0xFFC04037, 0x1A1C004C, 0x49474647, 0xAF484914, 0x48484946, 0x4B0E067C, 0x1F1B4B48, 0x4A347C40, 0x40293A4A, 0x292A4A15, 0x09EF2701,
0x27490448, 0x470C4639, 0x36993D03, 0x288129B8, 0xFFC0401D, 0x0C004D60, 0x299029B0, 0x29E02904, 0x299C0B80, 0x081D081D, 0x18038024, 0x09118018,
0x9A003FED, 0x3FED1139, 0x393D2F18, 0x2FED3F5D, 0x2BED3FFD, 0xC62F3F2F, 0x3F012F5D, 0xC4C610D6, 0xC510C011, 0x3910ED10, 0xC610C4D4, 0xED3210C4,
0x87102B87, 0x7DC43130, 0x002B2B2B, 0x2B2B012B, 0x2B251616, 0x33323635, 0x34232335, 0x33323635, 0x34262322, 0x06072736, 0x36333216, 0x15140716,
0x15140E02, 0x23222627, 0x03152326, 0x26353436, 0x37373636, 0x35342322, 0x06072736, 0x36333216, 0x15140E02, 0x07250123, 0x01012B0B, 0x27141717,
0x3C13161A, 0x130F0B11, 0x2809170F, 0x381D352F, 0x1D2A1322, 0x2D1B1D32, 0x1142D101, 0x01291D17, 0x100C1A0E, 0x1F0C2913, 0x3A20273D, 0x1620240E,
0x0169FEC3, 0x64013D46, 0x050B090D, 0x1A390A0A, 0x09080C05, 0x360B0E29, 0x1A261214, 0x2B171E13, 0x08090801, 0xAC3F060C, 0x05232613, 0x0F0A0E0D,
0x16100D36, 0x1617282A, 0x1B221813, 0x0AB6FD95, 0x026B0005, 0x0002FFF9, 0x01EC0272, 0x001A0025, 0x0030003D, 0x004100B2, 0xB90032FF, 0xC0B31200,
0x4D31B8FF, 0xC0B31200, 0x4D2BB8FF, 0xC0406112, 0x004D0040, 0x1D004D00, 0x40171800, 0x4C413F3E, 0x3FAF4041, 0x14404041, 0x3E430000, 0x7C2B267C,
0x15700680, 0x06900603, 0x067C3138, 0x7C101543, 0x40429020, 0x01208F21, 0x1B424104, 0x400C3F0C, 0x3E042522, 0x1B1B2225, 0x031F3020, 0x60200220,
0x9C1F0435, 0x8029293B, 0x2E80180D, 0x3B800B9A, 0x003FED3F, 0xED113910, 0xED3F3F5D, 0x1217392F, 0x2F2F3F3F, 0x3F3F0110, 0xD6D4ED5D, 0x10C610D6,
0xD4FDD6ED, 0x5D10FDD2, 0xE92F10CC, 0x87102B87, 0x7DC43130, 0x012B2B2B, 0x2B2B2534, 0x36372626, 0x35343E02, 0x33321E02, 0x15140607, 0x16171606,
0x23222601, 0x36363733, 0x15233506, 0x06070134, 0x26270615, 0x14163332, 0x36271416, 0x17173636, 0x35342623, 0x22061301, 0x23010102, 0x12150D11,
0x131E2714, 0x14271E13, 0x0E112502, 0x01364033, 0x41FF0022, 0x32183F55, 0x141C1301, 0x89231814, 0x190E0F19, 0x46121702, 0x080B130C, 0x09165FFE,
0xC364013D, 0x450E220C, 0x0A1C1412, 0x1B120909, 0x111A1111, 0x1C0B142B, 0x1E302602, 0x0E0F1F17, 0xFA960B0C, 0x05FE560C, 0x0C070B13, 0x0B0A097C,
0x060C0801, 0x060C0808, 0x080701AA, 0xFD95026B, 0x00050003, 0xFFF901F5, 0x0279001A, 0x0042004D, 0x005A005E, 0x00D8B548, 0x4015004D, 0x03B8FFC0,
0x40841415, 0x004C0040, 0x22004D00, 0x40151800, 0x4C3D400C, 0x004D2440, 0x1A1B004C, 0x23401A1B, 0x004C2140, 0x1B004D5C, 0x5E5D5EAF, 0x5B5C145B,
0x5C5B6021, 0x7C3A297C, 0x363A363A, 0x36605F00, 0x4014004D, 0x9F00AF00, 0x02007C48, 0x437C1506, 0x7C4E557C, 0x1015605D, 0x5F30425F, 0x5E045D0C,
0x5C0C5B04, 0x3838331E, 0x80303F60, 0x3FB03F03, 0x3F9D2381, 0x262C8033, 0x03518046, 0x46584B80, 0x180D5880, 0x0B9A003F, 0xED3FED11, 0x3910ED3F,
0xFDD6ED3F, 0x5DED1239, 0x3D2F183F, 0x3F3F3F01, 0x10D6C610, 0xC210D0D4, 0xFDD6ED10, 0xFDD6ED5D, 0x2B111239, 0x392F2F10, 0xED10ED10, 0xD4872B87,
0x7DC43130, 0x002B2B2B, 0x2B012B2B, 0x2B2B2534, 0x36372626, 0x35343E02, 0x33321E02, 0x15140607, 0x16171606, 0x23222603, 0x16163332, 0x36353423,
0x23353332, 0x36353426, 0x23220607, 0x27363633, 0x32161514, 0x07161514, 0x0E022322, 0x26270134, 0x26270615, 0x14163332, 0x36271416, 0x17173636,
0x35342623, 0x22061301, 0x2301010B, 0x12150E10, 0x131E2714, 0x14271E13, 0x0E112502, 0x01364033, 0x41F60B27, 0x1417183C, 0x14161A13, 0x0F0B1127,
0x0A160E38, 0x1E34301E, 0x2A13222D, 0x1B1C3310, 0x01A42318, 0x14180F0F, 0x19461217, 0x02080B13, 0x0C0A1568, 0xFEC36401, 0x3D450E22, 0x0C0A1C14,
0x121B1209, 0x09111A11, 0x111C0B14, 0x2B1E3026, 0x019E050A, 0x080D1A39, 0x0A0A0908, 0x0C05360B, 0x0E291A25, 0x13142B17, 0x1E130809, 0x08FEC80C,
0x0C070B13, 0x0B0A097C, 0x060C0801, 0x060C0808, 0x080701AA, 0xFD95026B, 0x00050005, 0xFFF901F5, 0x0272001A, 0x003B0046, 0x00530057, 0x013E4017,
0x3A40191B, 0x004C3A40, 0x15004D39, 0x40191B00, 0x4C39400E, 0x004D1DB8, 0xFFE0B312, 0x004D03B8, 0xFFC04014, 0x14004D00, 0x40171800, 0x4C005016,
0x004D0040, 0x15004D28, 0xB8FFC0B3, 0x1A004D27, 0xB8FFC0B3, 0x1F004D27, 0xB8FFE0B3, 0x1D004D27, 0xB8FFC0B4, 0x1A1C004C, 0x1CB8FFC0, 0xB31F004D,
0x1CB8FFC0, 0xB31D004D, 0x1CB8FFC0, 0xB31B004D, 0x1CB8FFE0, 0xB30E004D, 0x1BB8FFC0, 0xB31C004D, 0x1BB8FFC0, 0x4066191A, 0x004C5557, 0x5657AF54,
0x55145455, 0x54592D7C, 0xA01EE01E, 0x021E59AF, 0x00BF0002, 0x007C413C, 0x7C15067C, 0x474E7C10, 0x15595658, 0x3B823950, 0x38013826, 0x58570456,
0x0C550C54, 0x043A8139, 0x04328126, 0x1B1B2338, 0x042A8030, 0x23016023, 0xB0230223, 0x9D4A3F3F, 0x51448018, 0x0D51800F, 0x0B010B9A, 0x003F71ED,
0x3FED1139, 0x10CD3F5D, 0x71ED3F12, 0x392F39ED, 0x3FED3F3F, 0x3F3F0110, 0xD6D65DC5, 0xED10C610, 0xD0D4FDD6, 0xED10FDD6, 0xED5D10D4, 0x5DED10D4,
0x872B877D, 0xC4313000, 0x2B2B2B2B, 0x2B2B2B2B, 0x2B2B012B, 0x2B2B2B2B, 0x2B2B2B2B, 0x25343637, 0x26263534, 0x3E023332, 0x1E021514, 0x06071617,
0x16062322, 0x26031616, 0x15140E02, 0x23222627, 0x37161633, 0x32363534, 0x2E022323, 0x3E033733, 0x15230134, 0x26270615, 0x14163332, 0x36271416,
0x17173636, 0x35342623, 0x22061301, 0x2301010B, 0x12150E10, 0x131E2714, 0x14271E13, 0x0E112502, 0x01364033, 0x419B3F2D, 0x13212C18, 0x1C321110,
0x112A1314, 0x0F061221, 0x1A130303, 0x030201A5, 0x60013623, 0x1814180F, 0x0F194612, 0x1702080B, 0x130C0A15, 0x68FEC364, 0x013D450E, 0x220C0A1C,
0x14121B12, 0x0909111A, 0x11111C0B, 0x142B1E30, 0x26020106, 0x30231821, 0x150A0E0B, 0x3D0A0D0F, 0x0A060A09, 0x0517221F, 0x20153FFE, 0x150C0C07,
0x0B130B0A, 0x097C060C, 0x0801060C, 0x08080807, 0x01AAFD95, 0x026B0005, 0x0016FFF9, 0x01F50272, 0x001A0025, 0x00320041, 0x004500D6, 0x40153E40,
0x0F004D3E, 0x200C004D, 0x3E400B00, 0x4D3E2009, 0x004D3AB8, 0xFFC0B40E, 0x11004C03, 0xB8FFE040, 0x5C14004D, 0x00401800, 0x4D004015, 0x16004CEF,
0x00014345, 0x4445AF42, 0x43144243, 0x4247AF00, 0xBF000200, 0x7C201B7C, 0x15067C26, 0x2D7C1015, 0x47444638, 0x3C3A418F, 0x33A03AB0, 0x3A025F3A,
0x6F3A8F3A, 0x033A4645, 0x04440C43, 0x0C420430, 0x416041B0, 0x4103419C, 0x38813B04, 0x29B8FFC0, 0x4013191C, 0x4829801E, 0x1E0B2380, 0x180D3080,
0x0F0B010B, 0x9A003F71, 0xED3FED11, 0x392FED2B, 0x3FED3F5D, 0x3F3F3F3F, 0x0110D65D, 0x5DD4ED10, 0xD5C510C2, 0x10D0D4FD, 0xD6ED10FD, 0xD6ED5D10,
0xD4872B87, 0x7DC43130, 0x015D2B2B, 0x2B2B2B2B, 0x2B2B2534, 0x36372626, 0x35343E02, 0x33321E02, 0x15140607, 0x16171606, 0x23222637, 0x34262706,
0x15141633, 0x32362714, 0x16171736, 0x36353426, 0x23220625, 0x3E033723, 0x3533150E, 0x03072501, 0x2301010B, 0x12150E10, 0x131E2714, 0x14271E13,
0x0E112502, 0x01364033, 0x419C2318, 0x14180F0F, 0x19461217, 0x02080B13, 0x0C0A15FE, 0xD8060C0F, 0x171264C1, 0x181C110A, 0x06012CFE, 0xC364013D,
0x450E220C, 0x0A1C1412, 0x1B120909, 0x111A1111, 0x1C0B142B, 0x1E302629, 0x0C0C070B, 0x130B0A09, 0x7C060C08, 0x01060C08, 0x080807B7, 0x22302926,
0x1A3F321B, 0x292B3425, 0xF3FD9502, 0x6B000300, 0x02FFF801, 0xF4027200, 0x0A002B00, 0x2F00A6B9, 0x0017FFC0, 0xB31F004D, 0x17B8FFC0, 0xB31C004D,
0x17B8FFE0, 0x4058191B, 0x004C4417, 0x5417022D, 0x2F2E2FAF, 0x2C2D142C, 0x2D2C3129, 0x2A1D7C0E, 0x312E302B, 0x829F2301, 0x236F1601, 0x16309005,
0x01058F06, 0x00302F04, 0x2E0C2D0C, 0x2C042280, 0x0B0B132B, 0x81299A1A, 0x80130C00, 0x070A0A07, 0x00030430, 0x056005B0, 0x0503059C, 0x0404003F,
0x3F5D1217, 0x392F2F2F, 0x3FED3FED, 0x113910ED, 0x3F3F3F3F, 0x0110D6D4, 0xED5D10D4, 0x5DD45DED, 0x10C210D0, 0xEDD4C010, 0xD4872B87, 0x7DC43130,
0x00712B2B, 0x2B133636, 0x37331523, 0x35060607, 0x01161615, 0x140E0223, 0x22262737, 0x16163332, 0x3635342E, 0x0223233E, 0x03373315, 0x23130123,
0x01022232, 0x183F5514, 0x1C130173, 0x3F2D1321, 0x2B191B32, 0x1110102B, 0x13140E06, 0x12211A12, 0x03030202, 0x01A55F3F, 0xFEC36401, 0x3D022D0F,
0x1F17FA96, 0x0B0C05FE, 0xB7063024, 0x1721150A, 0x0E0B3D0A, 0x0D0F0A06, 0x0A090517, 0x221F2015, 0x3F01AFFD, 0x95026B00, 0x030000FF, 0xF801F402,
0x79002000, 0x3E004200, 0xF6B53240, 0x17004D2D, 0xB8FFA840, 0x2F12004D, 0x29201300, 0x4D22401F, 0x004D2140, 0x1F004D32, 0x2017004D, 0x32201200,
0x4D184019, 0x1A004C17, 0x40191A00, 0x4C164019, 0x1A004C0C, 0xB8FFC0B3, 0x20004D0C, 0xB8FFC0B3, 0x13004D0C, 0xB8FFE0B3, 0x12004D0C, 0xB8FFE0B3,
0x1A1F4800, 0xB8FFC040, 0x531B1C00, 0x4C404241, 0x42AF3F40, 0x143F403F, 0x442D7C39, 0x3943441E, 0x127C0344, 0x41432223, 0x4320829F, 0x1801186F,
0x0B010B33, 0x43420441, 0x0C400C3F, 0x042F9936, 0x05218130, 0x22013022, 0x6022B022, 0x03229C0C, 0x0820811E, 0x9A0F8008, 0x0D178000, 0x002FED3F,
0xED3FED11, 0x393F5D71, 0xED3FED3F, 0x3F3F3F01, 0x10C0D45D, 0xD45DED10, 0xD6C510C2, 0x10D0EDC4, 0x1112392F, 0xED10D487, 0x2B877DC4, 0x3130002B,
0x2B2B2B2B, 0x2B2B2B2B, 0x2B012B2B, 0x2B2B2B25, 0x16161514, 0x0E022322, 0x26273716, 0x16333236, 0x35342E02, 0x23233E03, 0x37331523, 0x27152326,
0x26353436, 0x37373636, 0x35342322, 0x06072736, 0x36333216, 0x15140E02, 0x07250123, 0x0101883F, 0x2D13212B, 0x191B3211, 0x10102B13, 0x140E0612,
0x211A1203, 0x03020201, 0xA55FB4D1, 0x0101291D, 0x17100C1A, 0x0E1F0C29, 0x133A2027, 0x3D162024, 0x0E0172FE, 0xC364013D, 0xA9063024, 0x1721150A,
0x0E0B3D0A, 0x0D0F0A06, 0x0A090517, 0x221F2015, 0x3FF93F06, 0x0C052326, 0x130F0A0E, 0x0D16100D, 0x36161728, 0x2A1B2218, 0x130AB6FD, 0x95026B00,
0x03000CFF, 0xF801F402, 0x79002700, 0x48004C00, 0xFEB90034, 0xFFE0B41C, 0x20004C34, 0xB8FFE040, 0x091A004D, 0x04342434, 0x020CB8FF, 0xC0B31F00,
0x4D0CB8FF, 0xC0B31D00, 0x4D0CB8FF, 0xC0B41A1B, 0x004C0BB8, 0xFFC0B31F, 0x004D0BB8, 0xFFC0B31D, 0x004D0BB8, 0xFFC0B41A, 0x1B004C0A, 0xB8FFC0B3,
0x1F004D0A, 0xB8FFC0B3, 0x1D004D0A, 0xB8FFC040, 0x581A1B00, 0x4C4C4A49, 0x4AAF4B4C, 0x144B4B4C, 0x494E463A, 0x7C2B4E0E, 0x7C1B067C, 0x1F4E4B4D,
0x48829F40, 0x01406F33, 0x01334D15, 0x274D4C04, 0x4B0C4A0C, 0x49043F80, 0x28283048, 0x81469A37, 0x80300D0B, 0x81081D08, 0x1D180380, 0x30246024,
0xB0240324, 0x9D118018, 0x05003FED, 0x3F5DED11, 0x39393D2F, 0x182FED3F, 0xED3FED11, 0x3910ED3F, 0x3F3F3F01, 0x10D6C610, 0xD45DD45D, 0xED10C610,
0xDCEDD4ED, 0x10D0EDC4, 0x10C48710, 0x2B877DC4, 0x3130002B, 0x2B2B2B2B, 0x2B2B2B2B, 0x712B2B13, 0x16163332, 0x36353423, 0x23353332, 0x36353426,
0x23220607, 0x27363633, 0x32161514, 0x07161514, 0x0E022322, 0x26270516, 0x1615140E, 0x02232226, 0x27371616, 0x33323635, 0x342E0223, 0x233E0337,
0x33152313, 0x0123011E, 0x0B271417, 0x173B1416, 0x1A130F0B, 0x11280916, 0x0E381E34, 0x301E2A13, 0x222D1B1C, 0x3310017C, 0x3F2D1321, 0x2B191B32,
0x1110102B, 0x13140E06, 0x12211A12, 0x03030202, 0x01A55F51, 0xFEC36401, 0x3D01BD05, 0x0A080D1A, 0x390A0A09, 0x080C0536, 0x0B0E291A, 0x2513142B,
0x171E1308, 0x0908D706, 0x30241721, 0x150A0E0B, 0x3D0A0D0F, 0x0A060A09, 0x0517221F, 0x20153F01, 0xAFFD9502, 0x6B000400, 0x00FFF801, 0xF4027200,
0x20002D00, 0x32003600, 0xB9B63240, 0x1314004C, 0x30B8FFC0, 0x40101200, 0x4D0C2017, 0x18004C0B, 0x40171C00, 0x4C0CB8FF, 0xE0B41A20, 0x004C0CB8,
0xFFE84053, 0x19004D36, 0x343334AF, 0x35361435, 0x3536331E, 0x38353725, 0x3F220122, 0x28323231, 0x2D2A3720, 0x82186F0B, 0x010B3712, 0x7C033604,
0x350C340C, 0x33042232, 0x80283026, 0x01302660, 0x269026B0, 0x2604269C, 0x21041780, 0x00000820, 0x811E9A0F, 0x80080D00, 0x3FED3FED, 0x113910ED,
0x3F3F5D71, 0xD5ED323F, 0x3F3F3F01, 0x2FED10D4, 0x5DD4ED10, 0xD0C5D1C2, 0x2F32C55D, 0x3210C610, 0xC4C48710, 0x2B877DC4, 0x3130002B, 0x2B012B2B,
0x2B2B2516, 0x1615140E, 0x02232226, 0x27371616, 0x33323635, 0x342E0223, 0x233E0337, 0x33152303, 0x15331523, 0x15233523, 0x35363637, 0x17060607,
0x33250123, 0x0101883F, 0x2D13212B, 0x191B3211, 0x10102B13, 0x140E0612, 0x211A1203, 0x03020201, 0xA55FBE24, 0x24507C17, 0x2D20180F, 0x190B3301,
0x65FEC364, 0x013DA906, 0x30241721, 0x150A0E0B, 0x3D0A0D0F, 0x0A060A09, 0x0517221F, 0x20153F01, 0xB6943F27, 0x272D2B4C, 0x2F401729, 0x148DFD95,
0x026B0004, 0x0002FFF7, 0x01DE0272, 0x0012001D, 0x0028002C, 0x00A5400C, 0x1C401315, 0x004C2820, 0x13004D07, 0xB8FFC040, 0x3B1A1B00, 0x4C2A2C2B,
0x2CAF292A, 0x14292A29, 0x2E1C7C00, 0xA009C009, 0x02092E2B, 0x2D238F24, 0x1E2D167C, 0x8F0FBF0F, 0x020F2D2C, 0x042B0C2A, 0x0C29041E, 0x25282825,
0x1E032123, 0xB8FFC040, 0x1C0C004D, 0x6023B023, 0x02239C21, 0x040F1301, 0x13800606, 0x0C008112, 0x9A19800C, 0x0B003FED, 0x3FED1239, 0x2FED713F,
0x3F5D2B12, 0x17392F2F, 0x2F3F3F3F, 0x3F0110D4, 0x5DED10D6, 0xD4ED10C2, 0x10D65DC4, 0xED10D687, 0x2B877DC4, 0x3130002B, 0x2B012B25, 0x06060736,
0x36333216, 0x15140623, 0x22263534, 0x36170722, 0x06071616, 0x33323635, 0x34013636, 0x37331523, 0x35060607, 0x25012301, 0x01D9303D, 0x0F080D06,
0x35313734, 0x303D6B61, 0x5F0B1108, 0x02190E0E, 0x0FFE6D22, 0x32183F55, 0x141C1301, 0xB2FEC364, 0x013DBF03, 0x0A110202, 0x29272A34, 0x34395250,
0x03990302, 0x200F0F0B, 0x1A01C30F, 0x1F17FA96, 0x0B0C0579, 0xFD95026B, 0x00040005, 0xFFF701DE, 0x02720012, 0x0033003E, 0x004200EB, 0x400C3D40,
0x1415004C, 0x34401900, 0x4D1FB8FF, 0xE0B32100, 0x4D1FB8FF, 0xC0B41E1F, 0x004C1FB8, 0xFFC0B41B, 0x1C004C1F, 0xB8FFE040, 0x0D1A004D, 0x401F0134,
0x1F01051F, 0x0113B8FF, 0xC0406A1A, 0x004D2413, 0x34130242, 0x403F40AF, 0x41421441, 0x41423F44, 0x257C1631, 0x443D7C00, 0x09400C00, 0x4DBF09DF,
0x09020944, 0x41433382, 0x301E4337, 0x7CBF0F01, 0x0F434204, 0x410C400C, 0x3F042B2B, 0x81133381, 0x31042280, 0x201B301B, 0x401B0330, 0x1B601B90,
0x1BB01BE0, 0x1B051B9D, 0x34800606, 0x0C008112, 0x9A3A800C, 0x0B003FED, 0x3FED1239, 0x10ED3F5D, 0x71ED3FFD, 0xD2E92F3F, 0x3F3F3F01, 0x10D45DED,
0x10D6D6ED, 0x10C610DE, 0x5D2BC4ED, 0x10D4D4ED, 0x10C68710, 0x2B877DC4, 0x31300071, 0x2B717171, 0x2B2B2B2B, 0x2B012B25, 0x06060736, 0x36333216,
0x15140623, 0x22263534, 0x36170116, 0x1615140E, 0x02232226, 0x27371616, 0x33323635, 0x342E0223, 0x233E0337, 0x33152301, 0x22060716, 0x16333236,
0x35341301, 0x230101D9, 0x303D0F08, 0x0D063531, 0x3734303D, 0x6B61FE9E, 0x3F2D1321, 0x2C181C32, 0x1110112A, 0x13140F06, 0x12211A13, 0x03030302,
0x01A56001, 0x020B1108, 0x02190E0E, 0x0F3BFEC3, 0x64013DBF, 0x030A1102, 0x0229272A, 0x34343952, 0x5003011D, 0x06302318, 0x21150A0E, 0x0B3D0A0D,
0x0F0A060A, 0x09051722, 0x1F20153F, 0xFE370302, 0x200F0F0B, 0x1A0201FD, 0x95026B00, 0x03000200, 0x0001F402, 0x72000A00, 0x19001D00, 0x92405E16,
0x400F004D, 0x16400C00, 0x4D124015, 0x004D1140, 0x15004D10, 0x4012004D, 0x0A201300, 0x4D1D1B1A, 0x1BAF1C1D, 0x141C1C1D, 0x1A1F1014, 0x1F1C1E19,
0x8F0B121E, 0x90050105, 0x8F06001E, 0x1D041C0C, 0x1B0C1A04, 0x1081129B, 0x0B0C0A07, 0x0000070A, 0x03033005, 0x6005B005, 0x03059C03, 0x04003F3F,
0x5D121739, 0x2F2F2F3F, 0x3FED3F3F, 0x3F3F0110, 0xD6D4ED5D, 0x10D4D4ED, 0x10C610D0, 0xC510C487, 0x102B877D, 0xC4313000, 0x2B012B2B, 0x2B2B2B13,
0x36363733, 0x15233506, 0x0607013E, 0x03372335, 0x33150E03, 0x07130123, 0x01022232, 0x183F5514, 0x1C130138, 0x060C0F17, 0x1264C118, 0x1C110A06,
0x31FEC364, 0x013D022D, 0x0F1F17FA, 0x960B0C05, 0xFE0E2230, 0x29271A3E, 0x321B292B, 0x3425026B, 0xFD95026B, 0x00030000, 0x000001F4, 0x0279000E,
0x002C0030, 0x00974065, 0x18201300, 0x4D172013, 0x004D0B40, 0x0F004D0B, 0x400C004D, 0x07401B00, 0x4D074018, 0x004D0640, 0x1B004D06, 0x4018004D,
0x302E2D2E, 0xAF2F3014, 0x2F2F302D, 0x32050832, 0x2F311B7C, 0x27102111, 0x310E8F00, 0x07313004, 0x2F0C2E0C, 0x2D041D99, 0x24050F81, 0x30106010,
0xB010E010, 0x04109C05, 0x81079B00, 0x0C003F3F, 0xE53F5DED, 0x3FED3F3F, 0x3F3F0110, 0xD4D4ED10, 0xD6C4D5D4, 0xED10C610, 0xD0C510C4, 0x87102B87,
0x7DC43130, 0x012B2B2B, 0x2B2B2B2B, 0x2B213E03, 0x37233533, 0x150E0307, 0x03152326, 0x26353436, 0x37373636, 0x35342322, 0x06072736, 0x36333216,
0x15140E02, 0x07250123, 0x01014D06, 0x0C0F1712, 0x64C1181C, 0x110A06C9, 0xD1010129, 0x1D17100C, 0x1A0E1F0C, 0x29133A20, 0x273D1620, 0x240E016E,
0xFEC36401, 0x3D223029, 0x271A3E32, 0x1B292B34, 0x2501B53F, 0x060C0523, 0x26130F0A, 0x0E0D1610, 0x0D361617, 0x282A1B22, 0x18130AB6, 0xFD95026B,
0x0003000C, 0x000001F4, 0x02790027, 0x0036003A, 0x00CC4015, 0x33400F00, 0x4D33200C, 0x004D2F40, 0x1B004D2E, 0x401B004D, 0x0CB8FFC0, 0xB31A004D,
0x0BB8FFC0, 0xB31A004D, 0x0AB8FFC0, 0x405F1A00, 0x4D3A3837, 0x38AF393A, 0x1439393A, 0x373C2D31, 0x3C0E7C1B, 0x067C1F20, 0x1F301F80, 0x1F03A01F,
0xB01FE01F, 0xF01F041B, 0x1F1B1F3C, 0x393B368F, 0x282F3B15, 0x273B3A04, 0x390C380C, 0x3704360C, 0x2D812F9B, 0x0B81081D, 0x1D081803, 0x80302401,
0x30246024, 0xB0240324, 0x9D118118, 0x05003FED, 0x3F5D71ED, 0x1239393D, 0x2F182FED, 0x3FED3F3F, 0x3F3F3F01, 0x10D6C610, 0xD4D4ED10, 0xC6123939,
0x2F2F5D71, 0x10ED10ED, 0x10D0C510, 0xC487102B, 0x877DC431, 0x30002B2B, 0x2B012B2B, 0x2B2B1316, 0x16333236, 0x35342323, 0x35333236, 0x35342623,
0x22060727, 0x36363332, 0x16151407, 0x1615140E, 0x02232226, 0x27013E03, 0x37233533, 0x150E0307, 0x13012301, 0x1E0B2714, 0x17173B14, 0x161A130F,
0x0B112809, 0x160E381E, 0x34301E2A, 0x13222D1B, 0x1C331001, 0x41060C0F, 0x171264C1, 0x181C110A, 0x0633FEC3, 0x64013D01, 0xBD050A08, 0x0D1A390A,
0x0A09080C, 0x05360B0E, 0x291A2513, 0x142B171E, 0x13080908, 0xFE802230, 0x29271A3E, 0x321B292B, 0x3425026B, 0xFD95026B, 0x00040000, 0x000001F4,
0x0272000E, 0x001B0020, 0x002400B5, 0xB6204013, 0x14004C1F, 0xB8FFC040, 0x6E12004D, 0x0B400F00, 0x4D0B200C, 0x004D0740, 0x17004D07, 0x4015004D,
0x06401700, 0x4D064015, 0x004D2422, 0x2122AF23, 0x24142323, 0x24212605, 0x09262325, 0x13C01201, 0x12D01001, 0x10162020, 0x1F1B1725, 0x0E8F002F,
0x07010725, 0x2404230C, 0x220C2104, 0x10208116, 0x30146014, 0x9014B014, 0x04149C1C, 0x810F040E, 0x0C089B05, 0x81079B00, 0x3FED3F3F, 0x3FED3F5D,
0xD5ED323F, 0x3F3F3F01, 0x10D471D4, 0xED10D0C5, 0xD1C22F32, 0xD55DC55D, 0x3310C610, 0xD0C510C4, 0x87102B87, 0x7DC43130, 0x012B2B2B, 0x2B2B2B2B,
0x2B213E03, 0x37233533, 0x150E0307, 0x03153315, 0x23152335, 0x23353636, 0x37170606, 0x07332501, 0x2301014D, 0x060C0F17, 0x1264C118, 0x1C110A06,
0xD3242450, 0x7C172D20, 0x180F190B, 0x33015FFE, 0xC364013D, 0x22302927, 0x1A3E321B, 0x292B3425, 0x0272943F, 0x27272D2B, 0x4C2F4017, 0x29148DFD,
0x95026B00, 0x03000500, 0x0001F402, 0x72002000, 0x2F003300, 0xC2400B2C, 0x400F004D, 0x2C200C00, 0x4D0CB8FF, 0xE8B31F00, 0x4D0CB8FF, 0xE0B31D00,
0x4D0CB8FF, 0xC040091A, 0x004D240C, 0x340C0200, 0xB8FFC8B3, 0x1F004D00, 0xB8FFC0B4, 0x1A1D004C, 0x00B8FFF0, 0x40491400, 0x4D333130, 0x31AF3233,
0x14323233, 0x3035262A, 0x35127C03, 0x1E353234, 0x2F8F2128, 0x3420821D, 0x0B343304, 0x320C310C, 0x30042F0C, 0x299B2681, 0x289B2081, 0x1E040F80,
0x30080130, 0x086008B0, 0x0803089D, 0x18810000, 0x2FED3F5D, 0x71ED3FED, 0x3FED3F3F, 0x3F3F3F3F, 0x0110D6D6, 0xED10D4D4, 0xED10C610, 0xD4D4ED10,
0xD0C510C4, 0x87102B87, 0x7DC43130, 0x002B2B2B, 0x712B2B2B, 0x012B2B13, 0x16161514, 0x0E022322, 0x26273716, 0x16333236, 0x35342E02, 0x23233E03,
0x37331523, 0x133E0337, 0x23353315, 0x0E030713, 0x01230170, 0x3F2D1321, 0x2C181C32, 0x1110112A, 0x13140F06, 0x12211A13, 0x03030302, 0x01A560DC,
0x060C0F17, 0x1264C118, 0x1C110A06, 0x33FEC364, 0x013D0220, 0x06302318, 0x21150A0E, 0x0B3D0A0D, 0x0F0A060A, 0x09051722, 0x1F20153F, 0xFDCD2230,
0x29271A3E, 0x321B292B, 0x3425026B, 0xFD95026B, 0x00040009, 0x000001F4, 0x027B0013, 0x0022002D, 0x003100B2, 0x40242C40, 0x14004D1F, 0x400F004D,
0x1F200C00, 0x4D1B4017, 0x004D1B40, 0x15004D1A, 0x4017004D, 0x1A401500, 0x4D07B8FF, 0xC0404E19, 0x1D004C31, 0x2F2E2FAF, 0x30311430, 0x30312E33,
0x191D332C, 0x7C090033, 0x3032228F, 0x141B3226, 0x7CEF0F01, 0x0F323104, 0x300C2F0C, 0x2E041C9B, 0x19811B9B, 0x140C2380, 0x06060C00, 0x80130529,
0x80300C01, 0x300C600C, 0xB00C030C, 0x9D003F5D, 0x71ED3FED, 0x12392FED, 0x3F3FED3F, 0x3F3F3F3F, 0x0110D65D, 0xED10D4D4, 0xED10C610, 0xD4D4ED10,
0xD0C510C4, 0x87102B87, 0x7DC43130, 0x002B012B, 0x2B2B2B2B, 0x2B2B1306, 0x06073636, 0x33321615, 0x14062322, 0x26353436, 0x3333133E, 0x03372335,
0x33150E03, 0x07012206, 0x07161633, 0x32363534, 0x25012301, 0xDD313D0F, 0x080D0635, 0x31363430, 0x3E655C0B, 0x78060C0F, 0x171264C1, 0x181C110A,
0x06FED70B, 0x11080219, 0x0E0E0F01, 0x3AFEC364, 0x013D0237, 0x030A1102, 0x0229272A, 0x3434394F, 0x50FD8522, 0x3029271A, 0x3E321B29, 0x2B342501,
0xE2030220, 0x0F0F0B1A, 0x89FD9502, 0x6B000400, 0x02FFF701, 0xF0027200, 0x12001D00, 0x27002B00, 0xD6B90026, 0xFFC0B314, 0x004D05B8, 0xFF80400A,
0x1B1C004C, 0x05C01A00, 0x4D20B8FF, 0xC0B31900, 0x4D1FB8FF, 0xC0B31900, 0x4D1EB8FF, 0xC0401119, 0x004D1D20, 0x13004D05, 0x401C004D, 0x2F050101,
0xB8FFC0B3, 0x19004D00, 0xB8FFC040, 0x4D19004D, 0x2B292829, 0xAF2A2B14, 0x2A2A2B28, 0x2D207C03, 0x7C0F2D2A, 0x2C901801, 0x188F1913, 0x2C267C00,
0x072C2B04, 0x2A0C290C, 0x28041D1A, 0x13131A1D, 0x03163018, 0x6018B018, 0x03189C16, 0x041E8005, 0x050A0080, 0x120B2380, 0x0A9A003F, 0xED3FED12,
0x392FED3F, 0x3F5D1217, 0x392F2F2F, 0x3F3F3F3F, 0x0110D4C4, 0xED10D6D4, 0xED5D10C6, 0x10D6EDED, 0x10C48710, 0x2B877DC4, 0x3130002B, 0x2B712B2B,
0x2B2B2B01, 0x2B2B2B25, 0x36363706, 0x23223534, 0x3633321E, 0x02151406, 0x23013636, 0x37331523, 0x35060607, 0x01323726, 0x26232206, 0x15141301,
0x2301011C, 0x303D0E0E, 0x0C653634, 0x14281F13, 0x6667FEDF, 0x2232183F, 0x55141C13, 0x016E1211, 0x011A0E0E, 0x0E5FFEC3, 0x64013D3B, 0x03091103,
0x502A340D, 0x1B291C52, 0x4D02360F, 0x1F17FA96, 0x0B0C05FE, 0x9E051F10, 0x0F0B1A01, 0xDBFD9502, 0x6B000400, 0x00FFF701, 0xF0027900, 0x12001C00,
0x3A003E00, 0xC8400B26, 0x2013004D, 0x25201300, 0x4D1BB8FF, 0xC0400914, 0x004D2E40, 0x17004D1C, 0xB8FFC0B3, 0x19004D14, 0xB8FFC0B3, 0x19004D13,
0xB8FFC0B3, 0x19004D01, 0xB8FFE0B3, 0x19004D00, 0xB8FFC040, 0x4D19004D, 0x3E3C3B3C, 0xAF3D3E14, 0x3D3D3E3B, 0x40157C03, 0x7C0F601E, 0x011E403D,
0x3F2F1F3F, 0x1B7C00EF, 0x0701073F, 0x297C351D, 0x3E043D0C, 0x3C0C3B04, 0x2B993205, 0x1D81301E, 0x601E021E, 0x9C138005, 0x050A0080, 0x120B1880,
0x0A9A003F, 0xED3FED12, 0x3910ED3F, 0x5DED3FED, 0x3F3F3F3F, 0x012FD6ED, 0x10D45DC4, 0xED10D6C4, 0x10C610C4, 0x5DD6EDED, 0x10C48710, 0x2B877DC4,
0x3130002B, 0x2B2B2B2B, 0x2B012B2B, 0x2B253636, 0x37062322, 0x35343633, 0x321E0215, 0x14062337, 0x32372626, 0x23220615, 0x14031523, 0x26263534,
0x36373736, 0x36353423, 0x22060727, 0x36363332, 0x1615140E, 0x02072501, 0x2301011C, 0x303D0E0E, 0x0C653634, 0x14281F13, 0x66676012, 0x11011A0E,
0x0E0E8BD1, 0x0101291D, 0x17100C1A, 0x0E1F0C29, 0x133A2027, 0x3D162024, 0x0E0169FE, 0xC364013D, 0x3B030911, 0x03502A34, 0x0D1B291C, 0x524D9905,
0x1F100F0B, 0x1A01253F, 0x060C0523, 0x26130F0A, 0x0E0D1610, 0x0D361617, 0x282A1B22, 0x18130AB6, 0xFD95026B, 0x00050000, 0xFFF701F4, 0x02720013,
0x001D002A, 0x002F0033, 0x00DFB900, 0x1CFFC0B3, 0x14004D26, 0xB8FFC0B3, 0x0C004D25, 0xB8FFC0B3, 0x0C004D21, 0xB8FFC0B3, 0x0C004D1D, 0xB8FFA0B3,
0x19004D15, 0xB8FFC0B3, 0x19004D14, 0xB8FFC040, 0x0E19004D, 0x06401C00, 0x4D051819, 0x004D01B8, 0xFFE0B319, 0x004D00B8, 0xFFC0404D, 0x19004D33,
0x313031AF, 0x32331432, 0x32333035, 0x167C037C, 0x10353234, 0x22201F25, 0x2F2E2A26, 0x341C7C00, 0x08343304, 0x320C310C, 0x30041F2F, 0x81222560,
0x239023B0, 0x2303239C, 0x2B811E04, 0x14800505, 0x0B008013, 0x0B19800B, 0x9A003FED, 0x3FED1239, 0x2FED3FED, 0x3F5DD532, 0xE5323F3F, 0x3F3F0110,
0xD4C4ED10, 0xD0C5D5D6, 0xC0D5C5C0, 0x10C610D0, 0xEDED10C4, 0x87102B87, 0x7DC43130, 0x002B2B2B, 0x2B2B2B2B, 0x2B2B2B01, 0x2B253636, 0x37062322,
0x26353436, 0x33321E02, 0x15140623, 0x37323726, 0x26232206, 0x15140315, 0x33152315, 0x23352335, 0x36363717, 0x06060733, 0x25012301, 0x0120313C,
0x0F0E0C35, 0x31363415, 0x271F1365, 0x675F1212, 0x02190E0E, 0x0F992424, 0x507C172D, 0x20180F19, 0x0B33015D, 0xFEC36401, 0x3D3B0309, 0x11032927,
0x2A340D1B, 0x291C524D, 0x99051F10, 0x0F0B1A01, 0xE2943F27, 0x272D2B4C, 0x2F401729, 0x148DFD95, 0x026B0004, 0x0005FFF7, 0x01F00272, 0x00120033,
0x003D0041, 0x00E1B900, 0x35FFC0B3, 0x19004D34, 0xB8FFC0B3, 0x19004D1F, 0xB8FFC0B3, 0x24004D1F, 0xB8FFC0B4, 0x2122004C, 0x1FB8FFC0, 0xB41A1E00,
0x4C14B8FF, 0xC0B31F00, 0x4D14B8FF, 0xC0B71C1D, 0x004C2014, 0x0113B8FF, 0xC0405B1A, 0x004D1403, 0x01413F3E, 0x3FAF4041, 0x14404041, 0x3E43257C,
0x16314303, 0x367CE00F, 0x010F4340, 0x42338230, 0x1E423C7C, 0x00074241, 0x04400C3F, 0x0C3E042A, 0x8113131B, 0x33813104, 0x2281301B, 0x010F1B01,
0x301B601B, 0xB01B031B, 0x9D348005, 0x050A0080, 0x120B397F, 0x0A9A003F, 0xED3FED12, 0x392FED3F, 0x5D7171ED, 0x3FED1239, 0x2FED3F3F, 0x3F3F0110,
0xD4C4ED10, 0xD6D6ED10, 0xC610D65D, 0xFDC510D4, 0xD4ED10C4, 0x87102B87, 0x7DC43130, 0x00712B71, 0x2B2B2B2B, 0x2B2B2B25, 0x36363706, 0x23223534,
0x3633321E, 0x02151406, 0x23031616, 0x15140E02, 0x23222627, 0x37161633, 0x32363534, 0x2E022323, 0x3E033733, 0x15230132, 0x37262623, 0x22061514,
0x13012301, 0x011C303D, 0x0E0E0C65, 0x36341428, 0x1F136667, 0xB33F2D13, 0x212C181C, 0x32111011, 0x2A13140F, 0x0612211A, 0x13030303, 0x0201A560,
0x01121211, 0x011A0E0E, 0x0E69FEC3, 0x64013D3B, 0x03091103, 0x502A340D, 0x1B291C52, 0x4D022906, 0x30231821, 0x150A0E0B, 0x3D0A0D0F, 0x0A060A09,
0x0517221F, 0x20153FFE, 0x5D051F10, 0x0F0B1A01, 0xDBFD9502, 0x6B000400, 0x10FFF701, 0xDE027200, 0x12002100, 0x2B002F00, 0xA3400B1E, 0x400F004D,
0x1E200C00, 0x4D23B8FF, 0xC0B31900, 0x4D22B8FF, 0xC0B31900, 0x4D01B8FF, 0xE0B31900, 0x4D00B8FF, 0xC0404419, 0x004D2F2D, 0x2C2DAF2E, 0x2F142E2E,
0x2F2C3103, 0x247C0F31, 0x2E30181C, 0x1A218F13, 0x1A302A7C, 0x0007302F, 0x042E0C2D, 0x0C2C0430, 0x21602102, 0x219C1881, 0x1B042280, 0x05050A00,
0x80120B27, 0x800A9A00, 0x3FED3FED, 0x12392FED, 0x3FED3F5D, 0x3F3F3F3F, 0x0110D4C4, 0xED10D6D4, 0xED10D5C5, 0x10C610D6, 0xFDC510C6, 0x87102B87,
0x7DC43130, 0x002B2B2B, 0x2B012B2B, 0x25363637, 0x06232235, 0x34363332, 0x1E021514, 0x0623033E, 0x03372335, 0x33150E03, 0x07173237, 0x26262322,
0x06151413, 0x01230101, 0x0A303D0E, 0x0E0C6536, 0x3414281F, 0x136667D8, 0x060C0F17, 0x1264C118, 0x1C110A06, 0xE6121202, 0x1A0E0D0F, 0x62FEC364,
0x013D3B03, 0x09110350, 0x2A340D1B, 0x291C524D, 0x01812230, 0x29261A3F, 0x321B292B, 0x3425E805, 0x1F100F0B, 0x1A01DBFD, 0x95026B00, 0x060000FF,
0xF701F402, 0x79001A00, 0x2E003900, 0x43004F00, 0x530166B9, 0x0042FFC0, 0xB314004D, 0x2FB8FFC0, 0xB318004D, 0x17B8FFC0, 0xB316004D, 0x16B8FFC0,
0xB323004D, 0x16B8FFC0, 0xB4202100, 0x4C16B8FF, 0xC0B41517, 0x004C15B8, 0xFFC0B323, 0x004D15B8, 0xFFC0B420, 0x21004C15, 0xB8FFC0B4, 0x1517004C,
0x13B8FFE0, 0x40401700, 0x4D4E401F, 0x004D4E40, 0x1C1D004C, 0x4E40191A, 0x004C2F4E, 0x014D401F, 0x004D4D40, 0x1C1D004C, 0x4D40191A, 0x004C2F4D,
0x014C401F, 0x004D4C40, 0x1C1D004C, 0x4C40191A, 0x004C2F4C, 0x013BB8FF, 0xC0402519, 0x004D003A, 0x0121401B, 0x004D5351, 0x5051AF52, 0x53145252,
0x5350551E, 0x3C7C2B55, 0x5254427C, 0x1B235415, 0xB8FFC0B3, 0x22004D15, 0xB8FFC040, 0x4618004D, 0x6F150115, 0x7CA02FB0, 0x2F022F34, 0x7C006F10,
0x01107C4A, 0x447C0600, 0x54530452, 0x0C510C50, 0x043A8020, 0x20261B80, 0x2E0C3F80, 0x269A4780, 0x32320B37, 0x80301801, 0x30186018, 0x02189D4D,
0x800B0500, 0x3FED3F5D, 0x71ED1239, 0x10ED3FED, 0x3FED1239, 0x2FED3F3F, 0x3F3F0110, 0xD0D4FDD6, 0xED7110FD, 0xD65DED71, 0x2B2B10D4, 0xC4ED10C6,
0x10D0FDC5, 0x10C48710, 0x2B877DC4, 0x3130002B, 0x712B712B, 0x2B2B712B, 0x2B2B712B, 0x2B2B012B, 0x2B2B2B2B, 0x2B2B2B2B, 0x2B113436, 0x37262635,
0x343E0233, 0x321E0215, 0x14060716, 0x17160623, 0x22260136, 0x36370623, 0x22263534, 0x3633321E, 0x02151406, 0x23033426, 0x27061514, 0x16333236,
0x13323726, 0x26232206, 0x15140114, 0x16173636, 0x35342623, 0x22062501, 0x23011215, 0x0E10131E, 0x27141427, 0x1E130E11, 0x25020136, 0x40334101,
0x20313C0F, 0x0E0C3531, 0x36341527, 0x1F136567, 0x8C231814, 0x180F0F19, 0xEB121202, 0x190E0E0F, 0xFEF11219, 0x080B130C, 0x0A15017B, 0xFEC36401,
0x3D01BB0F, 0x210C0A1C, 0x14121B12, 0x0909111A, 0x11111C0B, 0x142B1E30, 0x26FEA603, 0x09110329, 0x272A340D, 0x1B291C52, 0x4D01C80B, 0x0C070B13,
0x0B0A0AFE, 0xDC051F10, 0x0F0B1A01, 0x9F060D08, 0x060C0808, 0x080633FD, 0x95026B00, 0x02001DFF, 0xF501C502, 0xB5002000, 0x30004F40, 0x3203400D,
0x004D0240, 0x0D004D01, 0x400D004D, 0x00400D00, 0x4D2E641E, 0x64000C10, 0x0C020C32, 0x26640416, 0x311B7421, 0x21072974, 0x11070300, 0x74079F00,
0x3FFDC63F, 0xED12392F, 0xED0110D6, 0xC4ED10D6, 0x5DEDED31, 0x30002B2B, 0x2B2B1322, 0x06072736, 0x3633321E, 0x0215140E, 0x0223222E, 0x0235343E,
0x02333216, 0x17262607, 0x220E0215, 0x14163332, 0x3E023726, 0x26C0172D, 0x1F10273C, 0x1F4D6036, 0x1318375B, 0x42274533, 0x1D1E384F, 0x311C2E15,
0x044E0A1D, 0x281A0C2B, 0x23202D1D, 0x0E021436, 0x024F080B, 0x5F100A3B, 0x617D423F, 0x7F66411D, 0x364F3339, 0x5F43250D, 0x0D4857EE, 0x1A2A351C,
0x3538243E, 0x54300E0E, 0x00020009, 0x000001EB, 0x026B0007, 0x000E0040, 0xB50E2013, 0x004D09B8, 0xFFE0401A, 0x13004D01, 0x0A0F0D06, 0x1008080F,
0x04100300, 0x0F070804, 0x020C0B48, 0x0008003F, 0xFDC03F3F, 0x0110D6C5, 0x10C41239, 0x3D2F1239, 0x39123939, 0x31302B2B, 0x33361237, 0x33161217,
0x03060607, 0x33262609, 0x2C5A2A86, 0x2C5729F2, 0x1A2C17B6, 0x1728B701, 0x2D8788FE, 0xCFB201F3, 0x5AC37071, 0xC4000100, 0x28FF9F01, 0xCB026B00,
0x07002840, 0x0B006E03, 0x046EC007, 0xD0070207, 0xB8FFC040, 0x090D1048, 0x07080702, 0x0587003F, 0x3F0110D6, 0x2B5DFDD6, 0xED313001, 0x11231123,
0x11231101, 0xCB7BAD7B, 0x026BFD34, 0x0266FD9A, 0x02CC0001, 0x001FFF9F, 0x01D0026B, 0x0017002F, 0x40171207, 0x1900440C, 0x600F010F, 0x08180000,
0x06124810, 0x02064808, 0x87003FED, 0x3FED1139, 0x3D2F0118, 0x10C6D65D, 0xD5ED10C6, 0xC6313001, 0x0E030721, 0x15213536, 0x36372626, 0x27352115,
0x211E0301, 0x54142C2C, 0x2B120125, 0xFE4F2C60, 0x2E2F5C2C, 0x01AEFEE2, 0x132A2A29, 0x010E1B43, 0x47461F65, 0x47519A40, 0x428C4844, 0x661E4140,
0x3E000100, 0x09000001, 0xEB027900, 0x270077B9, 0x0021FFC0, 0xB312004D, 0x21B8FFC0, 0x40480B0C, 0x004C1140, 0x12004D11, 0x400B0C00, 0x4C104012,
0x004D1040, 0x0B0C004C, 0x290E0A46, 0x0F101F10, 0x0210AF14, 0xBF140230, 0x14011400, 0x22102202, 0x221E4600, 0x24282548, 0x23082208, 0x10080D48,
0x0F08194A, 0x0503003F, 0xED3FED3F, 0x3F3FED01, 0x10D6D6FD, 0xC45DD65D, 0x5DC45DFD, 0xD6C63130, 0x2B2B2B2B, 0x2B2B1334, 0x3E023332, 0x1E021514,
0x06073315, 0x23353636, 0x35342E02, 0x23220E02, 0x15141617, 0x15233533, 0x26260E29, 0x42552D2C, 0x55432924, 0x2A51D722, 0x350B192B, 0x20202B1B,
0x0B3126D9, 0x542A2501, 0x624B6A43, 0x1F1F436A, 0x4B427E3C, 0x66572977, 0x50274738, 0x21213847, 0x27507729, 0x57663C81, 0x00010028, 0x00D401CC,
0x01390003, 0x0015B701, 0x05030402, 0x5500A100, 0x3FED017C, 0x2F18C610, 0xCE313013, 0x21152128, 0x01A4FE5C, 0x013965FF, 0xFF001900, 0x0001DA02,
0x6B020601, 0x6E000000, 0x0100A700, 0xC5014D01, 0x6A000B00, 0x12B70071, 0x060C0375, 0x09A2003F, 0xED0110D6, 0xED313001, 0x14062322, 0x26353436,
0x33321601, 0x4D332020, 0x33332020, 0x33011827, 0x2C2C2726, 0x2C2C0001, 0x0009FFF3, 0x01EC02BB, 0x000C0046, 0x40290B40, 0x0D004D09, 0x400D004D,
0x0C201A00, 0x4D077908, 0x00066E05, 0x000D0C72, 0x00040B00, 0x0101000B, 0x04040607, 0x0D061000, 0x3F3F1217, 0x392F2F2F, 0x2F10ED01, 0x10D6D6ED,
0x10D4ED31, 0x30002B01, 0x2B2B1337, 0x16161713, 0x33032326, 0x26270709, 0xA310260E, 0x7E7EC266, 0x1436163C, 0x01403628, 0x682C0201, 0xFD384288,
0x35130003, 0x000E0078, 0x01E60195, 0x000C002C, 0x003A0037, 0x402025A4, 0x06300C01, 0x800C900C, 0x020CA43A, 0x33A4153B, 0x2AA50309, 0xA520A310,
0xA53630A5, 0x1AA3003F, 0xFDD6ED3F, 0xFDD6ED01, 0x10D6FDD6, 0xFD5D71D6, 0xED313025, 0x16163332, 0x36353426, 0x23220F02, 0x06062322, 0x2E023534,
0x3E023332, 0x16173636, 0x33321E02, 0x15140E02, 0x23222627, 0x26262322, 0x06151416, 0x33323637, 0x37012F0E, 0x180E1514, 0x13151F19, 0x052D1433,
0x24162E25, 0x1818252E, 0x1624380F, 0x14332416, 0x2D261818, 0x262D1624, 0x37450E18, 0x0D161413, 0x150F1C0D, 0x05FA1510, 0x1F13131F, 0x2A08501B,
0x24112336, 0x25253523, 0x1129161B, 0x24112335, 0x25253623, 0x11297215, 0x111F1313, 0x1F131609, 0x00010031, 0xFF5B01C4, 0x02B6001B, 0x004FB900,
0x09FFC0B3, 0x19004D08, 0xB8FFC040, 0x1919004D, 0x9008012F, 0x083F0802, 0x081D0D51, 0x9000010F, 0x001F0002, 0x0017B8FF, 0xC0400D0B, 0x0E48171C,
0x18571112, 0x0A5703A6, 0x003FED3F, 0xED0110D6, 0x2BD65D5D, 0xED10C65D, 0x5D31302B, 0x2B133436, 0x33323216, 0x16171523, 0x22061511, 0x14062322,
0x22262623, 0x35333236, 0x35BC5B65, 0x01111618, 0x0846261F, 0x5B650111, 0x16180846, 0x261F01ED, 0x61680101, 0x016B2C24, 0xFE2C6168, 0x01016D2C,
0x24FFFF00, 0x15003E01, 0xE701CF02, 0x36006100, 0x6B000600, 0x61009300, 0x00000100, 0x28FFF901, 0xCC021200, 0x13003D40, 0x25030402, 0x07010812,
0x0B110C0E, 0x0D0C1415, 0x1013140C, 0x080E0A72, 0x11091206, 0x72014F04, 0x5F040204, 0x02A7003F, 0xD55D32FD, 0x32D632ED, 0x323F0110, 0xD6C01112,
0x17393130, 0x13333717, 0x07331523, 0x07331523, 0x07273723, 0x35333723, 0x28F0404B, 0x29528831, 0xB9EF3F4B, 0x2A558B31, 0xBC019B77, 0x294E665D,
0x66792950, 0x665D0002, 0x002C0000, 0x01CF022E, 0x0006000A, 0x00474029, 0x05200A0B, 0x004C0402, 0x06083007, 0x50077007, 0x90070407, 0x0B060405,
0x03080002, 0x01030301, 0x40080108, 0x72090401, 0xA8003F3F, 0xED5D1139, 0x3D2F1239, 0x39121739, 0x011810D6, 0x5DC5D6C4, 0xC5313000, 0x2B132517,
0x05050725, 0x07211521, 0x2D018022, 0xFEE80118, 0x22FE8001, 0x01A3FE5D, 0x0195996C, 0x64646C99, 0xC1660002, 0x002C0000, 0x01CF022D, 0x0006000A,
0x0056B900, 0x05FFE040, 0x2F131400, 0x4C012009, 0x0B004C06, 0x04070002, 0x09300750, 0x07700790, 0x0704070B, 0x00020103, 0x07060405, 0x03030540,
0x07010772, 0x0A0405A8, 0x003F3FED, 0x5D11393D, 0x2F123939, 0x12173901, 0x1810D65D, 0xC5D0C510, 0xD0C53130, 0x002B012B, 0x01052725, 0x25370501,
0x21152101, 0xCFFE8023, 0x0118FEE8, 0x230180FE, 0x5D01A3FE, 0x5D012699, 0x6C64646C, 0x98FED166, 0x00020019, 0xFFF101D9, 0x027B000D, 0x0018008C,
0x400A7015, 0x01701101, 0x700E010B, 0xB8FFE0B3, 0x17004D0B, 0xB8FFE0B3, 0x0C004D0B, 0xB8FFF840, 0x3F0B004D, 0x660B0105, 0x2017004D, 0x05180C00,
0x4D05100B, 0x004D6905, 0x01101613, 0x0E200001, 0x70080100, 0x130E0808, 0x0E130004, 0x191A1016, 0x0E130800, 0x16000813, 0x0E100605, 0x0B00059E,
0x003F3F12, 0x17393D2F, 0x2F2F2F18, 0x2F2F0111, 0x1217392F, 0x2F2F2F5D, 0x71111239, 0x39313000, 0x5D2B2B2B, 0x5D2B2B2B, 0x015D5D5D, 0x133E0337,
0x16161706, 0x06072626, 0x37262706, 0x06071616, 0x17363619, 0x1F3B3736, 0x1A346D3E, 0x3E6D3435, 0x6EFC2B2E, 0x162F1616, 0x2E17192B, 0x01363156,
0x504A2449, 0x9B61629A, 0x49489B62, 0x533F1F49, 0x2A2A4623, 0x23460003, 0x00120000, 0x01E002B5, 0x0003000F, 0x002B005A, 0x40380A40, 0x0B004D0A,
0x54CF0401, 0x042D2003, 0x01035102, 0x1A1C2019, 0x30194019, 0x0319511F, 0x22212C13, 0x57280120, 0x55230A22, 0x1D021C55, 0x1A0A0758, 0x0D01020A,
0x0102003F, 0x3F3FED3F, 0xED3F2F3F, 0xEC3FED01, 0x10D6D532, 0xFD5D32D5, 0xD6FD5DC6, 0xD45DED2B, 0x31302123, 0x11333714, 0x06232226, 0x35343633,
0x32160726, 0x2223220E, 0x02151533, 0x15231123, 0x11233533, 0x35343E02, 0x33321617, 0x01CB7272, 0x152B2020, 0x2A2A2020, 0x2BC20A0F, 0x06161B0F,
0x05565673, 0x35351128, 0x4130151A, 0x1101D687, 0x25292925, 0x26292941, 0x020D1720, 0x131766FE, 0x90017066, 0x192D4A33, 0x1C0303FF, 0xFF001200,
0x0001E002, 0xB5020601, 0xAA000000, 0x020012FF, 0xF701F402, 0xB5000B00, 0x27007C40, 0x370B4009, 0x004D0040, 0x09004D00, 0x0B010B29, 0x20073007,
0x50070307, 0x5106400D, 0x004D5F06, 0x01400601, 0x060F2701, 0x271E1816, 0x20153015, 0x40150315, 0x511B1E1D, 0xB8FFC040, 0x191C2248, 0x1D280F57,
0x24011B55, 0x1D0A1902, 0x1855160A, 0x07000B57, 0x0007003F, 0xED3F3FED, 0x3F3FED3F, 0xED0110D6, 0x2BD532FD, 0x5DC53310, 0xD55DD65D, 0x5D2BED5D,
0x10C05D31, 0x302B2B05, 0x2E033511, 0x37111416, 0x17032622, 0x23220E02, 0x15153315, 0x23112311, 0x23353335, 0x343E0233, 0x32161701, 0xE130391F,
0x0A721122, 0xD60A0F06, 0x161B0F05, 0x56567335, 0x35112841, 0x30151A11, 0x09031B2A, 0x39220206, 0x15FE0023, 0x290401DD, 0x020D1720, 0x131766FE,
0x90017066, 0x192D4A33, 0x1C0303FF, 0xFF0012FF, 0xF701F402, 0xB5020601, 0xAC0000FF, 0xFF006601, 0x72018F02, 0xE4020601, 0x6F006BFF, 0xFF008101,
0x7901A602, 0xDD020600, 0x94006BFF, 0xFF007101, 0x79018202, 0xE4020600, 0x8D006BFF, 0xFF007101, 0x72018002, 0xE4020600, 0x8E006BFF, 0xFF005901,
0x78017D02, 0xDD020601, 0x70006BFF, 0xFF007101, 0x72017C02, 0xDD020601, 0x71006BFF, 0xFF006201, 0x72017302, 0xDE020601, 0x72006BFF, 0xFF006B01,
0x79017D02, 0xDD020601, 0x73006BFF, 0xFF006A01, 0x72018A02, 0xE4020601, 0x74006BFF, 0xFF008101, 0x78019202, 0xE4020601, 0x75006BFF, 0xFF0066FF,
0x90018F01, 0x02020701, 0x6F0000FE, 0x890000FF, 0xFF0081FF, 0x9701A600, 0xFB020700, 0x940000FE, 0x890000FF, 0xFF0071FF, 0x97018201, 0x02020700,
0x8D0000FE, 0x890000FF, 0xFF0071FF, 0x90018001, 0x02020700, 0x8E0000FE, 0x890000FF, 0xFF0059FF, 0x96017D00, 0xFB020701, 0x700000FE, 0x890000FF,
0xFF0071FF, 0x90017C00, 0xFB020701, 0x710000FE, 0x890000FF, 0xFF0062FF, 0x90017300, 0xFC020701, 0x720000FE, 0x890000FF, 0xFF006BFF, 0x97017D00,
0xFB020701, 0x730000FE, 0x890000FF, 0xFF006AFF, 0x90018A01, 0x02020701, 0x740000FE, 0x890000FF, 0xFF0081FF, 0x96019201, 0x02020701, 0x750000FE,
0x89000000, 0x0100C401, 0xDB013102, 0xB5000300, 0x10B50003, 0x0401039F, 0x003FC501, 0x10D6C531, 0x30010723, 0x3501311E, 0x4F02B5DA, 0xDA000100,
0xA4FF5601, 0x50FFD300, 0x0F0012B6, 0x03000A10, 0x01069200, 0x3FC50110, 0xD6DECD31, 0x30173316, 0x15140623, 0x22262735, 0x323E0235, 0xEE5F033D,
0x380E2306, 0x111B140A, 0x2D110E30, 0x2E05023B, 0x020B1512, 0x000100A1, 0x0217014D, 0x02C40008, 0x0012B605, 0x00010900, 0x048A003F, 0xC40110D6,
0xD5CE3130, 0x01232636, 0x37170606, 0x1501166D, 0x08423E2C, 0x1C1B0217, 0x4A53103D, 0x112B2800, 0x0100C402, 0x0A012F02, 0xB5000300, 0x10B50003,
0x0401039F, 0x003FC501, 0x10D6C531, 0x30010723, 0x35012F1E, 0x4D02B5AB, 0xABFFFF00, 0x5EFF8101, 0xA102F102, 0x06000B00, 0x2BFFFF00, 0x55FF8101,
0x9802F102, 0x06000C00, 0x2BFFFF00, 0x7100F801, 0x83017102, 0x06001000, 0x34FFFF00, 0x2FFF8501, 0xC502E502, 0x06001200, 0x2AFFFF00, 0x12FFB501,
0xD402B502, 0x06002300, 0x3CFFFF00, 0x71FF8501, 0x8602E502, 0x06003E00, 0x2AFFFF00, 0x31FF8501, 0xC702E502, 0x06003F00, 0x2AFFFF00, 0x6DFF8501,
0x8302E502, 0x06004000, 0x2AFFFF00, 0x3FFF8501, 0xB502E502, 0x06005E00, 0x2AFFFF00, 0x3FFF8501, 0xB502E502, 0x06006000, 0x2AFFFF00, 0x84005E01,
0x7C020B02, 0x06006C00, 0x37FFFF00, 0x7200A701, 0x8201C502, 0x06007200, 0xFCFFFF00, 0x36010701, 0xBF016302, 0x06007300, 0x2AFFFF00, 0x00010701,
0xF4016302, 0x06007400, 0x2AFFFF00, 0x9B005E01, 0x93020B02, 0x06007800, 0x37FFFF00, 0xA9FFFA01, 0x4F027002, 0x07007C00, 0x02009F00, 0x00FFFF00,
0x32006401, 0xC3020402, 0x06008600, 0x36FFFF00, 0x32006401, 0xC3020402, 0x06009600, 0x36FFFF00, 0x45FFF801, 0xB2027402, 0x07009A00, 0x0000A200,
0x00000200, 0x12FFF501, 0xD602B600, 0x0C002700, 0x69404222, 0x400C004D, 0x21400C00, 0x4D0F400C, 0x004D0E40, 0x0C004D00, 0x53182906, 0x0F0F0E27,
0x51212425, 0x20222826, 0x01250023, 0x040A571D, 0x09065510, 0x03571013, 0x30130213, 0x0B21300F, 0x010F730D, 0x04003FED, 0x5D323F5D, 0xEDD5ED3F,
0xED3F3F3F, 0x0110D6C6, 0xC4D532FD, 0xC5331133, 0x10D6ED31, 0x30002B2B, 0x2B2B2534, 0x26232206, 0x07151616, 0x33323603, 0x15231536, 0x3633321E,
0x0215140E, 0x02232226, 0x27112335, 0x33353715, 0x01592729, 0x14240D0E, 0x1C0A2D34, 0x078E1A2D, 0x172C442D, 0x171D3852, 0x342F6122, 0x37377BEE,
0x42460B08, 0xFF030241, 0x01C75349, 0x0C092341, 0x5A37385B, 0x40230E0B, 0x0206533A, 0x154F0003, 0x0000FFF8, 0x01E70272, 0x0021002E, 0x00390047,
0x4025324A, 0x172B4A1D, 0x3B392352, 0x030A0B3A, 0x04385712, 0x2322390B, 0x0A1A0A0B, 0x391A2205, 0x00120326, 0x57000900, 0x3FED3F12, 0x17393D2F,
0x182F2F2F, 0x2F3910ED, 0x320110D6, 0xC5D6ED32, 0x10D6EDD4, 0xED313005, 0x22262711, 0x23220615, 0x14170726, 0x35343E02, 0x33321E02, 0x15140607,
0x16161514, 0x0E020315, 0x16163332, 0x3E023534, 0x26232732, 0x36353426, 0x23220607, 0x15011D23, 0x3D25051D, 0x190A5A0D, 0x24415C39, 0x3C503014,
0x25263632, 0x132E4E57, 0x09190A0F, 0x1C170E28, 0x21121F20, 0x21160819, 0x08080608, 0x020A1E14, 0x1E170C28, 0x222B361F, 0x0B17293A, 0x242B4717,
0x10553720, 0x42342101, 0x17A80202, 0x0713231B, 0x2D276629, 0x242C2201, 0x01990002, 0x0036FFF8, 0x01D5026B, 0x0010001B, 0x005EB900, 0x10FFC0B3,
0x10004D0F, 0xB8FFC0B5, 0x10004D14, 0x5307B8FF, 0xC0B6090F, 0x48071D10, 0x0EB8FFC0, 0x400A0A0F, 0x480E1C19, 0x5101510D, 0xB8FFC040, 0x110A0F48,
0x0D175702, 0x020A1055, 0x0F021157, 0x0A07003F, 0xED3FED12, 0x392FED01, 0x2F2BEDED, 0x10D62BC5, 0x10D62BED, 0x31302B2B, 0x13153332, 0x1E021514,
0x06232226, 0x27112115, 0x03323635, 0x34262323, 0x151616B1, 0x2E385B40, 0x237D7623, 0x5C2D015F, 0xAC363D40, 0x412A0822, 0x02057615, 0x304D3867,
0x66080A02, 0x6166FE5E, 0x2E33362A, 0xBD010300, 0x02003FFF, 0xF501D702, 0xAF001400, 0x21005DB9, 0x0013FFC0, 0xB318004D, 0x12B8FFC0, 0x400B1800,
0x4D004018, 0x004D1553, 0x08B8FFC0, 0x400A0910, 0x4808231B, 0x00511311, 0xB8FFC040, 0x13091048, 0x11221857, 0x0003030D, 0x1355129F, 0x1F570D07,
0x003FED3F, 0xED12392F, 0xC5ED0110, 0xD62BC5FD, 0xC010D62B, 0xED313000, 0x2B012B2B, 0x13363633, 0x321E0215, 0x140E0223, 0x22262711, 0x21152313,
0x34262322, 0x06071516, 0x16333236, 0xBA1A3018, 0x2E462F18, 0x1E3A5436, 0x30642201, 0x64E9A02B, 0x2C14270E, 0x0E1F0B30, 0x3801CB0C, 0x0923415A,
0x37385B40, 0x230E0B02, 0xA166FEA5, 0x42460B08, 0xFF030241, 0x0002FFF2, 0xFFF501D6, 0x02B5000C, 0x00220041, 0x40271120, 0x18004D0E, 0x40090C00,
0x4C005319, 0x40090E48, 0x19241011, 0x06510D21, 0x230A571E, 0x07110357, 0x140B0D10, 0x9F003FC5, 0x3FEDC53F, 0xED0110D6, 0xCEFDD0C0, 0x10DE2BED,
0x3130002B, 0x2B253426, 0x23220607, 0x15161633, 0x32360136, 0x36371536, 0x3633321E, 0x0215140E, 0x02232226, 0x27110159, 0x2B2C1427, 0x0E0E1F0B,
0x3038FE99, 0x2D5F3B1A, 0x30182E46, 0x2F181E3A, 0x54363064, 0x22EE4246, 0x0B08FF03, 0x024101C2, 0x192A10EA, 0x0C092341, 0x5A37385B, 0x40230E0B,
0x02040002, 0xFFFCFFFA, 0x01D40274, 0x0011001C, 0x00434028, 0x01400B00, 0x4D01200A, 0x004D0130, 0x09004D15, 0x53600A01, 0x0A1E0419, 0x5100101D,
0x05571818, 0x0312570D, 0x0700038B, 0x003FC53F, 0xED12392F, 0xED0110D6, 0xCEFDC010, 0xD65DED31, 0x30002B2B, 0x2B033636, 0x37153332, 0x1E021514,
0x06232226, 0x27111332, 0x36353426, 0x23231516, 0x16042D5F, 0x3B223759, 0x3E217E76, 0x224B2CB2, 0x263A3A34, 0x28072202, 0x21192A10, 0xEE132C4B,
0x37676406, 0x0B01C6FE, 0x922E3333, 0x26B60103, 0x0001001B, 0xFFF301D5, 0x0279001F, 0x0030B50A, 0x46601D01, 0x1DB8FFC0, 0x4012090D, 0x481D2113,
0x0320120F, 0x4A180304, 0x074A0009, 0x003FFDC6, 0x3FFDC601, 0x10D6C610, 0xD62B5DED, 0x31301722, 0x26273716, 0x16333236, 0x35342E02, 0x23220607,
0x273E0333, 0x321E0215, 0x1406C73A, 0x581A1F12, 0x4030524A, 0x1B2C381C, 0x29411720, 0x071E2B38, 0x20406546, 0x268B0D1B, 0x10610B16, 0x716A3D52,
0x3115150F, 0x6204100E, 0x0B285179, 0x519BA800, 0x01001BFF, 0xF3021002, 0xBE002A00, 0x4DB9000E, 0xFFC0B414, 0x17480E23, 0xB8FFC0B7, 0x13174823,
0x2C054616, 0xB8FFC040, 0x19131748, 0x162B2427, 0x4A0F2001, 0x20AB0002, 0x4A1B030D, 0x4A0E0A4A, 0x1109003F, 0xEDD5ED3F, 0xFDC63F5D, 0xFDC60110,
0xD62BED10, 0xD62BC62B, 0x31300126, 0x23220615, 0x141E0233, 0x32363717, 0x06062322, 0x2E023534, 0x3E023332, 0x17363633, 0x32161707, 0x26262322,
0x06070187, 0x382F3F49, 0x13243220, 0x23321C1F, 0x2A492C39, 0x5B402328, 0x455C3321, 0x24113C26, 0x0F21111B, 0x080A0E10, 0x200B01F1, 0x1D6C693E,
0x54331612, 0x0F611615, 0x2A53784E, 0x527A5027, 0x0B2C2405, 0x055E0203, 0x10200001, 0x0028FFF3, 0x0209022B, 0x002C0029, 0x4015250E, 0x2E1E5300,
0x2D252157, 0x28071257, 0x0BAC1619, 0x57050B00, 0x3FFDC63F, 0xED3FEDC5, 0x0110D6ED, 0x10D6C631, 0x3037343E, 0x02333216, 0x17363633, 0x32161707,
0x26262322, 0x06070726, 0x2623220E, 0x02151416, 0x33323637, 0x17060623, 0x222E0228, 0x213E5A39, 0x0D1E0D0E, 0x31291929, 0x0D1C0A12, 0x0D141908,
0x0D132E1C, 0x1E2F2212, 0x42441839, 0x17121845, 0x2A415C3C, 0x1CEB335A, 0x43270202, 0x2D200A07, 0x5A050417, 0x1B310809, 0x1625331E, 0x404B090A,
0x670B0E26, 0x435BFFFF, 0x0012FFF8, 0x01D90272, 0x020600AB, 0x00000002, 0x0000FFF9, 0x01E20272, 0x0019002A, 0x0052B900, 0x12FFC0B3, 0x10004D12,
0xB8FF80B3, 0x0F004D10, 0xB8FFC040, 0x220F004D, 0x12401000, 0x4D224603, 0x2C201A30, 0x1A021A44, 0x0B108415, 0x2B1D4808, 0x090C2748, 0x13000200,
0x3FC4ED32, 0x3FED0110, 0xD0EDD4ED, 0x5D10D6ED, 0x3130002B, 0x012B2B2B, 0x13321615, 0x140E0223, 0x22262711, 0x23220615, 0x14170726, 0x35343E02,
0x13163233, 0x323E0235, 0x342E0223, 0x220607FA, 0x7672223D, 0x54331733, 0x1A051D19, 0x0A5A0D27, 0x435B3C05, 0x0C062026, 0x13060412, 0x24200512,
0x05027295, 0xA758794B, 0x21060802, 0x091E141E, 0x170C2822, 0x2B361F0B, 0xFDF20121, 0x3A4F2D25, 0x4C3E2701, 0x01000200, 0x1FFFFA01, 0xBE026B00,
0x10001D00, 0x40402801, 0x40090A00, 0x4C004009, 0x0A004C16, 0x510F5103, 0x1F001F01, 0x1B530009, 0x1E115706, 0x0918574F, 0x0E010E00, 0x48010200,
0x3FFDD65D, 0xED3FED01, 0x10D6C4ED, 0x5D10D6ED, 0xED31302B, 0x2B133521, 0x11060623, 0x22263534, 0x3E023333, 0x3503323E, 0x02333523, 0x22061514,
0x1650016E, 0x2D50237C, 0x8323415C, 0x3A293D07, 0x12120E04, 0x2F384140, 0x020566FD, 0xA00B0664, 0x67374B2C, 0x137FFE5E, 0x010102B6, 0x2732322F,
0x0002001C, 0xFFF501AE, 0x02AF000C, 0x001D0036, 0x40200E40, 0x0A004D0D, 0x400A004D, 0x1C075110, 0x1F0D0053, 0x161E0A57, 0x190B0357, 0x13091D48,
0x0F00003F, 0xED3FED3F, 0xED0110D6, 0xEDC410D6, 0xFDC03130, 0x2B2B3714, 0x16333236, 0x37112626, 0x23220603, 0x35211106, 0x06232226, 0x35343633,
0x32161735, 0x992F340F, 0x1A0E0E24, 0x142C284E, 0x01632262, 0x2F6E715F, 0x5D193012, 0xEE3F5002, 0x02010008, 0x0B460119, 0x66FD5F0B, 0x0E827173,
0x850B0A7E, 0x0002001F, 0xFF5801D7, 0x01E2002A, 0x003A005B, 0x403C0540, 0x1819004C, 0x04401800, 0x4D042014, 0x004D0320, 0x1213004C, 0x19530835,
0x53000020, 0x00400060, 0x0004003C, 0x2B531021, 0x3B30051E, 0x1E053003, 0x0D385726, 0x07111457, 0x0D0F003F, 0xFDC63FED, 0x1217392F, 0x2F2F0110,
0xD6C4ED10, 0xD65DEDD4, 0xED31302B, 0x2B2B2B01, 0x140E0207, 0x16161514, 0x0E022322, 0x26273716, 0x1633323E, 0x0235342E, 0x02272626, 0x35343E02,
0x33321E02, 0x05141E02, 0x173E0335, 0x34262322, 0x0601D70A, 0x1D32271C, 0x25172D43, 0x2B294C22, 0x191A3A20, 0x0917130E, 0x0F1F2F20, 0x3D441F39,
0x50323152, 0x3A21FEC6, 0x111D2615, 0x19211207, 0x352A2A33, 0x011C1537, 0x38371515, 0x31231D33, 0x25160A0F, 0x610B0D02, 0x070F0D0C, 0x12131A14,
0x25694830, 0x4C361C1B, 0x3349391A, 0x2A231D0D, 0x0D242728, 0x11343332, 0x0001003F, 0x000001CC, 0x026B000B, 0x0052400E, 0x05400900, 0x4D044009,
0x004D0603, 0x440BB8FF, 0xC0B7090C, 0x480B0D08, 0x0501B8FF, 0xC0401709, 0x0C48010C, 0x40060106, 0x4803030A, 0x02480B08, 0x07480A02, 0x0008003F,
0x3FED3FED, 0x12392FED, 0x5D0110D6, 0x2BC6C610, 0xD62BED32, 0x31302B2B, 0x33352135, 0x23353335, 0x23352111, 0x3F0112DC, 0xDCFC0177, 0x66AE668B,
0x66FD9500, 0x020019FF, 0xF301D502, 0x79001E00, 0x270054B5, 0x27400D00, 0x4D24B8FF, 0xC0B30D00, 0x4D21B8FF, 0xC040250D, 0x004D1F40, 0x0D004D27,
0x00534013, 0x60130213, 0x291F5309, 0x1B282748, 0x00000E22, 0x57160908, 0x05570E03, 0x003FFDC6, 0x3FED1239, 0x2FED0110, 0xD6C4ED10, 0xD65DED32,
0x3130002B, 0x2B2B2B01, 0x342E0223, 0x22060727, 0x3E033332, 0x1E021514, 0x0623222E, 0x02353436, 0x37171416, 0x33323E02, 0x3701631C, 0x2E3D211F,
0x3C171E12, 0x292A270F, 0x45664321, 0x7A6A3A52, 0x34180202, 0x6D3B2D1B, 0x291C0E01, 0x01593245, 0x2B130C0B, 0x60090C09, 0x04315675, 0x449EA831,
0x51683611, 0x23126151, 0x521A2D3B, 0x21000100, 0x1FFFF301, 0xE7027900, 0x30007FB6, 0x26400E0F, 0x004C03B8, 0xFFC0B30D, 0x004D01B8, 0xFFC0B30D,
0x004D00B8, 0xFFC0B70D, 0x004D2540, 0x0F010FB8, 0xFFC0402F, 0x0F12480F, 0x32304009, 0x004D301A, 0x2C631D06, 0x63701780, 0x17901703, 0x17312629,
0x67224030, 0x01306500, 0x1A1A0012, 0x22050E0B, 0x67120D00, 0x3FFDC63F, 0x1239393D, 0x2F182FED, 0x5D10FDC6, 0x0110D65D, 0xEDD4EDD5, 0xC52B10D6,
0x2B5DC631, 0x30002B2B, 0x2B2B0123, 0x220E0215, 0x141E0233, 0x32363717, 0x06062322, 0x2E023534, 0x36372626, 0x35343E02, 0x33321617, 0x07262623,
0x22061514, 0x16333301, 0x7E531F34, 0x26151321, 0x2C192C5C, 0x21282A74, 0x3C2E5642, 0x283C2926, 0x24233A4B, 0x29366729, 0x2A1A5327, 0x26373437,
0x5D011009, 0x15221A17, 0x20150918, 0x1366171C, 0x142D4835, 0x3A4A1518, 0x4B222E41, 0x28131C17, 0x5F0E161F, 0x27232800, 0x01FFCCFF, 0x5901BA02,
0x6B001700, 0x2E401814, 0x11191613, 0x44100F01, 0x0F081815, 0x48141148, 0x0F020C4A, 0x08050F00, 0x3FC5ED3F, 0xFDD6ED01, 0x10C4D65D, 0xFDC010D6,
0xC6313037, 0x140E0223, 0x22262737, 0x16163332, 0x35112115, 0x21153315, 0x2315BA10, 0x253E2D0D, 0x2B16120E, 0x10113201, 0x7BFF00E0, 0xE0122E45,
0x2F170408, 0x6305023F, 0x026B6696, 0x66C70001, 0x001BFFF3, 0x021002BE, 0x002C0040, 0x40251E44, 0x1FB00801, 0x029008A0, 0x0802082E, 0x1746B028,
0x01282D1F, 0x1F051A4A, 0x23090C84, 0x05AB1012, 0x4A000300, 0x3FFDC63F, 0xED3FED12, 0x392F0110, 0xD65DED10, 0xD65D5F5D, 0xD6ED3130, 0x01321736,
0x36333216, 0x17072626, 0x23220607, 0x07262322, 0x0E021514, 0x16333236, 0x37353311, 0x06062322, 0x2E023534, 0x3E020117, 0x2124113C, 0x260F2111,
0x1B080A0E, 0x10210A13, 0x382F2734, 0x200D4644, 0x0B1A0B7B, 0x165D423A, 0x5D422426, 0x445C0279, 0x0B2C2405, 0x055E0203, 0x10203A1D, 0x253C4E29,
0x6F690202, 0xE2FECB08, 0x14295179, 0x504F7952, 0x29000200, 0x09FF5B01, 0xEB026B00, 0x15002500, 0x75B90023, 0xFFC0400F, 0x0C004D20, 0x23011940,
0x0C004D2F, 0x190111B8, 0xFFC04032, 0x0D0E004C, 0x01400D0E, 0x004C1101, 0x14011411, 0x03262719, 0x64041551, 0x00272364, 0x0E135112, 0x26151411,
0x011E1E01, 0x11140409, 0x130216A5, 0x090E003F, 0xED3F1217, 0x392F2F2F, 0x2F2F0110, 0xD6EDD6ED, 0x10D6EDD6, 0xED111217, 0x393D2F18, 0x2F2F3130,
0x2B2B5D2B, 0x5D2B0103, 0x16161514, 0x0E022322, 0x2E023534, 0x36370333, 0x13130332, 0x3635342E, 0x02270E03, 0x15141601, 0xEBB02A31, 0x11263A2A,
0x2A3A2611, 0x312AB27C, 0x7676761A, 0x14090D11, 0x0706110E, 0x0A15026B, 0xFE63466D, 0x361E3225, 0x15152532, 0x1D366E46, 0x019DFEB7, 0x0149FD52,
0x1C140F24, 0x221D0A08, 0x1C222610, 0x141C0001, 0x001BFFF3, 0x01E202B6, 0x00290064, 0x40411D20, 0x0C004D40, 0x16501602, 0x16522920, 0x1F301F02,
0x1F521C29, 0x1C291C2A, 0x2B802B90, 0x2BA02B03, 0x0D200930, 0x09020952, 0xC00AD00A, 0x020A2A19, 0x5224071E, 0x0A055210, 0x0B0C010B, 0x00090600,
0x3F3F3F3F, 0xED3F3FED, 0x0110D65D, 0xED5D325D, 0x11123939, 0x2F2F10ED, 0x5D10ED5D, 0x3130002B, 0x13342E02, 0x23220607, 0x11231137, 0x15363633,
0x321E0215, 0x15141633, 0x32363511, 0x3311140E, 0x0223222E, 0x0235CC04, 0x09100C0D, 0x14076060, 0x0C1D0C29, 0x311A0810, 0x1C1B0F60, 0x0A1E362C,
0x2C371E0B, 0x01202128, 0x17070803, 0xFE8402A1, 0x15E40509, 0x1B33482D, 0x5E3E3434, 0x3E0117FE, 0xEB314D34, 0x1C1C344D, 0x31000100, 0x20FFF301,
0xCE026B00, 0x15003CB9, 0x0008FFC0, 0x40200900, 0x4D100820, 0x08020817, 0x0F151F15, 0x02150044, 0x11101316, 0x11004814, 0x0207044A, 0x0B09003F,
0xFDC63FED, 0x320110D6, 0xC4D5FDC5, 0x5D10C65D, 0x31302B01, 0x11141633, 0x32363717, 0x06062322, 0x2E023511, 0x23352115, 0x010F242D, 0x15301118,
0x143A3437, 0x472A1074, 0x01770205, 0xFEB43128, 0x0C076509, 0x12203748, 0x29014A66, 0x66000100, 0x36000001, 0xBF026B00, 0x130070B9, 0x0005FFC0,
0x40400B00, 0x4D0E0E0B, 0x0C0D0D0C, 0x51070606, 0x07051008, 0x30084008, 0x50080408, 0x14121151, 0x02100030, 0x00400050, 0x00040014, 0x13080A02,
0x0C074809, 0x1003480D, 0x06060009, 0x02110248, 0x0008003F, 0xED323F12, 0x392F33ED, 0x3210ED32, 0x3F3F0110, 0xD65DD5FD, 0xC510D65D, 0xC6C5322F,
0x10ED322F, 0x10C5322F, 0x31302B33, 0x35333523, 0x35333523, 0x35211523, 0x15331523, 0x15331536, 0x875A5A87, 0x0189865A, 0x5A8666A9, 0x63936666,
0x9363A966, 0x0001002D, 0x0000020A, 0x0278001F, 0x0052B200, 0x441FB8FF, 0xC0400C0B, 0x0E481F15, 0x211C1C0A, 0x054407B8, 0xFFC04018, 0x0B0E4807,
0x201618AD, 0x1003050A, 0x1C0A1C05, 0x03060802, 0x06080008, 0x003F3F3F, 0x1217393D, 0x2F182F2F, 0x3FFDC601, 0x10D62BFD, 0xC0323D2F, 0x1810D6D6,
0x2BED3130, 0x212E0327, 0x11231133, 0x11373E03, 0x33321E02, 0x17072623, 0x22060707, 0x16161701, 0x5D0B2430, 0x381E7B7B, 0x6A101F21, 0x24140B18,
0x1B1F1336, 0x15151117, 0x0E5F476D, 0x201E4E4E, 0x4819FEE5, 0x026BFEFF, 0x9A172A20, 0x13020B15, 0x12561114, 0x138A42B1, 0x5B000100, 0x3F000001,
0xE702B500, 0x25005E40, 0x211F0006, 0x01061110, 0x10201030, 0x10501060, 0x10701006, 0x10270B00, 0x16445018, 0x60187018, 0x0318B8FF, 0xC0401709,
0x0C481826, 0x23571CA6, 0x17060016, 0x0B160B00, 0x03051106, 0x050A003F, 0x3F121739, 0x3D2F182F, 0x2F3F3FED, 0x0110D62B, 0x5DFDC0C5, 0x10D65DC5,
0xD65DC631, 0x30133E03, 0x37330E03, 0x071E0317, 0x232E0327, 0x15231134, 0x36333216, 0x17072626, 0x232215BB, 0x12252320, 0x0C94122E, 0x31311419,
0x3A382F0E, 0x8D0C272C, 0x2D137C4C, 0x5B0C1F14, 0x110A130B, 0x31011C15, 0x2F322F15, 0x17363834, 0x16184348, 0x481C193F, 0x3D3712DE, 0x02105550,
0x03085F02, 0x043E0001, 0x003BFFF5, 0x01EA02B5, 0x001B0048, 0x40140000, 0x10002000, 0x40000400, 0x1D141211, 0x510D090C, 0x0E0BB8FF, 0xC0401309,
0x0E480B1C, 0x0914730C, 0x110D4810, 0x9F1B1857, 0x0507003F, 0xFDC63FFD, 0xD532ED32, 0x0110D62B, 0xC6D53232, 0xFDC53310, 0xC65D3130, 0x250E0323,
0x22263535, 0x23353335, 0x23353311, 0x33152315, 0x14163332, 0x363701EA, 0x03152231, 0x1F554E81, 0x8182FE84, 0x84261D24, 0x32081402, 0x0A0B0865,
0x618055BF, 0x66FEDB55, 0x89302214, 0x03000100, 0x12000001, 0xDD02B500, 0x2A004B40, 0x2916191C, 0x1A1B0511, 0x2A290028, 0x04050B0B, 0x11066F05,
0x2C212210, 0x6F112B28, 0x1C19001A, 0x731B1F57, 0x25A61006, 0x0606003F, 0x3F3FFDD6, 0xED323232, 0x320110D6, 0xEDD6C510, 0xD6ED1239, 0x3D2F1217,
0x39121739, 0x3130011E, 0x0317232E, 0x03270E03, 0x07233E03, 0x37262627, 0x07273726, 0x26232207, 0x27363633, 0x32161737, 0x1701301C, 0x362D230B,
0x8E081415, 0x160A0E1D, 0x1B160788, 0x112D3033, 0x17040604, 0x6B1C620C, 0x1E161E13, 0x15113020, 0x314B1E6D, 0x1B021442, 0x9490812D, 0x2451524E,
0x21245252, 0x4F1F407D, 0x74682C0B, 0x1308264A, 0x230E0C08, 0x62050A28, 0x31274A00, 0x010014FF, 0xF401E402, 0x6B002600, 0xA3B90016, 0xFFC0B30C,
0x004D15B8, 0xFFC0B30E, 0x004D15B8, 0xFFC0B30C, 0x004D14B8, 0xFFC0B30E, 0x004D14B8, 0xFFC0400A, 0x0C004D1C, 0x400B0C00, 0x4C15B8FF, 0x8040410E,
0x004D2407, 0x34070207, 0x52062414, 0x44140214, 0x5213201D, 0x301D0202, 0x1D521C90, 0x13018113, 0x01801C90, 0x1C020613, 0x1C1C1306, 0x03272813,
0x1413141C, 0x184A2107, 0x1C060706, 0x0D4A0007, 0x003FED3F, 0x3F3FED12, 0x39392F2F, 0x01111217, 0x392F2F2F, 0x5D5D5D10, 0xED5F5D10, 0xED5D10ED,
0x5D313000, 0x2B2B012B, 0x2B2B2B2B, 0x17222E02, 0x35113311, 0x141E0233, 0x32363726, 0x35353315, 0x14163332, 0x36371133, 0x11060623, 0x22262706,
0x069A2934, 0x1E0B6408, 0x0D12090B, 0x15080664, 0x151A0712, 0x0A642D49, 0x1E1D2B11, 0x11320C1B, 0x32482D01, 0xB5FE461C, 0x22130607, 0x042534C2,
0xCF302703, 0x04020AFD, 0xA10B0D0D, 0x0F0A1200, 0x01FFBCFF, 0x5901C602, 0x6B001C00, 0x5640362F, 0x193F1902, 0x1952CF1B, 0xDF1B021B, 0x400B1048,
0x1B1E0352, 0x0F131F13, 0x02131D0C, 0x0F121F12, 0x02121D0F, 0x1D011903, 0x1903001A, 0x0213020D, 0x10099200, 0x08003F3F, 0xD5C63F3F, 0x1239392F,
0x2F015D10, 0xD65DCC10, 0xD65DED10, 0xD62B5DED, 0x5D313021, 0x26262711, 0x140E0223, 0x22262737, 0x16163332, 0x3511331E, 0x03171133, 0x1101632A,
0x63390C20, 0x3A2D0D2B, 0x16120E10, 0x1131631C, 0x38352D10, 0x6F67CD67, 0xFE772943, 0x321B0408, 0x6305023F, 0x026B2C67, 0x66602401, 0x7DFD9500,
0x01003FFF, 0x5B01B901, 0xE0001300, 0x2CB60B51, 0x08151151, 0x00B8FFC0, 0x400F090C, 0x48001412, 0x060A1009, 0x100E5703, 0x07003FED, 0x3F3F3F01,
0x10D62BED, 0x10D6ED31, 0x30133636, 0x33321E02, 0x15112311, 0x34262322, 0x06071123, 0x3F216139, 0x384A2B12, 0x7B1E2E0E, 0x1B0F7B01, 0xC709101F,
0x394F30FE, 0x52019E42, 0x3A0202FE, 0x8F000300, 0x1BFFF301, 0xD9027900, 0x0B001600, 0x21007440, 0x1F8F009F, 0x0002001C, 0x101C0200, 0x12101202,
0x601D701D, 0x02601170, 0x11020006, 0x10060206, 0xB8FFC040, 0x2F0F1248, 0x001C121D, 0x11060611, 0x1D121C00, 0x0622232F, 0x0C3F0C02, 0x0C4A099E,
0x11487F1C, 0x011C400A, 0x0D481C20, 0x17301702, 0x174A0303, 0x003FFD5D, 0xD62B5DED, 0x3FED5D01, 0x11121739, 0x2F2F2F2F, 0x2F2F2B5D, 0x5D5D5D5D,
0x5D313013, 0x34363332, 0x16151406, 0x23222617, 0x323E0237, 0x231E0313, 0x220E0207, 0x332E031B, 0x76696D72, 0x746A6D73, 0xDF1B2416, 0x0A02C201,
0x0A16251B, 0x1B23170B, 0x01C2020A, 0x16240136, 0xA0A3A3A0, 0xA0A3A338, 0x1A2D3E24, 0x253E2D19, 0x01B0192C, 0x3D23233D, 0x2C190002, 0x001BFFF3,
0x01F102CB, 0x0019002D, 0x00284015, 0x24531408, 0x640E2F1A, 0x53002E1F, 0x4A17090B, 0x8A294A03, 0x03003FED, 0x3F3FED01, 0x10D6ED10, 0xD6EDD4ED,
0x31301334, 0x36333217, 0x36363534, 0x26353316, 0x15140607, 0x23161514, 0x06232226, 0x37141E02, 0x33323E02, 0x35342E02, 0x23220E02, 0x1B76694D,
0x32070501, 0x69041C22, 0x0127746A, 0x6D737D07, 0x1526201F, 0x27150707, 0x15262020, 0x26150701, 0x36A0A328, 0x1228150B, 0x150B1719, 0x2A4A2050,
0x81A0A3A3, 0xA02D4F3A, 0x22223B4E, 0x2D2D4F3A, 0x22223B4E, 0x0002001D, 0xFFF301EC, 0x02340020, 0x002C0032, 0x401E2753, 0x00145200, 0x1B201B40,
0x1B601B04, 0x1B2E2153, 0x0A2D18AE, 0x2A570F07, 0x2457050B, 0x003FED3F, 0xED3F0110, 0xD6ED10D6, 0x5DEDD4ED, 0x31302514, 0x0E022322, 0x2E023534,
0x3E023332, 0x17363635, 0x34342733, 0x16161514, 0x06071616, 0x05141633, 0x32363534, 0x26232206, 0x01D8203A, 0x51323251, 0x3B20213B, 0x52304632,
0x070A0266, 0x03011F1A, 0x1114FEC2, 0x2D323031, 0x2D323031, 0xEC385B42, 0x2424425B, 0x38375B41, 0x23220C1F, 0x180B170F, 0x0E1A0D2A, 0x3C1D1D49,
0x2B3F4E4E, 0x3F3F4D4D, 0x0002001E, 0xFFF301DC, 0x02790025, 0x00390043, 0xB90011FF, 0xC0402715, 0x18481152, 0x121C7926, 0x30790000, 0x10000280,
0x009000A0, 0x0003003A, 0x354A2109, 0x1208184A, 0x0B032B4A, 0x0503003F, 0xED3FED3F, 0x3FED0110, 0xD65D71FD, 0xD6FDD6ED, 0x2B313013, 0x343E0233,
0x32161736, 0x36333216, 0x16061511, 0x2311342E, 0x02232207, 0x1615140E, 0x0223222E, 0x0237342E, 0x0223220E, 0x0215141E, 0x0233323E, 0x021E1022,
0x37261B2C, 0x11152C1B, 0x34341301, 0x60050B10, 0x0C130F0F, 0x11243624, 0x25362311, 0xBC020912, 0x10101208, 0x02020911, 0x10101209, 0x02013760,
0x7D481D0F, 0x13130F34, 0x546B37FE, 0xB1019528, 0x301A0913, 0x477F607E, 0x491D1D49, 0x7E603E54, 0x32151533, 0x533E3F53, 0x33151533, 0x54000200,
0x17FF5B01, 0xE201E200, 0x23003700, 0x5F400DC0, 0x1A011A52, 0x101B011B, 0xD0000100, 0xB8FFC040, 0x1E0B0E48, 0x00525033, 0x60337033, 0xE033F033,
0x05332029, 0x30290229, 0x52A00AB0, 0x0A020AB8, 0xFFC04010, 0x161C480A, 0x381B9214, 0x07100F01, 0x0F07050B, 0x003F3F71, 0x3F3F0110, 0xD62B71FD,
0x5DD65DFD, 0x2B5DD671, 0xED5D3130, 0x25140E02, 0x23222E02, 0x35343E02, 0x33321736, 0x3633321E, 0x02151123, 0x11342623, 0x22220716, 0x27220E02,
0x15141E02, 0x33323E02, 0x35342E02, 0x01481025, 0x3B2A2A39, 0x24101025, 0x3B2A3220, 0x132A161B, 0x32271860, 0x1423050B, 0x0613990B, 0x130F0909,
0x0F140B0B, 0x130F0909, 0x0F14EC3A, 0x5B402222, 0x3F5C3A37, 0x5B40241A, 0x0B0D1029, 0x4737FE32, 0x01B03D34, 0x013A3B0B, 0x20382D2E, 0x391F0B0B,
0x20392D2D, 0x391F0B00, 0x02000000, 0x0001D802, 0x72001900, 0x24004DB9, 0x0012FFC0, 0x40120F10, 0x004C2F22, 0x3F220222, 0x6405261E, 0x09520B10,
0xB8FFC040, 0x150B0E48, 0x10641525, 0x1E480909, 0x000A0813, 0x0C0C1D48, 0x0003003F, 0xED3210C4, 0x3F12392F, 0xED0110D0, 0xFD2BDCFD, 0xC010D6ED,
0x5D31302B, 0x13321E02, 0x15140623, 0x23152311, 0x23220615, 0x14170726, 0x35343E02, 0x17222207, 0x15333236, 0x353426FA, 0x3B543619, 0x5F601869,
0x051D190A, 0x5A0D2743, 0x5B610517, 0x091E222B, 0x26027216, 0x314F396F, 0x63D10210, 0x1E141E17, 0x0C28222B, 0x361F0B62, 0x02D22C3C, 0x36360002,
0x003FFF5B, 0x01D502B5, 0x001E002B, 0x0031401A, 0x1F461200, 0x2D192607, 0x51092C22, 0x571C0B13, 0x15570FA6, 0x08922957, 0x0509003F, 0xED3F3FFD,
0xC63FED01, 0x10D6FDD0, 0xC010D6C4, 0xED313025, 0x140E0223, 0x22271523, 0x11343E02, 0x33321617, 0x07262322, 0x06151536, 0x32333216, 0x07342623,
0x22060711, 0x16163332, 0x3601D518, 0x2E462E2F, 0x327B172A, 0x39221221, 0x1611140E, 0x181F0E1E, 0x0E6D747D, 0x32330E20, 0x0B0C2814, 0x2C2AEB36,
0x5B412417, 0xB102B230, 0x41271004, 0x05600518, 0x27340284, 0x753F5103, 0x01FEFE08, 0x0A470002, 0x0036FFA0, 0x020902B5, 0x001B0026, 0x00494012,
0x130E4408, 0x0D281C46, 0x00050105, 0x28192214, 0x4416B8FF, 0xC040140B, 0x0E481627, 0x17A62348, 0x14140015, 0x080E871F, 0x4A000300, 0x3FED3F3F,
0x12392FED, 0x3F0110D6, 0x2BFDD0C0, 0x10D65DED, 0x10D6C5FD, 0xC6313013, 0x321E0215, 0x1406071E, 0x0317232E, 0x03272315, 0x23113315, 0x36321734,
0x26232206, 0x07153332, 0x36D63556, 0x3E212F37, 0x1C342D25, 0x0D820B21, 0x2A301937, 0x7B7B0A13, 0x753C3107, 0x140A1B3F, 0x38027218, 0x324D3439,
0x59162A5F, 0x5E56221E, 0x50595825, 0xE402B544, 0x01CA312E, 0x0102BA31, 0x00010028, 0xFFF301CC, 0x02790030, 0x0049B900, 0x03FFC040, 0x270D004D,
0x16462220, 0x04300402, 0x04322C46, 0x1C400C50, 0x0C020C31, 0x1B184A1F, 0x274A1111, 0x091F0303, 0x004A0909, 0x003FFDC6, 0x3F123910, 0xED10FDC6,
0x0110D65D, 0xC4ED10D6, 0x5DD6ED31, 0x30002B25, 0x32363717, 0x0E032322, 0x2635343E, 0x02373E03, 0x35342322, 0x06072736, 0x36333216, 0x15140E02,
0x070E0315, 0x141E0201, 0x0C364B1B, 0x240B222F, 0x3D277371, 0x2234401D, 0x13271F14, 0x62283C1A, 0x241D5539, 0x63712032, 0x3B1C152A, 0x22160918,
0x295A1C10, 0x6407110E, 0x095F5733, 0x432D1B0B, 0x0710151B, 0x1247140E, 0x5F101A62, 0x572C3B28, 0x1A0A0813, 0x171E130F, 0x1D170D00, 0x010036FF,
0xF501BA01, 0xE2003300, 0x6F400B1C, 0x2814004D, 0x1C201300, 0x4D10B8FF, 0xC0B30900, 0x4D0EB8FF, 0xC0B30900, 0x4D03B8FF, 0xC0402C0D, 0x10004C16,
0x53270435, 0x31531F10, 0x0C010C34, 0x50116011, 0x0211572C, 0x2C22071E, 0x4F190119, 0x57220B03, 0x40000100, 0x57070700, 0x3FFD5DC6, 0x3FFD5DC6,
0x1112392F, 0xED5D0110, 0xD65DC4ED, 0x10D6D6ED, 0x3130002B, 0x2B2B2B2B, 0x25323637, 0x17060623, 0x222E0235, 0x343E0237, 0x3E033534, 0x2623220E,
0x02072736, 0x3633321E, 0x0215140E, 0x02070E03, 0x15141601, 0x0C285022, 0x141A563D, 0x3C523316, 0x1E2F391B, 0x13211A0F, 0x212F162A, 0x231B0814,
0x1D502E35, 0x4C31171E, 0x2E381B14, 0x221B0F2F, 0x5D180E67, 0x0B1C1626, 0x341D2533, 0x21160906, 0x0D0E110B, 0x0E160709, 0x0903680D, 0x0E172935,
0x1E253120, 0x1508060C, 0x0D120D14, 0x0DFFFF00, 0x1C000001, 0xD6026B02, 0x06039A00, 0x00000200, 0x09FF5901, 0xCB02B900, 0x1D002A00, 0x55B41E52,
0x095117B8, 0xFFC0400C, 0x090C4817, 0x002CC024, 0xD0240224, 0xB8FFC0B7, 0x0B0E4824, 0x52112B27, 0xB8FF9840, 0x140F4940, 0x27502702, 0x27550C0C,
0x03215514, 0xA61D5703, 0x92003FED, 0x3FED1239, 0x2FED5D2B, 0x0110D6ED, 0x2B5D10D6, 0xDC2BEDED, 0x31300506, 0x0623222E, 0x02351106, 0x0623222E,
0x02353436, 0x33321615, 0x11141E02, 0x33033426, 0x23220615, 0x14163332, 0x363701CB, 0x0F230D37, 0x4729100B, 0x231A1A2F, 0x2516574C, 0x4D570B1B,
0x3025F618, 0x1A18191A, 0x170D1A0B, 0xA402011B, 0x30402601, 0x9B060C12, 0x24342149, 0x525A62FE, 0x11151F13, 0x0902601A, 0x2520161B, 0x1E0C0800,
0x010024FF, 0x5901DD02, 0x60002D00, 0x51400F0D, 0x13794006, 0x01062F27, 0x40030103, 0x2F2FB8FF, 0xC0401C09, 0x0C482529, 0x51221E20, 0x2E1F2848,
0x26062408, 0x21060300, 0x5719070D, 0x10099200, 0x3FD5C63F, 0xFDC63F3F, 0x3FFDC001, 0x10D6D6C0, 0xFDC02B10, 0xD65DC610, 0xD65DFDCE, 0x31302532,
0x36371616, 0x15140623, 0x22262737, 0x16163332, 0x36353434, 0x27060623, 0x222E0235, 0x35233533, 0x35371533, 0x15231514, 0x1E020150, 0x27461405,
0x074F480B, 0x3518100D, 0x2810181C, 0x0105210E, 0x2B442F19, 0x67677CC1, 0xC10B131B, 0x600A0826, 0x3B254C47, 0x07085705, 0x06161B03, 0x0B050102,
0x132E4F3B, 0xB0667614, 0x8A66BE1A, 0x20120600, 0x01000A00, 0x0001DB02, 0x6B001100, 0x2440120D, 0x0E441005, 0x08120F08, 0x0E480C02, 0x0611480B,
0x02003FFD, 0xC43FED3F, 0x0110D6C5, 0xD4FDC531, 0x30132206, 0x15141707, 0x26353436, 0x33211523, 0x112311B3, 0x271E085F, 0x0D5F6A01, 0x08917C02,
0x051C1912, 0x1D0D2E27, 0x453D66FD, 0xFB020500, 0x010024FF, 0xF501E002, 0xB5002900, 0x4340270C, 0x212B1617, 0x14510329, 0x012A201B, 0x57240720,
0x17301702, 0x1755150A, 0x0D105709, 0x01200030, 0x00020055, 0x020A003F, 0xED5D3FFD, 0xC63FED5D, 0x3FFDC601, 0x10D6C6D5, 0xFDD0C510, 0xD6C63130,
0x13233533, 0x35343E02, 0x33321617, 0x07262623, 0x22061515, 0x33152315, 0x14163332, 0x3E023717, 0x06062322, 0x2E02358B, 0x67671833, 0x4E372A42,
0x121A142E, 0x14382AC1, 0xC11F2A13, 0x201D1E11, 0x1122502C, 0x2A443019, 0x01706619, 0x2D4A331C, 0x0E076B08, 0x072D231E, 0x66B43428, 0x03070A08,
0x690F0F13, 0x2E4F3B00, 0x010019FF, 0x5901DB02, 0x6B001100, 0x3B402260, 0x0B010B13, 0x0F040104, 0x05440F00, 0x01000F11, 0x0111D001, 0x0101120A,
0x08570E92, 0x05004802, 0x02003FFD, 0xC03FFDC6, 0x0110D65D, 0xC65DD55D, 0xFDC55D10, 0xC65D3130, 0x13233521, 0x15231114, 0x33323717, 0x06062322,
0x2635BCA3, 0x01C2A331, 0x1A161116, 0x2B0D4F51, 0x02056666, 0xFE034407, 0x66080458, 0x5E000100, 0x27FFF302, 0x0102CB00, 0x22003440, 0x1E13400E,
0x004D0E44, 0x1E13A91A, 0x24084440, 0x05010523, 0x1D168A0F, 0x0207020B, 0x74000900, 0x3FED3F3F, 0x3FC40110, 0xD65DED10, 0xD4EDD4ED, 0x31302B17,
0x222E0235, 0x11331114, 0x16333236, 0x35113332, 0x36353426, 0x27331616, 0x15140607, 0x11140E02, 0xDD35462A, 0x11731F26, 0x25213327, 0x1A010166,
0x02022D3D, 0x122B470D, 0x213E5836, 0x018BFE74, 0x4E3C3E4D, 0x018B201D, 0x0812090C, 0x170B2F3D, 0x09FEB836, 0x583E2100, 0x010029FF, 0xF501E802,
0x34002000, 0x31401C04, 0x400B0E00, 0x4C20510F, 0x07520B22, 0x1A511721, 0x18071D57, 0x120B0E07, 0xA8000700, 0x3F3FC43F, 0xED3F0110, 0xD6ED10D6,
0xEDD4ED31, 0x302B0133, 0x36363534, 0x26273316, 0x16151406, 0x07110606, 0x23222E02, 0x35113315, 0x14163332, 0x3637010E, 0x39231701, 0x01660201,
0x2D3B1E59, 0x33354326, 0x0F721822, 0x0A250A01, 0xD602201B, 0x0810090C, 0x150B2F3D, 0x09FE7D09, 0x12203B50, 0x300106FF, 0x413E0202, 0x00010009,
0xFFF301EB, 0x026C0027, 0x003C4023, 0x1E46003F, 0x22012260, 0x24F02402, 0x24291446, 0x0A301001, 0x100E2824, 0x4823020E, 0x480F0219, 0x4A050900,
0x3FED3FED, 0x3FED0110, 0xD6C55DD6, 0xED10D65D, 0xC55DD6ED, 0x31300114, 0x0E022322, 0x2E023534, 0x36372335, 0x33150606, 0x15141E02, 0x33323E02,
0x35342627, 0x35331523, 0x161601E6, 0x2942552D, 0x2C554229, 0x222B51D7, 0x22340A19, 0x2B20202B, 0x1B0B3126, 0xD9552B25, 0x010A4B6A, 0x431F1F43,
0x6A4B417F, 0x3C665729, 0x77502747, 0x38212137, 0x48275077, 0x2957663C, 0x81000100, 0x27FFF301, 0xD9027200, 0x250040B7, 0x23200C00, 0x4D1A5105,
0xB8FFC040, 0x090D1248, 0x0527230F, 0x440EB8FF, 0xC040100D, 0x12480E26, 0x0E02154A, 0x0809221F, 0x4A000300, 0x3FFDC63F, 0xED3F0110, 0xD62BFDC6,
0x10D62BED, 0x31302B01, 0x321E0215, 0x14062322, 0x2E023511, 0x3311141E, 0x0233323E, 0x0235342E, 0x02232206, 0x07273636, 0x01183A4A, 0x2C116B73,
0x3E513114, 0x7C08121F, 0x18222916, 0x07051122, 0x1D091408, 0x060D2202, 0x722A527A, 0x50A09921, 0x3F5A3801, 0x86FE8529, 0x38220F1E, 0x374C2D37,
0x52371B03, 0x036B0303, 0x0001000D, 0x00000207, 0x0274001C, 0x007CB900, 0x16FFC0B3, 0x09004D15, 0xB8FFF0B3, 0x09004D14, 0xB8FFE0B3, 0x09004D08,
0xB8FFC0B3, 0x10004D08, 0xB8FFC040, 0x2E0C004D, 0x10AF08BF, 0x08020811, 0x44161217, 0x1D130F00, 0x1C03121E, 0x13121312, 0x1D1E1310, 0x1C1C1013,
0x03121702, 0x1208090C, 0x4A050300, 0x3FFDC63F, 0x3F121739, 0x2F2F2F01, 0x11123939, 0x2F2F1112, 0x17391112, 0x3910C6FD, 0xC65D3331, 0x302B2B2B,
0x2B2B013E, 0x03333216, 0x17072626, 0x23220607, 0x07152335, 0x26262733, 0x1E031701, 0x280A131C, 0x291E1D2B, 0x17370710, 0x090E1309, 0x5E7B334D,
0x20830916, 0x171A0E01, 0xF11B3023, 0x150D1358, 0x08051A16, 0xECEDEB60, 0xC45C1F48, 0x4B492000, 0x010014FF, 0x5801F901, 0xDD002C00, 0x6BB9002C,
0xFFE0B40D, 0x0E004C29, 0xB8FFE040, 0x370D0E00, 0x4C16200D, 0x004D1520, 0x10004D15, 0x180E0F00, 0x4C00512C, 0x2C2D290F, 0x0B15031A, 0x2E29081A,
0x051A0805, 0x29042D0E, 0x2E222D2C, 0x0A232667, 0x1F0F0B0B, 0x003F3FFD, 0xC63F0110, 0xC610C612, 0x17393D2F, 0x182F2F2F, 0x11121739, 0x11123910,
0xED31302B, 0x2B2B2B2B, 0x131E0317, 0x36363736, 0x36333216, 0x17072626, 0x23220607, 0x0E03070E, 0x03232226, 0x27371616, 0x33323637, 0x26262798,
0x0714191D, 0x11141408, 0x0E383913, 0x2617150C, 0x18070E16, 0x060C1415, 0x18111024, 0x2F3D291C, 0x2A0E1711, 0x160E2030, 0x0F3B4B22, 0x01D61D4C,
0x5358294F, 0x6A223633, 0x080A6106, 0x02141830, 0x524D4D2A, 0x273F2B17, 0x0B086608, 0x082A2673, 0xDF730001, 0x002E0000, 0x01C6026B, 0x001600B1,
0x400C1640, 0x090A004C, 0x12400A00, 0x4D0DB8FF, 0xE0B41112, 0x004C0CB8, 0xFFC04066, 0x0B004D07, 0x400B0C00, 0x4C06200D, 0x004D0660, 0x0C004D06,
0x400B004D, 0x05400B00, 0x4D034009, 0x0A004C01, 0x200F004D, 0x00400A00, 0x4D0C1110, 0x14150F08, 0x12051302, 0x04030016, 0x09091600, 0x03040213,
0x0512080F, 0x15141011, 0x0C101718, 0x16021448, 0x15020B08, 0x1202480F, 0x40057005, 0x02050848, 0x0A08003F, 0xFDD65DC0, 0xFDC03F3F, 0xED3F0111,
0x1217392F, 0x2F2F2F2F, 0x2F2F2F2F, 0x2F2F2F2F, 0x2F2F2F31, 0x302B2B2B, 0x2B2B2B2B, 0x2B2B2B2B, 0x2B010607, 0x33152306, 0x06072115, 0x21353636,
0x37233533, 0x37233521, 0x01BD3B30, 0x6AA41A2D, 0x15010AFE, 0x68163320, 0x60985AEE, 0x01820215, 0x5A4E622C, 0x52276647, 0x2C603862, 0x98660001,
0x00430000, 0x01B401D6, 0x001800D3, 0xB90011FF, 0xC0400E11, 0x004D0F40, 0x0C004D06, 0x400C004D, 0x09B8FFC0, 0xB30D004D, 0x08B8FFC0, 0x40770D00,
0x4D500F01, 0x0F1112AF, 0x0C01AF0B, 0x01B016C0, 0x16D01603, 0xB017C017, 0xD01703B0, 0x10C010D0, 0x10039011, 0xB011C011, 0xD01104BF, 0x0501BF04,
0x01C00AD0, 0x0A02C009, 0xD009020C, 0x0B161710, 0x11120815, 0x06030504, 0x00180A09, 0x090A1800, 0x04050306, 0x15081211, 0x1017160B, 0x0C11191A,
0x180A050F, 0x7D04114F, 0x15011555, 0x170A0B06, 0x0809550A, 0x06003FED, 0x323F3FFD, 0x5DD632ED, 0x323F0111, 0x1217392F, 0x2F2F2F2F, 0x2F2F2F2F,
0x2F2F2F2F, 0x2F2F2F2F, 0x5D5D5D5D, 0x5D5D5D5D, 0x5D5D1112, 0x395D3130, 0x002B2B01, 0x2B2B2B01, 0x06060733, 0x15230607, 0x33152135, 0x36363723,
0x35333636, 0x37233521, 0x01AA0E2D, 0x1B518C26, 0x1DDEFE8F, 0x1229153F, 0x7812220F, 0xC2015D01, 0x7C0E3722, 0x4F332D66, 0x4B1D3F1F, 0x4F1A2D14,
0x66000100, 0x1AFFF301, 0xE1026B00, 0x260051B9, 0x001DFFE0, 0x40290F00, 0x4D225309, 0x60130113, 0x280E261B, 0x05061B27, 0x1C1F4A16, 0x00732609,
0x0E26260E, 0x09030816, 0x09080206, 0x48070200, 0x3FED3F3F, 0x1217392F, 0x2F2F10ED, 0x10FDC601, 0x10D6D6C5, 0x10D4C510, 0xD65DC4ED, 0x3130002B,
0x133E0337, 0x21352115, 0x0E03071E, 0x03151406, 0x23222E02, 0x27371616, 0x33323635, 0x34262323, 0xA8112B2B, 0x260DFEF0, 0x01A10B27, 0x2E311432,
0x442A138A, 0x79203B33, 0x290D271D, 0x4E313C4A, 0x4B442C01, 0x5E112C2F, 0x2B10664B, 0x0E2E3636, 0x15081E2C, 0x3A24665A, 0x090E1007, 0x640F182B,
0x2B372600, 0x010028FF, 0xF301EF02, 0x6B002400, 0x72401022, 0x2010004D, 0x22200E00, 0x4D21400E, 0x004D21B8, 0xFFC04038, 0x0C004D20, 0x21010220,
0x4010004D, 0x20400E00, 0x4D202001, 0x1F401000, 0x4D302401, 0x241E0B26, 0x1B045313, 0x25162400, 0x00241603, 0x0E1E481D, 0x021C020A, 0x074A0E09,
0x003FFDC6, 0x3F3FED12, 0x17392F2F, 0x2F0110D6, 0xEDC410D6, 0xD6C65D31, 0x302B5D2B, 0x2B5F5D2B, 0x2B2B2B01, 0x23220615, 0x14163332, 0x36371706,
0x0623222E, 0x02353436, 0x372E0327, 0x35211521, 0x1E031701, 0x62235049, 0x423B3454, 0x1D271A69, 0x4A395C42, 0x23506014, 0x2F2D250B, 0x0197FEF8,
0x0D272B2B, 0x11011E31, 0x342B3018, 0x10630E22, 0x17304A33, 0x445C1115, 0x32302B0E, 0x5366102B, 0x2F2C1100, 0x010036FF, 0x5B01D901, 0xD6002200,
0x56B51E20, 0x0E004D15, 0xB8FFE040, 0x291C004D, 0x221C2418, 0x1D1D2300, 0x0B010B24, 0x14190453, 0x30110111, 0x23002214, 0x14220003, 0x0E1C481B,
0x060A074A, 0x0E92003F, 0xFDC63FED, 0x1217392F, 0x2F2F0110, 0xD671EDD4, 0xC510C65D, 0x12392F39, 0x10D6C631, 0x302B2B25, 0x23220615, 0x14163332,
0x36371706, 0x06232226, 0x35343637, 0x2E032735, 0x2115231E, 0x03170166, 0x27404C40, 0x3823531D, 0x1B1F6533, 0x6F7D4D58, 0x152B2821, 0x0A0171D8,
0x0C222424, 0x0F882E35, 0x302F0F0D, 0x630F1561, 0x63445A12, 0x1732302B, 0x10536610, 0x2D2E2D10, 0x0001002D, 0xFF5601C1, 0x01D60033, 0x00474025,
0x190A5323, 0x351E1E34, 0x35101634, 0x2D530034, 0x050A310F, 0x101E1919, 0x1E100F04, 0x18319218, 0x06164817, 0x06003FED, 0x3F3F1217, 0x392F2F2F,
0x2F123939, 0x0110D6ED, 0x10D6C611, 0x12392F10, 0xD6EDC431, 0x3017343E, 0x02373E03, 0x35342E02, 0x23353E03, 0x37233521, 0x150E0307, 0x1E031514,
0x0E02070E, 0x03151416, 0x17072626, 0x2D172A3C, 0x24192D23, 0x150D2543, 0x360D2221, 0x1F0AE201, 0x7A0C2022, 0x23102236, 0x25131D38, 0x5235181C,
0x0E040605, 0x6408115B, 0x202C1E15, 0x09060B0E, 0x1510111B, 0x1209450D, 0x20201C0A, 0x665B0C1F, 0x21200F08, 0x16212F22, 0x2733231A, 0x0E060C0C,
0x0E07091D, 0x09131025, 0x0001001C, 0x000001C8, 0x02790028, 0x0077B900, 0x12FFE040, 0x4619004D, 0x22400D0F, 0x004C2120, 0x0F004D21, 0x400E004D,
0x21200D00, 0x4D1A6300, 0x04200A01, 0x0A2A1417, 0x06030306, 0x17140429, 0x2A161509, 0x63112329, 0x221D6726, 0x050C0C17, 0x40040104, 0x65051509,
0x650B0C00, 0x3FFDC4D6, 0xFD5DC03F, 0x3FFDC601, 0x10D6D6ED, 0xD4C01112, 0x17392F2F, 0x2F2F10D6, 0x5DD6D6ED, 0x3130002B, 0x2B2B2B01, 0x2B011406,
0x07331523, 0x06060721, 0x15212626, 0x34343534, 0x36372335, 0x33363635, 0x34262322, 0x0E020727, 0x36363332, 0x1601B61C, 0x163E9A2C, 0x42020110,
0xFE660101, 0x382649AF, 0x1E282F25, 0x1929231A, 0x0A3D2768, 0x3C705F01, 0xC81F3A1D, 0x6329461A, 0x66051011, 0x0E03365A, 0x28631D36, 0x1A28270B,
0x10130955, 0x25285F00, 0x01001BFF, 0xF301CD02, 0x6B002000, 0x56B51440, 0x0D004D1F, 0xB8FFE840, 0x2A0D004D, 0x1B0F5300, 0x00010022, 0x1C611440,
0x090C4814, 0x08901701, 0x17182117, 0x1C651A1F, 0x65141403, 0x1A04090C, 0x67030D00, 0x3FFDC63F, 0x123910ED, 0x10FDC001, 0x10D6CD5D, 0xD6D62BED,
0x10D65DED, 0xC4313000, 0x2B012B25, 0x14062322, 0x2E022737, 0x16163332, 0x3635342E, 0x02233636, 0x37233521, 0x15230606, 0x070401CD, 0x75761B35,
0x2F240919, 0x19473042, 0x3A1B3C62, 0x47080904, 0x5501ACF2, 0x02040301, 0x01BB5E6A, 0x070B0B05, 0x690B152F, 0x291E2B1B, 0x0D406836, 0x66661D47,
0x1D0A0001, 0x0024FFF3, 0x01C501D6, 0x0023005B, 0xB5164009, 0x004D22B8, 0xFFC0B312, 0x004D21B8, 0xFFC04027, 0x12004D0F, 0x53000001, 0x00001C01,
0x1C252052, 0x15061924, 0x184F1C01, 0x1C651B20, 0x73141403, 0x1B0A070C, 0x67030D00, 0x3FFDC63F, 0x12392FED, 0x10FD5DC0, 0x0110D6C6, 0xD6ED10C6,
0x5DD65DED, 0x3130002B, 0x2B012B25, 0x14062322, 0x2627371E, 0x03333236, 0x35342E02, 0x23233636, 0x37233521, 0x15230606, 0x07333216, 0x01C56E71,
0x3D5E1116, 0x091E272E, 0x1832340D, 0x223C2F5A, 0x05080342, 0x0198F101, 0x0402385F, 0x6A934C54, 0x13076903, 0x08070617, 0x1D111810, 0x082C4B26,
0x66661028, 0x10470001, 0x0035FFF3, 0x01D80260, 0x002B006B, 0xB9000BFF, 0xC0B51000, 0x4D115300, 0xB8FFC040, 0x110B1148, 0x002D221A, 0x51232051,
0x1E0A701B, 0x011BB8FF, 0xC040200B, 0x0E481B2C, 0x1A4F2201, 0x22651D30, 0x21010F21, 0x01210A27, 0x16271605, 0x1F020B0E, 0x67050700, 0x3FFDC63F,
0x1239392F, 0x2F3F5D5D, 0x33FD5DC0, 0x0110D62B, 0x5DC6D4FD, 0xD0EDC510, 0xD62BED31, 0x30002B25, 0x140E0223, 0x222E0227, 0x37161633, 0x32363534,
0x2E022726, 0x26353523, 0x35333537, 0x15331523, 0x15141617, 0x1E0301D8, 0x1F394F30, 0x1F382D21, 0x0814224D, 0x2B253813, 0x1E28153C, 0x344C4C7C,
0xB4B41C1D, 0x223B2C19, 0x82233524, 0x130A0D0E, 0x04670E18, 0x0C150E12, 0x0E0C0818, 0x4D381366, 0x75158A66, 0x1217250B, 0x0C17202E, 0x0002003F,
0xFF5B01D3, 0x01E0000B, 0x00190039, 0x40240940, 0x09004D00, 0x53000C20, 0x0C400C03, 0x0C1B0711, 0x51001310, 0x13201303, 0x131A0357, 0x170A0711,
0x120E003F, 0xD5C53FED, 0x0110D65D, 0xFDC010D6, 0x5DED3130, 0x2B013426, 0x23220607, 0x113E0337, 0x140E0207, 0x15231136, 0x36333216, 0x0154322D,
0x131D0B27, 0x3927137F, 0x2B4C673B, 0x7B205B3C, 0x6B72010F, 0x2D3B0502, 0xFED61024, 0x2F3D2843, 0x62483515, 0x7C02600D, 0x1870FFFF, 0x00BDFF5B,
0x013902BB, 0x0206005F, 0x0000FFFF, 0x005CFF5B, 0x019902BB, 0x0236005F, 0x9F000006, 0x005F6000, 0x00000001, 0x0016FF5B, 0x01DD02BB, 0x00130064,
0x403F0D40, 0x15004D0C, 0x4015004D, 0x09401500, 0x4D084015, 0x004D6F08, 0x01080744, 0x04010213, 0x120A0B6F, 0x0D010D0E, 0x44101214, 0x0704480A,
0x01000B48, 0x11400E60, 0x0EA00E03, 0x0E0F0E06, 0x8A003F3F, 0xD55DC0FD, 0xD0D6C0FD, 0xC00110D6, 0xD6FDC55D, 0xD0C010D0, 0xD0C5D5FD, 0xC55D3130,
0x2B2B2B2B, 0x37352335, 0x33113311, 0x33152315, 0x33152311, 0x23112335, 0xBDA7A77C, 0xA4A4A4A4, 0x7CA7E751, 0x600123FE, 0xDD605160, 0xFED4012C,
0x60FFFF00, 0xA7FFF401, 0x4D026B02, 0x06000400, 0x00000400, 0x12FFFA02, 0x0A032B00, 0x10002200, 0x2F003500, 0x92402330, 0x3437161F, 0x21221700,
0x21102102, 0x21702001, 0x202F283F, 0x28022852, 0x20003000, 0x60008000, 0x0400B8FF, 0xC0401315, 0x19481F00, 0x01001019, 0x80190219, 0x17378023,
0x0123B8FF, 0xC0B31418, 0x4823B8FF, 0xC0401C0B, 0x0F482352, 0x08363532, 0x3331B01F, 0xA4210217, 0xA419082D, 0xA50C0325, 0xA5050900, 0x3FED3FED,
0x3FED3FED, 0x3FC6DDCD, 0x0110D6ED, 0x2B2B5D10, 0xD6D55DD6, 0x5D2B5DED, 0x5DDE5DC0, 0x5D10C011, 0x393910D6, 0xCC313001, 0x140E0223, 0x22262711,
0x36363332, 0x1E02370E, 0x03073315, 0x23353E03, 0x37233533, 0x01163332, 0x3635342E, 0x02232207, 0x37371737, 0x1707011B, 0x1A2D3E25, 0x13351719,
0x2D152A40, 0x2D17D00C, 0x1E1E1E0C, 0x72CB121C, 0x1919105E, 0xB9FE7E05, 0x062F1F07, 0x111E1708, 0x04AF2256, 0x55257A01, 0x365E7A48, 0x1C030702,
0x6305061F, 0x49798C2A, 0x6E787A36, 0x5D4C4871, 0x66663D5D, 0xFDED0174, 0x6B435835, 0x1601E629, 0x3F402B69, 0x00040012, 0xFFFA0209, 0x02A00010,
0x0022002F, 0x00350097, 0x401E3034, 0x37111737, 0x1F1F011F, 0x16190337, 0x101A011A, 0x1A363720, 0xC000D000, 0xE0000300, 0xB8FFC040, 0x130B0E48,
0x00524028, 0x50280280, 0x289028B0, 0x28032823, 0xB8FFC0B3, 0x151A4823, 0xB8FFC040, 0x250B1048, 0x23523008, 0x40085008, 0x03083616, 0xA4373532,
0x33A031A0, 0x20A4220A, 0x18062DA5, 0x0C0325A5, 0x0509003F, 0xED3FED3F, 0x3FED3F3F, 0xDDC510EC, 0x0110D671, 0xFD2B2BD6, 0x5D71FD2B, 0x5DCE1112,
0x392F5D12, 0x17395D10, 0xD6C010D6, 0xC4313001, 0x140E0223, 0x22262711, 0x36363332, 0x1E02170E, 0x03073315, 0x23353E03, 0x37233533, 0x01163332,
0x3635342E, 0x02232207, 0x37371737, 0x1707011B, 0x1A2D3E25, 0x13351719, 0x2D152A40, 0x2D17D00C, 0x1B1B1A0B, 0x67C20F19, 0x17170E5B, 0xB9FE7E05,
0x062F1F07, 0x111E1708, 0x04AF2156, 0x55257A01, 0x365E7A48, 0x1C030702, 0x6305061F, 0x49790D1D, 0x484E5024, 0x5D473050, 0x4845255D, 0xFE820174,
0x6B435835, 0x16015B29, 0x40412B6A, 0x00040009, 0xFFF30209, 0x02B5000F, 0x00210030, 0x003600AD, 0x401D2F40, 0x0D004D2E, 0x400D004D, 0x10200F00,
0x4D310435, 0x01352138, 0x151E151E, 0x371727B8, 0xFFC0B716, 0x1948C227, 0x010227B8, 0xFFC0404B, 0x0B104827, 0x522F0601, 0x06372F0D, 0x4F0D020D,
0x2F2E3F2E, 0x5F2ECF2E, 0x042E5200, 0x20192F17, 0x4F17020F, 0x172F174F, 0x176F178F, 0x17AF1706, 0x17363334, 0xA032A01E, 0xA4210A15, 0xA418060F,
0x010E0022, 0xA50B0B2C, 0xA5030700, 0x3FED3FED, 0x3F3F3FED, 0x3FED3F3F, 0xDDC5012F, 0x5D71D5C6, 0xDEFD5DC0, 0x5D10D671, 0xED2B5F5D, 0x2B111239,
0x392F2F10, 0xC6D671C4, 0x31302B2B, 0x2B250606, 0x23222635, 0x343E0233, 0x32173537, 0x130E0307, 0x33152335, 0x3E033723, 0x35330522, 0x0E021514,
0x1E023332, 0x37112637, 0x37173717, 0x0701081F, 0x331A4A49, 0x0E1C2B1D, 0x191D57E3, 0x0C1B1B1A, 0x0B67C20F, 0x1917170E, 0x5BB9FEA2, 0x0E110904,
0x030B1714, 0x0C0B167D, 0x21565525, 0x7A0E0E0D, 0x8674345A, 0x402511D3, 0x13FECF1D, 0x484E5024, 0x5D473050, 0x4845255D, 0x5320313E, 0x1E1A3026,
0x1605011B, 0x13F32940, 0x412B6A00, 0x020012FF, 0xF301E102, 0x6B000500, 0x13005240, 0x394F0B5F, 0x0BCF0BDF, 0x0B040B52, 0x0E400914, 0x480E1506,
0x00050120, 0x05300580, 0x05F00504, 0x05200430, 0x04C004D0, 0x04040452, 0x01045514, 0x064A1309, 0x0C020302, 0x0108003F, 0x3F3F3FED, 0x10EC012F,
0xFD5DD55D, 0x71CE10DE, 0x2BED5D31, 0x30332311, 0x33113317, 0x323E0235, 0x11331114, 0x0E0223FD, 0xEB57942B, 0x15231B0F, 0x570E2848, 0x3B026BFD,
0xEB0E0411, 0x232001CB, 0xFE483248, 0x2F170003, 0x002DFF56, 0x01E30297, 0x00050017, 0x0023006F, 0x402E1E53, 0x180F06DF, 0x0C010C52, 0x5F0F010F,
0x25100501, 0x20056005, 0x7005C005, 0xE005F005, 0x06053004, 0x40045004, 0xC004D004, 0x05045201, 0xB8FFC040, 0x1B0B1248, 0x01241B53, 0xB021D021,
0x02219806, 0x094A1492, 0x0E0A0302, 0x05550108, 0x003FED3F, 0x3F3FFDC6, 0x3F5DED01, 0x10D62BFD, 0x5DC55D71, 0x10D65DFD, 0x5DC610D4, 0xED313021,
0x21113311, 0x33071616, 0x33323635, 0x11331114, 0x0E022322, 0x26271314, 0x06232226, 0x35343633, 0x32160131, 0xFEFC57AD, 0x390E1D0E, 0x26205815,
0x293B2510, 0x2B0DFA28, 0x1C1A2929, 0x1A1C2802, 0x6BFDEB9E, 0x04052D32, 0x01C8FE43, 0x384A2E13, 0x080502EF, 0x1F25251F, 0x20252500, 0x030037FF,
0x5601D102, 0xB5001100, 0x1D002B00, 0x9C400D18, 0x53201201, 0x11120100, 0x12011206, 0xB8FFC0B3, 0x151B4806, 0xB8FFC040, 0x5A0D1048, 0x06A40940,
0x0D104809, 0x2D6F2B7F, 0x2BCF2BDF, 0x2B042B40, 0x181B482B, 0x2540151B, 0x4825400D, 0x104825A4, 0x00231023, 0x40235023, 0x60230523, 0xD000F000,
0x025F006F, 0x0002002C, 0x259F2B40, 0x0D10482B, 0xA51E0715, 0x531B9800, 0x03400D10, 0x4803A50E, 0x92080A00, 0x3F3FFD2B, 0xC63FED3F, 0xED2B3F01,
0x10C65D5D, 0xD65DED2B, 0x2BC42B5D, 0x10D62BED, 0x2B2BD471, 0x7171ED31, 0x30171616, 0x33323635, 0x11331114, 0x0E022322, 0x26271314, 0x06232226,
0x35343633, 0x3216032E, 0x03351137, 0x11141E02, 0x17E60E1D, 0x0E262058, 0x15293B25, 0x102B0DFA, 0x281C1A29, 0x291A1C28, 0xDE3A492A, 0x0F580D1D,
0x2B1E4804, 0x052D3201, 0xC8FE4338, 0x4A2E1308, 0x0502EF1F, 0x25251F20, 0x2525FD85, 0x011A2C3A, 0x22020C0F, 0xFE002128, 0x17090200, 0x020012FF,
0xF301E102, 0x6B000D00, 0x1B005240, 0x3416400E, 0x1148168F, 0x132F0E3F, 0x0E4F0E03, 0x0E8F0C01, 0x0C8F0B40, 0x0D12480B, 0x90060106, 0x8F071C0E,
0xA51B0914, 0x020B0205, 0x0A050A09, 0x02060800, 0x08003F3F, 0x3F39392F, 0x2F3F3F3F, 0xED0110D6, 0xFD5DD42B, 0xFD5DD65D, 0xD6ED2B31, 0x30332E03,
0x27112311, 0x33131133, 0x1137323E, 0x02351133, 0x11140E02, 0x07C70F17, 0x15160D57, 0x4B5E5722, 0x1220170D, 0x570D2544, 0x373A5B59, 0x5E3DFE77,
0x026BFE95, 0x016BFD95, 0x48061322, 0x1D01CBFE, 0x4831472F, 0x18010003, 0x0012FF56, 0x01D10297, 0x000D001F, 0x002B0099, 0x40172053, 0x1F260126,
0x0C164015, 0x1D481640, 0x0B114816, 0x8F4F1501, 0x15B8FFC0, 0x40501219, 0x48150C40, 0x11004D2F, 0x0C3F0C4F, 0x0C030C8F, 0x0B40171A, 0x480B400D,
0x12480B06, 0x4011004D, 0x2F063F06, 0x4F060306, 0x8F300740, 0x0702079F, 0x0EAF0E02, 0x0E2C2353, 0x29980E11, 0xA51C9215, 0x0A0D080C, 0x02050A05,
0x0A060902, 0x0608003F, 0x3F123939, 0x2F2F3F3F, 0x3F3FFDC6, 0x3FED0110, 0xC65DD671, 0xFD712BD4, 0x2B2BFD71, 0x2BD62B71, 0xED2B2B10, 0xD671ED31,
0x30332E03, 0x27112311, 0x33131133, 0x11071616, 0x33323635, 0x11331114, 0x0E022322, 0x26271314, 0x06232226, 0x35343633, 0x3216C70F, 0x1715160D,
0x574B5E57, 0x2C0E1D0E, 0x26205815, 0x293B2510, 0x2B0DFA28, 0x1C1A2929, 0x1A1C283A, 0x5B595E3D, 0xFE77026B, 0xFE95016B, 0xFD954804, 0x052D3201,
0xC8FE4338, 0x4A2E1308, 0x0502EF1F, 0x25251F20, 0x25250003, 0x0012FF56, 0x01E30297, 0x00150027, 0x003300AB, 0x40222740, 0x16004D27, 0x4013004D,
0x16401600, 0x4D164013, 0x004D2E53, 0x20280102, 0x60288028, 0xA0280328, 0xB8FFC040, 0x12171A48, 0x28351F40, 0x171D481F, 0x400D1148, 0x1F8F1CB8,
0xFFC04013, 0x161D481C, 0x0940191D, 0x48098F40, 0x0A500A60, 0x0A030AB8, 0xFFC04029, 0x171B480A, 0x1440171D, 0x4814400D, 0x1148148F, 0x40150115,
0x27342B53, 0x31971619, 0xA524921D, 0x0B14060A, 0x0610A503, 0x0B003FED, 0x3F3F3F3F, 0xFDC63FED, 0x0110C6D6, 0x71FD2B2B, 0xD62B5DFD, 0x2BD62BED,
0x2B2B10D6, 0x2B5D5F71, 0xED31302B, 0x2B2B2B13, 0x36363332, 0x1E021511, 0x2311342E, 0x02232206, 0x07112317, 0x16163332, 0x36351133, 0x11140E02,
0x23222627, 0x13140623, 0x22263534, 0x36333216, 0x121A4B2D, 0x2837210F, 0x57091018, 0x0F0F1F05, 0x57E60E1D, 0x0E262058, 0x15293B25, 0x102B0DFA,
0x281C1A29, 0x291A1C28, 0x01C70910, 0x142A4430, 0xFED20126, 0x21281607, 0x0802FE7E, 0x4804052D, 0x3201C8FE, 0x43384A2E, 0x13080502, 0xEF1F2525,
0x1F202525, 0xFFFF0009, 0x000001EB, 0x033E0226, 0x00240000, 0x0107015F, 0x0000008B, 0x0010400B, 0x0201171B, 0x040B5002, 0x071C4F2B, 0x2B340000,
0xFFFF002C, 0xFFF501B9, 0x02B30226, 0x00440000, 0x0106015F, 0x00000010, 0x400B0208, 0x2F331C13, 0x50020F34, 0x4F2B2B34, 0xFFFF0036, 0x000001BF,
0x033E0226, 0x002C0000, 0x0107015F, 0x0000008B, 0x0010400B, 0x01000C10, 0x00065001, 0x05114F2B, 0x2B340000, 0xFFFF0024, 0xFFF501D3, 0x02B30226,
0x010C0000, 0x0106015F, 0xEF000013, 0xB90001FF, 0xEF400914, 0x180A0050, 0x010B194F, 0x2B2B3400, 0xFFFF001B, 0xFFF301D9, 0x033E0226, 0x00320000,
0x0107015F, 0x0000008B, 0x0010400B, 0x02012024, 0x14195002, 0x16254F2B, 0x2B340000, 0xFFFF001D, 0xFFF301D8, 0x02B30226, 0x00520000, 0x0106015F,
0x00000010, 0x400B0200, 0x20240900, 0x50020E25, 0x4F2B2B34, 0xFFFF0027, 0xFFF301CD, 0x033E0226, 0x00380000, 0x0107015F, 0x0000008B, 0x0010400B,
0x01011A1E, 0x04145001, 0x061F4F2B, 0x2B340000, 0xFFFF003B, 0xFFF501B6, 0x02B30226, 0x00580000, 0x0106015F, 0x00000010, 0x400B0102, 0x13170700,
0x50010918, 0x4F2B2B34, 0x00040027, 0xFFF301CD, 0x033E0019, 0x00250031, 0x00350078, 0x404F1344, 0x20140114, 0x37EF3401, 0x34B03501, 0x353626B3,
0x2C1AB3CF, 0x20015020, 0x6020024F, 0x20012036, 0x0744A006, 0xB0060206, 0x362F3401, 0xDF34EF34, 0xFF340334, 0x9932862F, 0xB2BF2901, 0x290223B2,
0xBF1D011D, 0x0214B107, 0xB10D4A00, 0x09003FED, 0x3F3F3F5D, 0xED3F5DED, 0x3FED5D71, 0x0110D65D, 0xED10D45D, 0x5D5DFDD6, 0xED10D45D, 0xC55D10D6,
0x5DED3130, 0x17222E02, 0x35113311, 0x141E0233, 0x323E0235, 0x11331114, 0x0E020314, 0x06232226, 0x35343633, 0x32161714, 0x06232226, 0x35343633,
0x32162533, 0x1523F83C, 0x5130147C, 0x0813221A, 0x1A221408, 0x7B143252, 0x56221718, 0x21211817, 0x22A82217, 0x17222217, 0x1722FEFE, 0xE8E80D21,
0x3E583601, 0x63FEA527, 0x35200E0E, 0x21352701, 0x5AFE9D36, 0x583E2102, 0xB31A1F1F, 0x1A1A1E1E, 0x1A1A1F1F, 0x1A1A1E1E, 0x7E47FFFF, 0x003BFFF5,
0x01B602DC, 0x02260058, 0x00000106, 0x02A70000, 0x001E4015, 0x03020101, 0x181F0700, 0x5003092D, 0x4F020921, 0x4F010915, 0x4F2B2B2B, 0x2B343434,
0x00000004, 0x0027FFF3, 0x01CD033E, 0x00190025, 0x00310035, 0x006B4047, 0x0F2C1F2C, 0x2F2C032C, 0xB3BF26DF, 0x26022637, 0x12440015, 0x20150215,
0x37323436, 0x1AB30020, 0x10205020, 0xD020E020, 0x05203608, 0x44400550, 0x05020536, 0x3335862F, 0xB2299E23, 0xB21D9E14, 0xB107B10D, 0x4A000900,
0x3FED3F3F, 0x3FED3FED, 0x3FC50110, 0xD65DED10, 0xD45DED10, 0xD4C510D6, 0x5DED10D4, 0x5DED5D31, 0x3017222E, 0x02351133, 0x11141E02, 0x33323E02,
0x35113311, 0x140E0203, 0x14062322, 0x26353436, 0x33321617, 0x14062322, 0x26353436, 0x33321627, 0x072737F8, 0x3C513014, 0x7C081322, 0x1A1A2214,
0x087B1432, 0x52762217, 0x18212118, 0x1722E822, 0x17172222, 0x1717225F, 0x5D2D550D, 0x213E5836, 0x0177FE91, 0x2735200E, 0x0E213527, 0x016EFE89,
0x36583E21, 0x02C91A1E, 0x1E1A1A1E, 0x1E1A1A1E, 0x1E1A1A1E, 0x1E284535, 0x50FFFF00, 0x3BFFF501, 0xB6031202, 0x26005800, 0x00010602, 0xAA000000,
0x1E401503, 0x0201011C, 0x23070050, 0x0309254F, 0x0209194F, 0x0109144F, 0x2B2B2B2B, 0x34343400, 0x00000400, 0x27FFF301, 0xCD033E00, 0x19002500,
0x31003700, 0xAAB90031, 0xFFE0400E, 0x16004D2D, 0x2016004D, 0x2B201600, 0x4D27B8FF, 0xE0B31600, 0x4D25B8FF, 0xE0400E16, 0x004D2120, 0x16004D1F,
0x2016004D, 0x1BB8FFE0, 0x40201600, 0x4D2CB3DF, 0x26EF26FF, 0x26032639, 0x12440015, 0x20150215, 0x39363238, 0x1AB35020, 0x0120B8FF, 0xC0402414,
0x1A482038, 0x08444005, 0x50050205, 0x38358637, 0x3433862F, 0xB2299E23, 0xB21D9E14, 0xB107B10D, 0x4A000900, 0x3FED3F3F, 0x3FED3FED, 0x3FD5C53F,
0x0110D65D, 0xED10D42B, 0x5DED10D4, 0xC510D65D, 0xED10D45D, 0xED31302B, 0x2B2B2B2B, 0x2B2B2B17, 0x222E0235, 0x11331114, 0x1E023332, 0x3E023511,
0x3311140E, 0x02031406, 0x23222635, 0x34363332, 0x16171406, 0x23222635, 0x34363332, 0x16253717, 0x371707F8, 0x3C513014, 0x7C081322, 0x1A1A2214,
0x087B1432, 0x52762217, 0x18212118, 0x1722E822, 0x17172222, 0x171722FE, 0xFD25312F, 0x27560D21, 0x3E583601, 0x77FE9127, 0x35200E0E, 0x21352701,
0x6EFE8936, 0x583E2102, 0xC91A1E1E, 0x1A1A1E1E, 0x1A1A1E1E, 0x1A1A1E1E, 0x3A2E2323, 0x2E4EFFFF, 0x003BFFF5, 0x01B60300, 0x02260058, 0x00000106,
0x02AB0000, 0x001E4015, 0x03020101, 0x181F0700, 0x50030930, 0x4F020921, 0x4F010915, 0x4F2B2B2B, 0x2B343434, 0x00000004, 0x0027FFF3, 0x01CD033E,
0x00190025, 0x00310035, 0x009CB531, 0x2016004D, 0x2DB8FFE0, 0xB316004D, 0x2BB8FFE0, 0x400E1600, 0x4D272016, 0x004D2520, 0x16004D21, 0xB8FFE0B3,
0x16004D1F, 0xB8FFE040, 0x4416004D, 0x1B201600, 0x4D1AB3DF, 0x20012037, 0x12440015, 0x20153015, 0x03153733, 0x0F350135, 0x362CB3B0, 0x26D026E0,
0x26F02604, 0x26360844, 0x05363432, 0x8629B22F, 0x9E1DB223, 0x9E14B106, 0xB10D4A00, 0x09003FED, 0x3F3F3FED, 0x3FED3FC5, 0x0110D6ED, 0x10D45DED,
0x10D471C5, 0x10D65DED, 0x10D45DED, 0x31302B2B, 0x2B2B2B2B, 0x2B2B1722, 0x2E023511, 0x3311141E, 0x0233323E, 0x02351133, 0x11140E02, 0x11343633,
0x32161514, 0x06232226, 0x27343633, 0x32161514, 0x06232226, 0x37170727, 0xF83C5130, 0x147C0813, 0x221A1A22, 0x14087B14, 0x32522217, 0x18212118,
0x1722E822, 0x17172222, 0x17172293, 0x562D5E0D, 0x213E5836, 0x0177FE91, 0x2735200E, 0x0E213527, 0x016EFE89, 0x36583E21, 0x02C91A1E, 0x1E1A1A1E,
0x1E1A1A1E, 0x1E1A1A1E, 0x1E9C5035, 0x45FFFF00, 0x3BFFF501, 0xB6031202, 0x26005800, 0x00010602, 0xA9000000, 0x1E401503, 0x02010123, 0x1C070050,
0x03092B4F, 0x02091F4F, 0x0109154F, 0x2B2B2B2B, 0x34343400, 0x00000200, 0x1FFFF501, 0xD101E200, 0x19002200, 0x81B90020, 0xFFC0B30D, 0x004D1FB8,
0xFFC0B30D, 0x004D1EB8, 0xFFC0B30D, 0x004D1DB8, 0xFFC04040, 0x0D004D11, 0x400D004D, 0x10400D00, 0x4D0F400D, 0x004D0E40, 0x0D004D0D, 0x400D004D,
0x4F0C010B, 0x22532000, 0x40005000, 0x0300241A, 0x53127008, 0x0108231A, 0x0B1A0B05, 0x0E57150B, 0x1F570507, 0x003FED3F, 0xED123939, 0x2F2F0110,
0xD65DC4ED, 0x10D65DFD, 0xC0313000, 0x5D2B2B2B, 0x2B2B2B2B, 0x2B2B2514, 0x0E022322, 0x26353437, 0x21342623, 0x22060727, 0x36363332, 0x1E020514,
0x1E023332, 0x363701D1, 0x263D502A, 0x696C0301, 0x304B3C25, 0x44161220, 0x482D3C5F, 0x4324FEC5, 0x0A162319, 0x2F2D04F0, 0x3E5E3F20, 0x7B761A15,
0x2E340F08, 0x680C0E1F, 0x3D5A6D12, 0x241B113B, 0x27000500, 0x09000001, 0xEB033E00, 0x0F001A00, 0x26003200, 0x36015FB5, 0x35401200, 0x4D32B8FF,
0xE0B31B00, 0x4D32B8FF, 0xE0402617, 0x18004CD4, 0x32012E20, 0x1B004D2E, 0x2017004D, 0xDB2EFB2E, 0x022C201B, 0x004D2C20, 0x17004DDB, 0x2CFB2C02,
0x28B8FFE0, 0xB31B004D, 0x28B8FFE0, 0x40091700, 0x4DD428F4, 0x280226B8, 0xFFE0B31B, 0x004D26B8, 0xFFE04026, 0x17004DD4, 0x26F42602, 0x22201B00,
0x4D222017, 0x18004CDB, 0x22012020, 0x1B004D20, 0x2017004D, 0xDB20FB20, 0x021CB8FF, 0xE0B31B00, 0x4D1CB8FF, 0xE0400917, 0x004DD41C, 0xF41C0205,
0xB8FFE0B4, 0x0D0E004C, 0x05B8FFC0, 0x40660B0C, 0x004C2DB3, 0xC027015F, 0x27014027, 0x01273810, 0x15160302, 0x0915160A, 0x01000001, 0x0A161509,
0x02030837, 0x0F383536, 0x371BB3E0, 0x21F02102, 0xCF210150, 0x21602170, 0x21034F21, 0x01210437, 0xDF350135, 0x99B03301, 0x338630B2, 0x002A012A,
0x0224B200, 0x1E011E02, 0x15480210, 0x021009B1, 0x03080008, 0x003F3F3F, 0x39392F2F, 0xED3F5DED, 0x3F5DED3F, 0x5DED5D01, 0x10C6D65D, 0x5D5D5DED,
0x10D4C510, 0xC6121739, 0x2F2F2F2F, 0x2F2F2F2F, 0x11123910, 0xD65D5D5D, 0xED31302B, 0x2B5D2B2B, 0x5D2B2B5D, 0x2B2B5D2B, 0x2B5D2B2B, 0x5D2B2B5D,
0x2B2B5D2B, 0x2B2B2127, 0x2307233E, 0x0337331E, 0x0317030E, 0x0307332E, 0x03271406, 0x23222635, 0x34363332, 0x16171406, 0x23222635, 0x34363332,
0x16253315, 0x2301671D, 0xA51C8016, 0x2D2C2C15, 0x86162C2B, 0x2B14F20A, 0x110F0D06, 0x79060C0F, 0x11242217, 0x18212118, 0x1722A822, 0x17172222,
0x171722FE, 0xFEE8E87B, 0x7B5B9A89, 0x81444483, 0x8B995801, 0xCB233936, 0x37212137, 0x3639FE1A, 0x1F1F1A1A, 0x1E1E1A1A, 0x1F1F1A1A, 0x1E1E7E47,
0xFFFF002C, 0xFFF501B9, 0x02DC0226, 0x00440000, 0x010602A7, 0x0000001E, 0x40150403, 0x0207343B, 0x1C135004, 0x0F494F03, 0x0F3D4F02, 0x0F314F2B,
0x2B2B2B34, 0x34340000, 0x00040009, 0x000001EB, 0x033E000F, 0x001A0026, 0x002A00AB, 0xB90026FF, 0xE0B31B00, 0x4D26B8FF, 0xE0401B16, 0x18004C22,
0x201B004D, 0x22201618, 0x004C2020, 0x1B004D20, 0x20161800, 0x4C1CB8FF, 0xE0B31B00, 0x4D1CB8FF, 0xE0404116, 0x18004C10, 0x15160302, 0x0915160A,
0x01000001, 0x0A161509, 0x0203082B, 0x0F2C282A, 0x2B1BB321, 0x042BDF29, 0x01299927, 0x8624B2BF, 0x1E01001E, 0x011E0216, 0x48011001, 0x100109B1,
0x03080008, 0x003F3F3F, 0x39392F2F, 0x10ED3F5D, 0x5DED3FE5, 0x5D0110C6, 0xD6ED10D6, 0xC510C612, 0x17392F2F, 0x2F2F2F2F, 0x2F2F1112, 0x3931302B,
0x2B2B2B2B, 0x2B2B2B21, 0x27230723, 0x3E033733, 0x1E031703, 0x0E030733, 0x2E033714, 0x06232226, 0x35343633, 0x32162733, 0x15230167, 0x1DA51C80,
0x162D2C2C, 0x1586162C, 0x2B2B14F2, 0x0A110F0D, 0x0679060C, 0x0F113022, 0x17172222, 0x171722AD, 0xE8E87B7B, 0x5B9A8981, 0x4444838B, 0x995801CB,
0x23393637, 0x21213736, 0x39FE1A1E, 0x1E1A1A1F, 0x1F7E47FF, 0xFF002CFF, 0xF501B902, 0xDC022600, 0x44000001, 0x0602A800, 0x00001740, 0x10030207,
0x3B3C1C13, 0x50030F3D, 0x4F020F31, 0x4F2B2B2B, 0x343400FF, 0xFF000900, 0x0001EB03, 0x12022600, 0xA1000001, 0x07008A00, 0x47008B00, 0x10400B02,
0x49191A03, 0x11500208, 0x1B4F2B2B, 0x340000FF, 0xFF0017FF, 0xF501E802, 0x87022600, 0xC1000001, 0x06008A09, 0x00001040, 0x0B030550, 0x51250A50,
0x0300524F, 0x2B2B3400, 0x01001BFF, 0xF301DF02, 0x79002900, 0x7FB90026, 0xFFC0404D, 0x0B0C004C, 0x0E400B0C, 0x004C0D40, 0x0B0C004C, 0x13401011,
0x004C1140, 0x18004D10, 0x4018004D, 0x0E401011, 0x004C0F0D, 0x0C441215, 0x26FF1401, 0x142B0546, 0x1C2A120F, 0x730C150B, 0x0C19100C, 0x100C2119,
0x27004A21, 0x03084A19, 0x09003FED, 0x3FFDC611, 0x1239392F, 0x2F111239, 0x3210ED32, 0x0110D6ED, 0x10D65DC4, 0xD5C0FDC5, 0xC0313000, 0x2B2B2B2B,
0x012B2B2B, 0x01220E02, 0x15141633, 0x32363735, 0x23353335, 0x33153315, 0x23150606, 0x23222635, 0x343E0233, 0x321E0217, 0x07262601, 0x28273723,
0x0F3F3C08, 0x14084848, 0x7B2D2D14, 0x583D6D81, 0x27445D35, 0x22352719, 0x07211439, 0x020E2039, 0x4F306F69, 0x02025B5A, 0x42425AAE, 0x0814A2A1,
0x4F795229, 0x0B0E1004, 0x620E1600, 0x020021FF, 0x5801D901, 0xE0001F00, 0x2F008940, 0x15294016, 0x004D2840, 0x16004D28, 0x400B004D, 0x01400900,
0x4D0BB8FF, 0xC0403F11, 0x12004C29, 0x2A261451, 0x04030002, 0x01023120, 0x20302002, 0x20530A1A, 0x3001297D, 0x28022850, 0x23602302, 0x3F230123,
0x57172817, 0x2817074F, 0x2E012E57, 0x1D0B0B40, 0x0E010E57, 0x070F003F, 0xFD5DC63F, 0xED5D1239, 0x392F2F10, 0xED5D5D11, 0x3310ED32, 0x0110D6C4,
0xED5D10D6, 0x5DC5D6FD, 0xD0D0C531, 0x30002B01, 0x2B2B2B2B, 0x01331523, 0x15140623, 0x22262737, 0x16163332, 0x3E023535, 0x06062322, 0x26353436,
0x33321705, 0x14163332, 0x36373523, 0x35333526, 0x26232201, 0xA435356A, 0x772A4C23, 0x171A3D2C, 0x1E271609, 0x17281757, 0x5A7B694A, 0x55FEFA25,
0x28121F0C, 0x47470C11, 0x0B62012C, 0x50A3736E, 0x120C680B, 0x130F1A23, 0x14130A0A, 0x74677472, 0x19CD3A3D, 0x0A084750, 0x4B0302FF, 0xFF001BFF,
0xF301D003, 0x3E022600, 0x2A000001, 0x07015F00, 0x24008B00, 0x10400B01, 0x29242815, 0x2050011A, 0x294F2B2B, 0x340000FF, 0xFF0021FF, 0x5801B602,
0xB3022600, 0x4A000001, 0x06015F09, 0x00001040, 0x0B021828, 0x2C210C50, 0x02242D4F, 0x2B2B34FF, 0xFF002D00, 0x0001E903, 0x3E022600, 0x2E000001,
0x07015F00, 0x00008B00, 0x13B90001, 0xFFF04009, 0x1B1F071A, 0x50010820, 0x4F2B2B34, 0x00000000, 0x02003700, 0x0001E703, 0x3D001A00, 0x20005C40,
0x34050611, 0x1022201C, 0x210B0016, 0x5118210F, 0x1F011F86, 0x1B1E0F1D, 0x011D864F, 0x00010040, 0x13174800, 0x160B160B, 0x0003171A, 0x03190217,
0x06110605, 0x0A003F3F, 0x3F3F3F12, 0x17393D2F, 0x182F2F2B, 0x5D3F5DDD, 0xC53F5D01, 0x10D6FDD0, 0xC510D6C5, 0x10D6C5D6, 0xC5313013, 0x3E033733,
0x0E03071E, 0x0317232E, 0x03271523, 0x11373527, 0x37173717, 0xBB122523, 0x200C9412, 0x2E313114, 0x193A382F, 0x0E8D0C27, 0x2C2D137C, 0x7C84265E,
0x5C26011C, 0x152F322F, 0x15173638, 0x34161843, 0x48481C19, 0x3F3D3712, 0xDE026515, 0x2B603836, 0x36380002, 0x001BFF56, 0x01D90279, 0x00200034,
0x00394021, 0x2B464012, 0x60128012, 0x90120412, 0x36061A00, 0x3621460C, 0x35304A0F, 0x03264A09, 0x091D0003, 0x92003FC5, 0xC53FED3F, 0xED0110D6,
0xED10D6DC, 0xC510D65D, 0xED313005, 0x06062322, 0x26353436, 0x37262635, 0x34363332, 0x1615140E, 0x02070606, 0x15141633, 0x32363703, 0x141E0233,
0x323E0235, 0x342E0223, 0x220E0201, 0x5A0E331C, 0x302A1B17, 0x5B5F7669, 0x6D721F31, 0x3D1D0A1A, 0x0B100816, 0x0FBB0715, 0x26201F27, 0x15070715,
0x26202026, 0x15079C05, 0x09251B17, 0x33150EA1, 0x92A0A3A3, 0xA05B6C44, 0x2C19081E, 0x110A0E02, 0x0501982D, 0x4F3A2222, 0x3B4E2D2D, 0x4F3A2222,
0x3B4E0002, 0x001DFF56, 0x01D801E2, 0x00260032, 0x003F4026, 0x2D530022, 0x20224022, 0x60228022, 0x05223410, 0x030A3427, 0x53801801, 0x18333057,
0x1D0B2A57, 0x13070906, 0x0D92003F, 0xD5C63FED, 0x3FED0110, 0xD65DED10, 0xD6DCC510, 0xD65DED31, 0x30050606, 0x15141633, 0x32363717, 0x06062322,
0x26353436, 0x372E0335, 0x343E0233, 0x321E0215, 0x140E0227, 0x14163332, 0x36353426, 0x23220601, 0x3D0A1A0B, 0x1008160F, 0x070E331C, 0x302A1B17,
0x2D49341C, 0x213B5230, 0x31513B20, 0x1A2C37C1, 0x2D323031, 0x2D323031, 0x1A091D11, 0x0A0E0205, 0x3A050925, 0x1B173315, 0x04274156, 0x35375B41,
0x2323415B, 0x37384B39, 0x2EE93F4E, 0x4E3F3F4D, 0x4DFFFF00, 0x1BFF5601, 0xD9031202, 0x26024200, 0x00010700, 0x8A000000, 0x8B001040, 0x0B020235,
0x360B1150, 0x020E374F, 0x2B2B3400, 0x00FFFF00, 0x1DFF5601, 0xD8028702, 0x26008A00, 0x00010602, 0x43000000, 0x0FB10201, 0xB8FFFFB4, 0x1B250001,
0x502B3434, 0x00FFFF00, 0x1AFFF301, 0xE1033E02, 0x26020F00, 0x00010701, 0x5F000000, 0x8B0013B9, 0x0001FFFE, 0x4009272B, 0x1B125001, 0x072C4F2B,
0x2B340000, 0x00FFFF00, 0x1FFF5B01, 0xBA02B302, 0x2602A300, 0x00010601, 0x5F000000, 0x10400B01, 0x0E262A1B, 0x12500107, 0x2B4F2B2B, 0x34FFFF00,
0x31FF5601, 0x9002B302, 0x26015D00, 0x00010601, 0x5F000000, 0x10400B01, 0x1A141808, 0x00500112, 0x194F2B2B, 0x34000300, 0x12FFFA01, 0xEB027200,
0x10002200, 0x2F006040, 0x3B212231, 0x161F1A1F, 0x1A1F3031, 0x00282028, 0x0228A419, 0x20006000, 0x70000300, 0x17312F40, 0x171B482F, 0x400D1048,
0x2FA40930, 0x20A52102, 0x16A51908, 0x2FA50C03, 0x25A50509, 0x003FED3F, 0xED3FED3F, 0xED0110D6, 0xED2B2B10, 0xC6D45DC6, 0xED711112, 0x39392F2F,
0x123910D6, 0xC5313001, 0x140E0223, 0x22262711, 0x36363332, 0x1E02370E, 0x03073315, 0x23353E03, 0x37233533, 0x01163332, 0x3635342E, 0x02232207,
0x011B1A2D, 0x3E251335, 0x17192D15, 0x2A402D17, 0xD00C1E1E, 0x1E0C72CB, 0x121C1919, 0x105EB9FE, 0x7E05062F, 0x1F07111E, 0x17080401, 0x365E7A48,
0x1C030702, 0x6305061F, 0x49798C2A, 0x6E787A36, 0x5D4C4871, 0x66663D5D, 0xFDED0174, 0x6B435835, 0x16010003, 0x0012FFFA, 0x01EB0272, 0x00100022,
0x002F007E, 0x401E201A, 0x301A901A, 0x031A1731, 0x161F161F, 0x30313020, 0x40209020, 0x03212001, 0x20113128, 0xB8FFC040, 0x33171B48, 0x9F280128,
0xA4000001, 0x20006000, 0x70009000, 0xA000B000, 0x0600312F, 0x400D1048, 0x2FA40930, 0x1FA5220A, 0x16A51906, 0x2FA50C03, 0x25A50509, 0x003FED3F,
0xED3FED3F, 0xED0110D6, 0xED2B10D4, 0x5D71ED5D, 0x2B10D6C5, 0x5D5D1112, 0x39392F2F, 0x10D6C55D, 0x31300114, 0x0E022322, 0x26271136, 0x3633321E,
0x02170E03, 0x07331523, 0x353E0337, 0x23353301, 0x16333236, 0x35342E02, 0x23220701, 0x1B1A2D3E, 0x25133517, 0x192D152A, 0x402D17D0, 0x0C1B1B1A,
0x0B67C20F, 0x1917170E, 0x5BB9FE7E, 0x05062F1F, 0x07111E17, 0x08040136, 0x5E7A481C, 0x03070263, 0x05061F49, 0x790D1D48, 0x4E50245D, 0x47305048,
0x45255DFE, 0x8201746B, 0x43583516, 0x01000300, 0x09FFF301, 0xEB02B500, 0x0F002100, 0x30006C40, 0x450D2EA4, 0x00201930, 0x19021932, 0x151E151E,
0x31173220, 0x20302040, 0x209020E0, 0x20052010, 0x32302701, 0x9027014F, 0x275F276F, 0x27032785, 0x06311EA5, 0x210A15A5, 0x18060F10, 0x0E9822A5,
0x0B0B2CA5, 0x0307003F, 0xED3FED3F, 0x3F3FED3F, 0xED0110D6, 0xED5D5D71, 0x10D6C55D, 0x10C61139, 0x392F2F10, 0xD45DD6FD, 0xC0313025, 0x06062322,
0x2635343E, 0x02333217, 0x3537130E, 0x03073315, 0x23353E03, 0x37233533, 0x05220E02, 0x15141E02, 0x33323711, 0x2601081F, 0x331A4A49, 0x0E1C2B1D,
0x191D57E3, 0x0C1B1B1A, 0x0B67C20F, 0x1917170E, 0x5BB9FEA2, 0x0E110904, 0x030B1714, 0x0C0B160E, 0x0E0D8674, 0x345A4025, 0x11D313FE, 0xCF1D484E,
0x50245D47, 0x30504845, 0x255D5320, 0x313E1E1A, 0x30261605, 0x011B13FF, 0xFF001BFF, 0xF301D003, 0x3E022600, 0x2A000001, 0x07008F00, 0x09008B00,
0x10400B01, 0x19262415, 0x2050011A, 0x254F2B2B, 0x340000FF, 0xFF0021FF, 0x5801B602, 0xB3022600, 0x4A000001, 0x06008F00, 0x00001040, 0x0B021A2A,
0x28210C50, 0x0224294F, 0x2B2B3400, 0x01001EFF, 0xF301DF02, 0x6B002100, 0x73401B2F, 0x1A3F1A02, 0x1A40151A, 0x481A52C0, 0x1DD01DE0, 0x1D031D23,
0xC010D010, 0x0210B8FF, 0xC040140B, 0x0E481052, 0x9F0D010D, 0x9F060106, 0x070C5290, 0x0A010AB8, 0xFFC04016, 0x1518480A, 0x221B0A0F, 0x020C070C,
0x07080B02, 0x080815A5, 0x0007003F, 0xED3F3F12, 0x39392F2F, 0x3F3F0110, 0xD62B5DFD, 0xD0D65DC0, 0x5DED2B5D, 0x10D65DED, 0x2B5D3130, 0x05222E02,
0x35352311, 0x23113315, 0x33353311, 0x141E0233, 0x323E0235, 0x35331514, 0x0E020154, 0x2D341B07, 0x52616152, 0x60020810, 0x0E0E0F07, 0x0161091D,
0x370D213E, 0x583631FE, 0xEF026BF4, 0xF4FE7D2D, 0x3C240F0F, 0x253C2DF4, 0xFD36583E, 0x21000200, 0x36FF5B01, 0xDB027200, 0x0D001900, 0x3A402413,
0x53000860, 0x08800890, 0x08A00805, 0x081B0D19, 0x44200230, 0x0202021A, 0x0D480E0E, 0x00164A05, 0x03008600, 0x3F3FED12, 0x3910ED01, 0x10D65DFD,
0xC010D65D, 0xED313017, 0x23113636, 0x33321615, 0x140E0207, 0x353E0335, 0x34262322, 0x0607B17B, 0x23603979, 0x702B4E6E, 0x43263F2E, 0x1A393216,
0x210BA502, 0xF50E1475, 0x734A7960, 0x4B1C7415, 0x3041573C, 0x37430603, 0xFFFF002E, 0x000001C6, 0x033E0226, 0x00310000, 0x01070043, 0xFFEF008B,
0x0013B900, 0x01FFFB40, 0x09131105, 0x0E500106, 0x124F2B2B, 0x34000000, 0xFFFF003F, 0x000001B9, 0x02B30226, 0x00510000, 0x01060043, 0xDD000013,
0xB90001FF, 0xE7400917, 0x15000750, 0x0102164F, 0x2B2B3400, 0x00040009, 0x000001EB, 0x033E001C, 0x00270033, 0x003700A3, 0xB90025FF, 0xE040110C,
0x004D2020, 0x0C004D40, 0x31012B40, 0x1A004D1D, 0xB8FFC040, 0x4C0E004D, 0x28827F15, 0x01601501, 0x1F152F15, 0x3F150315, 0x39090203, 0x03382200,
0x01170323, 0x3922231D, 0x231D2203, 0x381C3934, 0x36382E82, 0x0B04382B, 0x80102348, 0x013F1001, 0x10311D01, 0x011D3110, 0x04003537, 0x86030800,
0x08003F3F, 0x3FC51217, 0x392F2F2F, 0x2F5D10ED, 0x10ED0110, 0xC6D6ED10, 0xD6C510C6, 0x1217393D, 0x2F182F2F, 0x11121739, 0x11121739, 0x10D65D5D,
0x5DED3130, 0x002B2B5D, 0x012B2B21, 0x27230723, 0x3E033726, 0x35343E02, 0x33321E02, 0x1514071E, 0x0317030E, 0x0307332E, 0x03373426, 0x23220615,
0x14163332, 0x36370727, 0x3701671D, 0xA51C8018, 0x2B282614, 0x0F0F1921, 0x1112201A, 0x0F0C1526, 0x272A17F2, 0x0A100E0D, 0x0879080D, 0x0D101915,
0x0E0D1616, 0x0D0E1536, 0x98189185, 0x85569385, 0x7E401321, 0x1521170B, 0x0B172115, 0x1B154180, 0x88935401, 0xD5233936, 0x37212137, 0x3639AE12,
0x12121213, 0x1212B039, 0x2F4BFFFF, 0x002CFFF5, 0x01B9033E, 0x02260044, 0x00000106, 0x02A60000, 0x000F4009, 0x04030209, 0x3C331C13, 0x502B3434,
0x3400FFFF, 0x00090000, 0x01EB033E, 0x022600A1, 0x00000107, 0x008F0047, 0x008B0010, 0x400B0252, 0x1B190311, 0x5002081A, 0x4F2B2B34, 0x0000FFFF,
0x0017FFF5, 0x01E802B3, 0x022600C1, 0x00000106, 0x008F1400, 0x0010400B, 0x031A5250, 0x250A5003, 0x00514F2B, 0x2B34FFFF, 0x001BFFD8, 0x01D9033E,
0x022600B3, 0x00000107, 0x008F0000, 0x008B000A, 0xB6030B2B, 0x29000950, 0x2B34FFFF, 0x001DFFDA, 0x01D802B3, 0x0226008F, 0x00000106, 0x00D30000,
0x0011B203, 0x0201B8FF, 0xF5B41104, 0x0200502B, 0x34343400, 0x0000FFFF, 0x00090000, 0x01EB033D, 0x02260024, 0x00000107, 0x02A5FFED, 0x008B001A,
0xB10302B8, 0xFFF0400D, 0x1E18040B, 0x5003071D, 0x4F020719, 0x4F2B2B2B, 0x3434FFFF, 0x002CFFF5, 0x01B902B2, 0x02260044, 0x00000106, 0x02A5F700,
0x00174010, 0x03020136, 0x301C1350, 0x030F354F, 0x020F314F, 0x2B2B2B34, 0x3400FFFF, 0x00090000, 0x01EB032E, 0x02260024, 0x00000107, 0x02A40000,
0x008B0010, 0x400B0200, 0x251B040B, 0x5002071D, 0x4F2B2B34, 0x0000FFFF, 0x002CFFF5, 0x01B902A3, 0x02260044, 0x00000106, 0x02A40000, 0x0010400B,
0x02073D33, 0x1C135002, 0x0F354F2B, 0x2B34FFFF, 0x003C0000, 0x01CC033D, 0x02260028, 0x00000107, 0x02A5FFED, 0x008B001A, 0xB10201B8, 0xFFE4400D,
0x130D000A, 0x50020112, 0x4F01010E, 0x4F2B2B2B, 0x3434FFFF, 0x001FFFF5, 0x01D102B2, 0x02260048, 0x00000106, 0x02A5F700, 0x001AB103, 0x02B8FFFC,
0x400D2D27, 0x00075003, 0x042C4F02, 0x04284F2B, 0x2B2B3434, 0x0000FFFF, 0x003F0000, 0x01CC032E, 0x02260028, 0x00000107, 0x02A40009, 0x008B0013,
0xB90001FF, 0xFE40091A, 0x10000A50, 0x0101124F, 0x2B2B3400, 0x0000FFFF, 0x001FFFF5, 0x01D102A3, 0x02260048, 0x00000106, 0x02A40000, 0x0010400B,
0x0202342A, 0x00075002, 0x042C4F2B, 0x2B34FFFF, 0x00360000, 0x01BF033D, 0x0226002C, 0x00000107, 0x02A5FFED, 0x008B001A, 0xB10201B8, 0xFFEF400D,
0x130D0006, 0x50020512, 0x4F01050E, 0x4F2B2B2B, 0x3434FFFF, 0x0024FFF5, 0x01D302B2, 0x0226010C, 0x00000106, 0x02A5D900, 0x001AB102, 0x01B8FFDA,
0x400D1B15, 0x0A005002, 0x0B1A4F01, 0x0B164F2B, 0x2B2B3434, 0x0000FFFF, 0x00360000, 0x01BF032E, 0x0226002C, 0x00000107, 0x02A40000, 0x008B0010,
0x400B0100, 0x1A100006, 0x50010512, 0x4F2B2B34, 0x0000FFFF, 0x0024FFF5, 0x01D302A3, 0x0226010C, 0x00000106, 0x02A4DD00, 0x0013B900, 0x01FFDC40,
0x0922180A, 0x0050010B, 0x1A4F2B2B, 0x3400FFFF, 0x001BFFF3, 0x01D9033D, 0x02260032, 0x00000107, 0x02A5FFEF, 0x008B001A, 0xB10302B8, 0xFFF2400D,
0x27211419, 0x50031626, 0x4F021622, 0x4F2B2B2B, 0x3434FFFF, 0x001DFFF3, 0x01D802B2, 0x02260052, 0x00000106, 0x02A5EF00, 0x001AB103, 0x02B8FFF1,
0x400D2721, 0x09005003, 0x0E264F02, 0x0E224F2B, 0x2B2B3434, 0x0000FFFF, 0x001BFFF3, 0x01D9032E, 0x02260032, 0x00000107, 0x02A40000, 0x008B0010,
0x400B0200, 0x2E241419, 0x50021626, 0x4F2B2B34, 0x0000FFFF, 0x001DFFF3, 0x01D802A3, 0x02260052, 0x00000106, 0x02A40000, 0x0010400B, 0x02002E24,
0x09005002, 0x0E264F2B, 0x2B34FFFF, 0x002C0000, 0x01E9033D, 0x02260035, 0x00000107, 0x02A5FFDD, 0x008B001A, 0xB10302B8, 0xFFCA400D, 0x2C26140D,
0x5003002B, 0x4F020027, 0x4F2B2B2B, 0x3434FFFF, 0x004F0000, 0x01CB02B2, 0x02260055, 0x00000106, 0x02A50000, 0x001AB102, 0x01B8FFEB, 0x400D1B15,
0x0A135002, 0x0D1A4F01, 0x0D164F2B, 0x2B2B3434, 0x0000FFFF, 0x00360000, 0x01E9032E, 0x02260035, 0x00000107, 0x02A4FFEF, 0x008B0013, 0xB90002FF,
0xDA400933, 0x29140D50, 0x02002B4F, 0x2B2B3400, 0x0000FFFF, 0x00590000, 0x01CB02A3, 0x02260055, 0x00000106, 0x02A41B00, 0x0010400B, 0x01032218,
0x0A135001, 0x0D1A4F2B, 0x2B34FFFF, 0x0027FFF3, 0x01CD033D, 0x02260038, 0x00000107, 0x02A5FFEF, 0x008B001A, 0xB10201B8, 0xFFF2400D, 0x211B0414,
0x50020620, 0x4F01061C, 0x4F2B2B2B, 0x3434FFFF, 0x003BFFF5, 0x01B602B2, 0x02260058, 0x00000106, 0x02A5EF00, 0x001AB102, 0x01B8FFF3, 0x400D1A14,
0x07005002, 0x09194F01, 0x09154F2B, 0x2B2B3434, 0x0000FFFF, 0x0027FFF3, 0x01CD032E, 0x02260038, 0x00000107, 0x02A40000, 0x008B0010, 0x400B0100,
0x281E0414, 0x50010620, 0x4F2B2B34, 0x0000FFFF, 0x003BFFF5, 0x01B602A3, 0x02260058, 0x00000106, 0x02A40000, 0x0010400B, 0x01012117, 0x07005001,
0x09194F2B, 0x2B340001, 0x0022FF5A, 0x01D00279, 0x00300057, 0xB90023FF, 0xC0402E0B, 0x0C004C22, 0x400D004D, 0x0A222510, 0x631F0563, 0x40250125,
0x322D1731, 0x0A654009, 0x01092209, 0x222A1A2E, 0x00672A12, 0x1613671A, 0x05003FFD, 0xC63FFDC6, 0x11123939, 0x3D2F182F, 0x5DED0110, 0xC6C610D6,
0x5DEDD4ED, 0x10D5C531, 0x302B2B17, 0x323E0235, 0x34262323, 0x3533323E, 0x02353426, 0x23220607, 0x27363633, 0x321E0215, 0x14060716, 0x1615140E,
0x02232226, 0x27371616, 0x7730523D, 0x225A4C3A, 0x2E203829, 0x18422E23, 0x451B2A26, 0x54343154, 0x3E242E2E, 0x3C393B63, 0x82480B25, 0x1509112F,
0x3B112437, 0x2744396B, 0x0B19281D, 0x31340F0E, 0x61131417, 0x324C362E, 0x501C1C62, 0x3849643D, 0x1A01036B, 0x02020001, 0x004BFF5A, 0x01BD01E2,
0x00260053, 0xB5094013, 0x004D1CB8, 0xFFC0B30D, 0x004D1BB8, 0xFFC0401F, 0x0D004D1B, 0x081E6305, 0x16630B28, 0x2411271B, 0x651A0808, 0x1A001167,
0x10922321, 0x67000B00, 0x3FFDC63F, 0xED123939, 0x3D2F182F, 0xED0110D6, 0xC610D6ED, 0xD4EDD5C5, 0x3130002B, 0x2B012B13, 0x321E0215, 0x14060716,
0x1615140E, 0x0207273E, 0x03353426, 0x23233532, 0x36353426, 0x23220727, 0x3636D72E, 0x4D392029, 0x30333838, 0x62844C08, 0x2D554429, 0x46331743,
0x3E25263F, 0x341B1645, 0x01E21227, 0x3C2A2342, 0x1A124C33, 0x3C523317, 0x0167020B, 0x192C222C, 0x24632B26, 0x1A271564, 0x0811FFFF, 0x002D0000,
0x01C7033E, 0x0226002B, 0x00000107, 0x015F0000, 0x008B0010, 0x400B0101, 0x0C100600, 0x50010011, 0x4F2B2B34, 0x00000002, 0x00370000, 0x01B9033D,
0x0015001B, 0x0048402B, 0xA00EB00E, 0x020E5180, 0x0B010B1D, 0x1B171C14, 0x03512001, 0x30010201, 0x1C1A8616, 0x19188615, 0x060D0611, 0x57060B02,
0x03010200, 0x3F3F3FED, 0x3F3F3FD5, 0xCD3F0110, 0xD65DFDC0, 0x10D6C510, 0xD65DED5D, 0x31303311, 0x37153636, 0x33321E02, 0x15112335, 0x34262322,
0x06071113, 0x27371737, 0x173F7B0F, 0x2A103446, 0x2A127B1E, 0x2A11210A, 0x0184265E, 0x5C260265, 0x15A80509, 0x1F394F30, 0xFEF7F942, 0x3A0803FE,
0x9602A560, 0x38363638, 0x0001002D, 0xFF5B01C7, 0x02790014, 0x002C401A, 0x0B510008, 0x10080208, 0x16125120, 0x14301402, 0x14151308, 0x09921057,
0x0303003F, 0xED3F3F01, 0x10D65DED, 0x10D65DED, 0x31301336, 0x3633321E, 0x02151123, 0x11342E02, 0x23220711, 0x232D2569, 0x3E3D502F, 0x127B0714,
0x241C2128, 0x7B025D0B, 0x11233C53, 0x30FDC402, 0x37212F1E, 0x0E06FDF8, 0x00030011, 0xFF5B0208, 0x02B60021, 0x0032003E, 0x0052402F, 0x33397C07,
0x401F2F52, 0x00403027, 0x01276419, 0x3F0F113F, 0x21102098, 0x30220122, 0x571C0B3F, 0x2C012C57, 0x12140902, 0x7D3C367D, 0x100C9200, 0x3FC4FDD6,
0xED3FC5ED, 0x5D3FED5D, 0x3F3F0110, 0xD6C510D6, 0xED5D10D5, 0xFDC010D5, 0xFDC63130, 0x25363332, 0x1E021514, 0x0E022322, 0x26270727, 0x37062322,
0x2E023534, 0x36333216, 0x17353703, 0x220E0215, 0x141E0233, 0x32363711, 0x26261314, 0x16333236, 0x35342623, 0x22070170, 0x16101D2B, 0x1C0E1421,
0x2B16273E, 0x0D533B64, 0x271E273B, 0x2915504D, 0x142F1669, 0xAD121B13, 0x09071526, 0x1F09160D, 0x12249F17, 0x0E131111, 0x130D1876, 0x05182732,
0x1A253825, 0x132F3359, 0x386F0E23, 0x3F563373, 0x850A0BD8, 0x13FEC518, 0x28331B21, 0x37271501, 0x03010B08, 0x0BFE7223, 0x1C221E1C, 0x220D0002,
0x001BFFF3, 0x01D9026B, 0x002D0041, 0x005AB900, 0x20FFC040, 0x350F004D, 0x3853602B, 0x012B432F, 0x1A3F1A02, 0x1A536023, 0x01232843, 0x20143014,
0x0214530B, 0x422E5303, 0x06421F02, 0x0F022F17, 0x3F170217, 0x4A3D334A, 0x0009003F, 0xFDD6ED5D, 0x3F3F0110, 0xC4D6ED10, 0xD4ED5D10, 0xC4D45DED,
0x5D10D65D, 0xED31302B, 0x17222635, 0x3436372E, 0x03353436, 0x37330E03, 0x15141633, 0x32363534, 0x2E022733, 0x16161514, 0x0E020716, 0x16151406,
0x27141E02, 0x33323E02, 0x35342E02, 0x23220E02, 0xFA68773B, 0x2F161A0E, 0x04070B75, 0x05050301, 0x1D21211D, 0x01030604, 0x75090904, 0x0E1A162F,
0x3B77CA11, 0x1B241212, 0x241B1111, 0x1B241212, 0x241B110D, 0x635D404C, 0x180D2125, 0x2511293D, 0x2516211E, 0x1C122C38, 0x382C121C, 0x1E211625,
0x3D291125, 0x25210D18, 0x4C405D63, 0xC9172318, 0x0C0C1823, 0x17182317, 0x0C0C1823, 0x0002001B, 0xFFF301D8, 0x02B50028, 0x0034007D, 0xB9001DFF,
0xC0B30D00, 0x4D1DB8FF, 0xE0404D0C, 0x004D0D40, 0x0C004D0D, 0x200B004D, 0x2C460010, 0x40106010, 0x80100410, 0x362F033F, 0x034F0303, 0x0346400A,
0x600A800A, 0x030A0D36, 0x20263026, 0x40260326, 0x46203532, 0x461A1D35, 0x23102F00, 0x3F000200, 0x4A2F294A, 0x15090610, 0x003F3FFD, 0xD6ED5D3F,
0x0110C4D6, 0xED10D6ED, 0x5D10C4D6, 0x5DED5D10, 0xD65DED31, 0x302B2B2B, 0x2B133236, 0x35342627, 0x33161615, 0x14060716, 0x1615140E, 0x0223222E,
0x02353436, 0x37262635, 0x34373306, 0x06151416, 0x13323635, 0x34262322, 0x06151416, 0xF91F2203, 0x067D0708, 0x232E3834, 0x203A5233, 0x33523A1F,
0x33382E22, 0x0F7D0604, 0x221F2D33, 0x38282837, 0x3201B536, 0x361A502A, 0x23492639, 0x48191B68, 0x39315139, 0x1F213A50, 0x2F39681B, 0x1948394B,
0x472A501A, 0x3636FEA9, 0x3F36393F, 0x3F39363F, 0x0001002E, 0xFF5901C6, 0x026B0020, 0x005CB900, 0x19FFE0B3, 0x15004D19, 0xB8FFE040, 0x2F111200,
0x4C0F1600, 0x07100702, 0x0722001E, 0x101E0218, 0x1E051D00, 0x001D051E, 0x18052217, 0x2120021E, 0x481F0205, 0x48170813, 0xA50F0C92, 0x003FC5ED,
0x3FED3FED, 0x3F0110C6, 0x1217392F, 0x2F2F2F2F, 0x5D10D65D, 0xD5CC3130, 0x2B2B010E, 0x03072115, 0x140E0223, 0x22262737, 0x16163332, 0x35352135,
0x3E033723, 0x352101BD, 0x2B483E37, 0x19010A0E, 0x233B2C0D, 0x2B16120E, 0x1A1233FE, 0xCF16323E, 0x492CEE01, 0x82021542, 0x7469612F, 0x572F442D,
0x16040856, 0x05023A12, 0x472B5F6C, 0x7E4A6600, 0x010043FF, 0x5B01B401, 0xD6001E00, 0x4EB90017, 0xFFE0B310, 0x004D17B8, 0xFFC04022, 0x0D004D0C,
0x13072005, 0x1B051B1F, 0x00201C16, 0x1F1E0A1B, 0x551D0A15, 0x06055514, 0x0610A50C, 0x0992003F, 0xC5ED3FED, 0x3F3FED3F, 0x0110C6C6, 0x10C61239,
0x392F2F10, 0xD6D5CC31, 0x302B2B01, 0x0E030733, 0x15142322, 0x26273716, 0x16333236, 0x35352135, 0x3E033723, 0x352101AA, 0x0E343D3D, 0x18DE8E0B,
0x2F15110D, 0x1510171D, 0xFEF51736, 0x363415C2, 0x015D017C, 0x103F4E55, 0x247A9104, 0x07570502, 0x14181E4B, 0x26504D46, 0x1C66FFFF, 0x00090000,
0x01EB032E, 0x02260024, 0x00000107, 0x01620000, 0x008B0010, 0x400B0200, 0x191F040B, 0x50020717, 0x4F2B2B34, 0x0000FFFF, 0x002CFFF5, 0x01B902A3,
0x02260044, 0x00000106, 0x01620000, 0x0010400B, 0x02073137, 0x1C135002, 0x0F2F4F2B, 0x2B340001, 0x003FFF56, 0x01CC026B, 0x00240069, 0x40431A40,
0x090B004C, 0x4F1E5F1E, 0x021E0022, 0x10220222, 0x3F1A0100, 0x1A101A02, 0x1A261B1C, 0x1F440017, 0x10170217, 0x25031010, 0x0A010A25, 0x22081D48,
0x401E011E, 0x1E171A48, 0x19022048, 0x17080E08, 0x92003FC5, 0x3FED3FED, 0x12392F5D, 0xED3F0110, 0xD65DDCC5, 0x10D65DFD, 0xD0C010C6, 0x5D5DD65D,
0xC45D3130, 0x2B051616, 0x15140E02, 0x23222737, 0x16163332, 0x35342727, 0x36363723, 0x11211523, 0x15331523, 0x15211523, 0x06012B21, 0x1A15212C,
0x162D230D, 0x06221029, 0x24140309, 0x05A60177, 0xFCDBDB01, 0x12970518, 0x0A271217, 0x1E12080B, 0x3F020719, 0x130C060B, 0x1709026B, 0x668B66AE,
0x66080002, 0x001FFF56, 0x01D101E2, 0x002F003A, 0x004F402D, 0x30532024, 0x40240224, 0x2C3C253A, 0x53701901, 0x193B0310, 0x0A3B2F07, 0x3A732525,
0x1635571E, 0x0B2B4028, 0x01285716, 0x070E0A08, 0x92003FC5, 0xC53FFD5D, 0xC63FED12, 0x392FED3F, 0x0110D6DC, 0xC510D65D, 0xFDC010C6, 0xD65DED31,
0x30051616, 0x15140E02, 0x23222737, 0x16163332, 0x35342727, 0x36363726, 0x2635343E, 0x02333216, 0x15140607, 0x21141633, 0x32363717, 0x06060713,
0x342E0223, 0x220E0207, 0x012C211A, 0x15212C16, 0x2D230D06, 0x22102924, 0x14030705, 0x5D68263E, 0x502A686C, 0x0101FECF, 0x4C3C2543, 0x17111D42,
0x26290A16, 0x22191823, 0x170D0218, 0x0A271217, 0x1E12080B, 0x3F020719, 0x130C060A, 0x14080E77, 0x673E5E3F, 0x207B760C, 0x1A082E35, 0x1008690B,
0x0D020123, 0x13231C11, 0x101C2413, 0x0005001B, 0xFFF301D9, 0x033E0013, 0x001F002B, 0x0037003B, 0x0124B900, 0x37FFE0B3, 0x1B004D37, 0xB8FFE040,
0x1B161900, 0x4C33201B, 0x004D3320, 0x1619004C, 0x31201B00, 0x4D312016, 0x19004C2D, 0xB8FFE0B3, 0x1B004D2D, 0xB8FFE0B4, 0x1619004C, 0x2BB8FFE0,
0xB31B004D, 0x2BB8FFE0, 0x401B1619, 0x004C2720, 0x1B004D27, 0x20161900, 0x4C25201B, 0x004D2520, 0x1619004C, 0x21B8FFE0, 0xB31B004D, 0x21B8FFE0,
0xB319004D, 0x21B8FFE8, 0xB318004D, 0x21B8FFE0, 0x40671617, 0x004C32B3, 0x5F2C6F2C, 0x7F2CEF2C, 0xFF2C0540, 0x2C012C3D, 0x0A46001A, 0x601A801A,
0x031A3D6F, 0x3A013A38, 0x3CF52001, 0x20B35026, 0x6026024F, 0x2601263C, 0x0046143C, 0xDF3A013A, 0x99398635, 0xB2A02F01, 0x9F2FBF2F, 0x02002F01,
0x2F0229B2, 0xA023019F, 0x23BF2302, 0x00230123, 0x02054A1D, 0x090F4A17, 0xB4003FED, 0x3FED3F5D, 0x5D72ED3F, 0x5D5D72ED, 0x3FED5D01, 0x10D6ED10,
0xD45D5DED, 0x5D10D4C5, 0x5D10D65D, 0xED10D45D, 0x5DED3130, 0x2B2B2B2B, 0x2B2B2B2B, 0x2B2B2B2B, 0x2B2B2B2B, 0x2B2B1314, 0x1E023332, 0x3E023534,
0x2E022322, 0x0E020734, 0x36333216, 0x15140623, 0x22261314, 0x06232226, 0x35343633, 0x32161714, 0x06232226, 0x35343633, 0x32162533, 0x15239807,
0x1526201F, 0x27150707, 0x15262020, 0x2615077D, 0x76696D72, 0x746A6D73, 0xC4221718, 0x21211817, 0x22A82217, 0x17222217, 0x1722FEFE, 0xE8E80122,
0x2948351E, 0x1F354729, 0x2948351E, 0x1F354729, 0x98979798, 0x98979702, 0x1C1A1F1F, 0x1A1A1E1E, 0x1A1A1F1F, 0x1A1A1E1E, 0x7E47FFFF, 0x001DFFF3,
0x01D802DC, 0x02260052, 0x00000106, 0x02A70000, 0x001E4015, 0x04030200, 0x252C0900, 0x50040E3A, 0x4F030E2E, 0x4F020E22, 0x4F2B2B2B, 0x2B343434,
0x00000004, 0x001BFFF3, 0x01D9033E, 0x0013001F, 0x003B003F, 0x00A7B538, 0x600D004D, 0x31B8FFC0, 0xB30D004D, 0x2EB8FFE0, 0x40261400, 0x4D2A200F,
0x14004C2A, 0x400E004D, 0x29201400, 0x4D29400F, 0x004D2820, 0x1516004C, 0x0A46001A, 0x401A021A, 0xB8FFC040, 0x3A0F1248, 0x1A413E3C, 0x40202E40,
0x00461440, 0x2F3E013E, 0x40161948, 0x3E990F3D, 0x013D8638, 0x332E0F2D, 0x01BF2D01, 0x2D033B0F, 0x2501BF25, 0x01250305, 0x4A1D090F, 0x4A17B400,
0x3FED3FED, 0x3F5D71C5, 0x3F5D71C5, 0xD5CC3F5D, 0xED2B7101, 0x10D6ED10, 0xD4C510D4, 0xC510D62B, 0x5DED3130, 0x002B2B2B, 0x2B2B2B2B, 0x2B13141E,
0x0233323E, 0x0235342E, 0x0223220E, 0x02073436, 0x33321615, 0x14062322, 0x26010E03, 0x23222E02, 0x23220607, 0x273E0333, 0x321E0233, 0x32363727,
0x33152398, 0x07152620, 0x1F271507, 0x07152620, 0x20261507, 0x7D76696D, 0x72746A6D, 0x73016A05, 0x10161E12, 0x0D181718, 0x0C101208, 0x31041018,
0x1E120D18, 0x16170D10, 0x1308CFE8, 0xE8012229, 0x48351E1F, 0x35472929, 0x48351E1F, 0x35472998, 0x97979898, 0x9797023A, 0x0C1B1710, 0x080A0813,
0x0E270C1A, 0x140D080B, 0x08130E5B, 0x47FFFF00, 0x1DFFF301, 0xD802DC02, 0x26005200, 0x00010602, 0xAC000000, 0x17401003, 0x02002E20, 0x09005003,
0x0E3E4F02, 0x0E2D4F2B, 0x2B2B3434, 0x00FFFF00, 0x1BFFF301, 0xD9032E02, 0x26003200, 0x00010701, 0x62000000, 0x8B001040, 0x0B020022, 0x28141950,
0x0216204F, 0x2B2B3400, 0x00FFFF00, 0x1DFFF301, 0xD802A302, 0x26005200, 0x00010601, 0x62000000, 0x10400B02, 0x00222809, 0x0050020E, 0x204F2B2B,
0x34000400, 0x1BFFF301, 0xD9033E00, 0x13001F00, 0x2B002F00, 0x98B9002B, 0xFFE0B31B, 0x004D2BB8, 0xFFE0401B, 0x1619004C, 0x27201B00, 0x4D272016,
0x19004C25, 0x201B004D, 0x25201619, 0x004C21B8, 0xFFE0B31B, 0x004D21B8, 0xFFE0400A, 0x1619004C, 0x0A46001A, 0x011AB8FF, 0xC0402C0D, 0x12481A31,
0x2E2F3020, 0xB3502601, 0x26300046, 0x1430DF2E, 0x012E992D, 0x8629B2BF, 0x23010023, 0x01230205, 0x4A1D090F, 0x4A17B400, 0x3FED3FED, 0x3F5D5DED,
0x3FED5D01, 0x10D6ED10, 0xD45DED10, 0xD4C510D6, 0x2B5DED31, 0x302B2B2B, 0x2B2B2B2B, 0x2B13141E, 0x0233323E, 0x0235342E, 0x0223220E, 0x02073436,
0x33321615, 0x14062322, 0x26011406, 0x23222635, 0x34363332, 0x16273315, 0x23980715, 0x26201F27, 0x15070715, 0x26202026, 0x15077D76, 0x696D7274,
0x6A6D7301, 0x18221717, 0x22221717, 0x22ADE8E8, 0x01222948, 0x351E1F35, 0x47292948, 0x351E1F35, 0x47299897, 0x97989897, 0x97021C1A, 0x1E1E1A1A,
0x1F1F7E47, 0xFFFF001D, 0xFFF301D8, 0x02DC0226, 0x00520000, 0x010602A8, 0x00000017, 0x40100302, 0x002C2D09, 0x0050030E, 0x2E4F020E, 0x224F2B2B,
0x2B343400, 0xFFFF000D, 0x000001E8, 0x03120226, 0x003C0000, 0x0107008A, 0x0000008B, 0x0010400B, 0x01011516, 0x11065001, 0x05174F2B, 0x2B340000,
0xFFFF0014, 0xFF5801D8, 0x02870226, 0x005C0000, 0x0106008A, 0x00000010, 0x400B0106, 0x23240D00, 0x50010025, 0x4F2B2B34, 0x00020024, 0xFF5B01E6,
0x02B50017, 0x00260048, 0xB90020FF, 0xE040270D, 0x104820A4, 0x600EA00E, 0xB00E030E, 0x28260651, 0x01030027, 0x09A52316, 0x17171623, 0x03041DA5,
0x11920348, 0x0410003F, 0xED3FED12, 0x17392F2F, 0x2FED0110, 0xC6C6D6FD, 0xC010D65D, 0xED2B3130, 0x17371123, 0x35331136, 0x3633321E, 0x02151406,
0x23222E02, 0x27073714, 0x1E023332, 0x36353426, 0x23220607, 0x3B6B82FD, 0x141E0D1B, 0x31241655, 0x47182921, 0x180849A2, 0x040B1310, 0x171B1B17,
0x08200A5C, 0x76023566, 0xFDC60906, 0x11243927, 0x4E4C0F19, 0x1F104E9A, 0x0E1A150D, 0x221A1D21, 0x0B080002, 0x001BFF5B, 0x020801E0, 0x00240030,
0x0090B900, 0x30FFE0B3, 0x12004D2E, 0xB8FFC0B4, 0x1012004C, 0x12B8FFE0, 0xB30D004D, 0x10B8FFF0, 0x40091314, 0x004C2030, 0x013013B8, 0xFFC0403A,
0x0B0E4813, 0x79002410, 0x24802490, 0x24042432, 0x802B902B, 0x022B7C07, 0x324F1A01, 0x1A791B11, 0x31027D2E, 0x10110F12, 0x2E2E120F, 0x1110050C,
0x16551F0B, 0x1A06287D, 0x0C92003F, 0xED3F3FED, 0x1217392F, 0x2F2F2F2F, 0x10ED0110, 0xC6D6ED5D, 0x10D5ED5D, 0x10D45DED, 0x2BC05D31, 0x30002B2B,
0x2B2B2536, 0x33321E02, 0x15140E02, 0x23222627, 0x07273735, 0x34262322, 0x06071123, 0x11363633, 0x321E0215, 0x11141633, 0x32363534, 0x26232207,
0x01701610, 0x1D2B1C0E, 0x14212B16, 0x273E0D53, 0x3B752423, 0x0A270B69, 0x1F593533, 0x42250E17, 0x0E131111, 0x130D1876, 0x05182732, 0x1A253825,
0x1330335A, 0x3881E442, 0x380503FE, 0x8D01C709, 0x101F394F, 0x30FEE423, 0x1C221E1C, 0x220D0002, 0x0024FF5B, 0x01CF0260, 0x001B002A, 0x00904060,
0x2F24CF24, 0xDF24FF24, 0x0424515F, 0x08010008, 0x10082008, 0x40080408, 0x5F1A0100, 0x1A101A20, 0x1A401A04, 0x1A2C2A18, 0x1B511512, 0x50136013,
0x70130313, 0x50106010, 0x70100310, 0x2B1A1312, 0x1B721818, 0x190603A5, 0x27162711, 0x0E100F0F, 0x100E1127, 0x16060B17, 0x02151406, 0x21A50B92,
0x003FED3F, 0x333F1217, 0x392F2F2F, 0x2F2F2F10, 0xED3F332F, 0xED323232, 0x0110C65D, 0xD65DD5C0, 0xFDC0C010, 0xC65D5DD6, 0x5D5DED5D, 0x31302536,
0x3633321E, 0x02151406, 0x23222627, 0x07273711, 0x23353335, 0x37153315, 0x2311141E, 0x02333236, 0x35342623, 0x22060701, 0x0A111A0C, 0x1B332818,
0x55473048, 0x1043446B, 0x6B6B7BC5, 0xC5040B13, 0x10171B1B, 0x1708200A, 0x7B080711, 0x2439274E, 0x4C302148, 0x40760156, 0x6676148A, 0x66FE8E0E,
0x1A150D22, 0x1A1D210B, 0x08000300, 0x18FFF301, 0xDB02B500, 0x20002E00, 0x3B005B40, 0x3B402450, 0x24022484, 0x80199019, 0xA0190319, 0x3D2B2F12,
0x3F120212, 0x793A9010, 0x01103C4F, 0x345F3402, 0x3484083C, 0x21A51E07, 0x29A5140B, 0x11001000, 0x2FA50D0B, 0x36A50307, 0x003FED3F, 0xED3F3F3F,
0xED3FED01, 0x10D6ED5D, 0x10D45D32, 0xED5D3210, 0xD65DED5D, 0x31303706, 0x0623222E, 0x0235343E, 0x02333217, 0x35371536, 0x33321E02, 0x15140E02,
0x23222637, 0x32363534, 0x2E022322, 0x07111616, 0x03220E02, 0x15143332, 0x36371126, 0xFA132614, 0x26382512, 0x10202E1D, 0x191D601D, 0x1B1D2E1F,
0x10122438, 0x27122839, 0x1A1A050B, 0x110C0F14, 0x050E970B, 0x0F0B0533, 0x080E0514, 0x0A0B0C26, 0x435C3534, 0x5A402511, 0xD115E611, 0x24415934,
0x355C4426, 0x0C555250, 0x1B322717, 0x13FEEA02, 0x02012D17, 0x26321AA4, 0x02020116, 0x13000300, 0x18FF5B01, 0xDB01E200, 0x21002E00, 0x3A005A40,
0x3B403450, 0x34023484, 0x20088008, 0x9008A008, 0x04083C4F, 0x255F2502, 0x25841A3B, 0x393F1001, 0x10792C90, 0x13A01302, 0x133B22A5, 0x1F0B2AA5,
0x1507110E, 0x2FA50D07, 0x36A5030B, 0x003FED3F, 0xED3F3FED, 0x3FED0110, 0xD45D32ED, 0x5D3210D6, 0xED5D10D6, 0x5DED5D31, 0x30133636, 0x33321E02,
0x15140E02, 0x23222627, 0x15233506, 0x23222E02, 0x35343E02, 0x33321607, 0x22061514, 0x1E023332, 0x37112613, 0x323E0235, 0x34232207, 0x1116F913,
0x26142738, 0x2412111F, 0x2E1D0D1B, 0x0E601E1A, 0x1D2E1F10, 0x12253826, 0x1228391A, 0x1A060B11, 0x0B0F140A, 0x8E0B100A, 0x05330F0C, 0x1601CC0A,
0x0C26435B, 0x35355940, 0x250807AA, 0xAB102441, 0x5834365B, 0x44260C54, 0x52501B32, 0x27171301, 0x1505FED3, 0x1726311A, 0xA505FEEB, 0x13000300,
0x09FFA901, 0xEB02BF00, 0x12001A00, 0x1F004640, 0x2D090E0A, 0x0F081B07, 0x1E1F1810, 0x13171100, 0x16060112, 0x0214200D, 0x21032017, 0x1F480013,
0x181E0310, 0x10070E08, 0x07020602, 0x0208003F, 0x3F3F3F12, 0x392F1739, 0x33ED3201, 0x10C610C6, 0x12173931, 0x30372307, 0x23361237, 0x33371707,
0x16121723, 0x27230727, 0x13060607, 0x33372626, 0x17262627, 0x07C9241C, 0x802C5A2A, 0x7B143826, 0x2649227D, 0x1E4E3436, 0x6414200C, 0x242E0508,
0x3C040805, 0x138F8FB7, 0x012D8754, 0x09A476FE, 0xF9958FE6, 0x0A024E47, 0x8243CB11, 0x1FFB142A, 0x15530002, 0x001BFFA8, 0x01F002C1, 0x0024002F,
0x006BB900, 0x13FFC0B3, 0x0B004D04, 0xB8FFD840, 0x380B004D, 0x141B1129, 0x1C032806, 0x08304022, 0x01224017, 0x01173013, 0x01133125, 0x46090530,
0x1C281B14, 0x04120603, 0x06030412, 0x10182B4A, 0x0E030487, 0x211E4A00, 0x09003FFD, 0xC63F3FFD, 0xC03F1239, 0x392F2F12, 0x17390110, 0xC2D6ED10,
0xC05DC65D, 0xC65D1217, 0x3931302B, 0x2B052226, 0x27072737, 0x26263534, 0x3E023332, 0x16173717, 0x07161617, 0x07262627, 0x03163332, 0x36371706,
0x06031416, 0x17132623, 0x220E0201, 0x28111F0F, 0x1B4F1C3F, 0x412A4B67, 0x3D0C180B, 0x19511816, 0x1F06240E, 0x1C0E8812, 0x16303F13, 0x1F1A59CA,
0x14177E05, 0x0A1D372B, 0x1B0D0204, 0x51175626, 0x916A4D78, 0x532B0201, 0x4B174A08, 0x0F056209, 0x0E05FE63, 0x03160B61, 0x101B0146, 0x39561C01,
0x7F011531, 0x52000200, 0x27FFB101, 0xD7022300, 0x25002E00, 0x5E403A20, 0x100C004D, 0x1F292303, 0x2F080910, 0x07062A06, 0x3012122F, 0x20196019,
0x70190319, 0x5F0C0120, 0x0C010C30, 0x26530022, 0x2F21B618, 0x15571C07, 0x07AC2A0D, 0x10570905, 0x0B003FC5, 0xFDC6C53F, 0x3FFDC63F, 0x0110C6D6,
0xED10C65D, 0x5DC65D12, 0x392F1217, 0x39121739, 0x31302B37, 0x343E0233, 0x33371707, 0x16161707, 0x26262707, 0x03161633, 0x32363717, 0x06062322,
0x26270707, 0x27372626, 0x37141617, 0x370E0327, 0x20446847, 0x0C154813, 0x101E111B, 0x0E211504, 0x550B1A0E, 0x1F441A10, 0x1A4D3314, 0x23110117,
0x46174740, 0x7D16194F, 0x23301E0D, 0xEB335A43, 0x27411438, 0x050A0663, 0x050B040A, 0xFEFB0202, 0x0908650A, 0x0D040303, 0x4814491E, 0x744B2337,
0x12F60417, 0x24300001, 0x00120000, 0x01CC026B, 0x000D0035, 0x401C2000, 0x01000C0B, 0x09085102, 0x05040E07, 0x02060205, 0x0855020B, 0x0C550108,
0x0008003F, 0x3FFDD6C0, 0xFDC03F3F, 0x0110D6D5, 0xC0FDC5D0, 0xD0C55D31, 0x30212111, 0x23353335, 0x33153315, 0x23153301, 0xCCFE9650, 0x507B8383,
0xEF011A62, 0xEFEF62B4, 0x0002FFFC, 0xFFC1020B, 0x02BB000C, 0x000F0043, 0x40250E40, 0x15004D07, 0x1001000E, 0x03110D0D, 0x1011030F, 0x5109060A,
0x0C100C02, 0x07B60508, 0x01000A0F, 0x48000200, 0x3FFDC03F, 0x3F3F3F01, 0x10D6D5C0, 0xC0FDC011, 0x12392F12, 0x17391239, 0x31302B01, 0x37170311,
0x23350727, 0x37112335, 0x17372301, 0x943344F3, 0x7B5E43A1, 0x84FF3A3A, 0x026B502D, 0xFE84FEEE, 0x52912DFC, 0x011B66C1, 0x5B000100, 0x24FF5B01,
0xBA01E200, 0x44004E40, 0x2D3D400E, 0x004D2C35, 0x46150353, 0x26461C53, 0x0D503F01, 0x3F453F06, 0x34313892, 0x21081240, 0x00010057, 0x2B07164F,
0x19011957, 0x120B003F, 0xFD5DC63F, 0xED5D1239, 0x393FD5C6, 0x3F0110D6, 0x5DD6ED10, 0xD6EDC410, 0xD6CC3130, 0x2B373236, 0x35342E02, 0x272E0335,
0x343E0233, 0x32161707, 0x26262322, 0x0615141E, 0x02171E03, 0x15140E02, 0x23231E03, 0x33323637, 0x17060623, 0x222E0427, 0x371E03E4, 0x2D300F1B,
0x23131B38, 0x2E1E1731, 0x4C352E4F, 0x1D131148, 0x2D2F210F, 0x1921131B, 0x3A2F1E16, 0x33523C15, 0x19261E19, 0x0E0D2015, 0x0B19370D, 0x23372D27,
0x282C1C23, 0x112A2B28, 0x5D0D140D, 0x120D0C06, 0x08152031, 0x251E3529, 0x170E0D68, 0x0517170D, 0x0B110E0D, 0x06091621, 0x33251D30, 0x2213151A,
0x0F050302, 0x5C070415, 0x212A2A28, 0x0E5C070A, 0x06030001, 0x0043FF5B, 0x01D901D6, 0x0021003D, 0x40220540, 0x0C004D19, 0x1F051E00, 0x001E051F,
0x19052221, 0x0D232022, 0x1E55210A, 0x1918060D, 0x0A4A100E, 0x003FEDC5, 0x3FC53FED, 0x0110C610, 0xC6C61217, 0x392F2F2F, 0x2F2F3130, 0x2B010E03,
0x071E0333, 0x32371706, 0x0623222E, 0x04232335, 0x3E033723, 0x352101AA, 0x0E384344, 0x1921342F, 0x2F1C1E1D, 0x0B16310B, 0x21342D2A, 0x2F39240C,
0x17363634, 0x15C2015D, 0x017C0F45, 0x5760280C, 0x2D2B2106, 0x64070418, 0x252B2518, 0x4B26504D, 0x461C6600, 0x01003700, 0x0001CC02, 0x78002300,
0x2140100A, 0x461B2500, 0x51011324, 0x120D6716, 0x03000600, 0x3F3FFDC6, 0x0110C6D6, 0xED10D6ED, 0x31302123, 0x35343637, 0x3E033534, 0x2623220E,
0x02072736, 0x3633321E, 0x02151406, 0x070E0315, 0x01117C34, 0x23192618, 0x0C372614, 0x2A27220C, 0x282C6230, 0x3550361C, 0x292C1424, 0x1D11C43A,
0x47150F19, 0x18191129, 0x1E060B0C, 0x06621717, 0x1D303E22, 0x2C531A0C, 0x1A202718, 0x0001003C, 0x000001BF, 0x01E20025, 0x00254013, 0x0C53001B,
0x011B2700, 0x6E011326, 0x120F5718, 0x0B000600, 0x3F3FFDC6, 0x0110C6D6, 0xED10D65D, 0xED313021, 0x2335343E, 0x02373E03, 0x35342623, 0x22060727,
0x3E033332, 0x1615140E, 0x02070E03, 0x1501117C, 0x0E181F12, 0x0F1F1810, 0x252A234D, 0x20270A27, 0x32381D63, 0x680C141A, 0x0E14241D, 0x11711A29,
0x211A0B0A, 0x1011140E, 0x17181511, 0x6205110F, 0x0B4A441A, 0x271D1609, 0x0C161A20, 0x15000300, 0x12FFF801, 0xD5027200, 0x1A002B00, 0x380076B9,
0x000CFFD8, 0xB30A004D, 0x0CB8FFD0, 0x403E0900, 0x4D0B4009, 0x004D2F46, 0x15284660, 0x0001003A, 0x38440D0A, 0x1C1F4409, 0x0C0A3940, 0x2C012C48,
0xD01E01D0, 0x09012B1D, 0x0C1E0918, 0x091E0C1D, 0x2B180605, 0x344A1003, 0x234A0509, 0x003FED3F, 0xED121739, 0x3D2F182F, 0x2F2F2F2F, 0x5D5DED5D,
0x0110D6D5, 0x32FDC010, 0xD4ED10D6, 0x5DEDD4ED, 0x31302B2B, 0x2B25140E, 0x02232226, 0x27352335, 0x33113636, 0x33321E02, 0x15140607, 0x16162515,
0x33152315, 0x16163332, 0x3E023534, 0x26232732, 0x3635342E, 0x02232206, 0x071501D5, 0x233E5230, 0x2653293E, 0x3E214F26, 0x41522E11, 0x2B243F2D,
0xFEF74242, 0x0B190C12, 0x221B1130, 0x29122629, 0x0C131A0E, 0x0B180ABB, 0x384B2D13, 0x09098D4F, 0x017D0609, 0x1D2F3A1D, 0x2C441417, 0x4E29294F,
0x30020207, 0x13231B2D, 0x27662924, 0x161B0F05, 0x02028E00, 0x020012FF, 0xF301E202, 0x6B001800, 0x2100A3B9, 0x0016FFC0, 0xB30A004D, 0x15B8FFC0,
0xB4090A00, 0x4C14B8FF, 0xC0401E09, 0x0A004C0A, 0x400B004D, 0x09400B00, 0x4D06400B, 0x004D0540, 0x0B004D04, 0x400B004D, 0x02B8FFE0, 0x403D090A,
0x004C1D0D, 0x44000F10, 0x0F020F13, 0x20110101, 0x11111102, 0x11231E30, 0x0C010C44, 0x0F0A1F0A, 0x020A0F06, 0x1F060206, 0x08221009, 0x0D721306,
0x1D1D000E, 0x020B0219, 0x4A000900, 0x3FED3F3F, 0x12392F33, 0x33ED3232, 0x0110D6C5, 0x5DD65DED, 0x5D3210D6, 0x7171C5D6, 0x5DED3231, 0x302B2B2B,
0x2B2B2B2B, 0x2B2B1722, 0x2E023535, 0x23353335, 0x33153335, 0x33153315, 0x2315140E, 0x02273236, 0x35352315, 0x1416F636, 0x472A122B, 0x2B7B817B,
0x2E2E122C, 0x4935261B, 0x811A0D21, 0x3E583644, 0x62E5E5E5, 0xE5624436, 0x583E216B, 0x3D4E3B3C, 0x4E3CFFFF, 0x00090000, 0x01EB026B, 0x02060393,
0x00000003, 0x0036FFA6, 0x01EE02B5, 0x000F0013, 0x00170053, 0x40320A0E, 0x19080706, 0x09120C11, 0x0D160001, 0x1503020E, 0x18191713, 0x44051808,
0x07000940, 0x10011048, 0x0C171704, 0x13480502, 0x0D144804, 0x080201B6, 0x003FC53F, 0xED323FED, 0x12392F33, 0xED5D323F, 0xC50110D6, 0xED321112,
0x173910D6, 0xC6313033, 0x07273723, 0x11213717, 0x03331523, 0x07331501, 0x33372311, 0x333723EF, 0x224C1964, 0x014E1C4E, 0x6F315742, 0xB5FEE577,
0x35AC0F42, 0x515A1B3F, 0x026B4A1A, 0xFEDF66AE, 0x66017A8B, 0xFE61AE00, 0x040016FF, 0xB001DB02, 0x24002300, 0x2D003200, 0x37007540, 0x4A2E5318,
0x20104010, 0x60108010, 0x04103912, 0x241E371F, 0x36212008, 0x38090A31, 0x08320711, 0x07392525, 0x3839332D, 0x53003836, 0x5721071F, 0xB6371173,
0x24323205, 0x183F1401, 0x14571B07, 0x0A0A08AC, 0x4F280128, 0x57050B00, 0x3FED5D3F, 0x3F3FED5D, 0xC512392F, 0x33ED323F, 0x3FED0110, 0xD6FDC511,
0x12392F12, 0x17391217, 0x3910D65D, 0xC6ED3130, 0x37343E02, 0x33321737, 0x17071616, 0x15140607, 0x23071633, 0x32363717, 0x06062322, 0x26270727,
0x37262637, 0x37222623, 0x220E0207, 0x33262627, 0x07071616, 0x17371626, 0x3F502A1C, 0x14164716, 0x36390201, 0xC21C1620, 0x25421711, 0x15593315,
0x23111944, 0x163D3BCD, 0x20030604, 0x1722170D, 0x03D0020D, 0x0E189802, 0x0C0D14E7, 0x3E5E3F20, 0x03451640, 0x1A6E550B, 0x190B5606, 0x0D0A6C0B,
0x1304044B, 0x17461D74, 0x76620111, 0x1C241214, 0x27104B52, 0x12200B3D, 0x0001002A, 0xFFF301E2, 0x026B001B, 0x003A401E, 0x15141844, 0x031B011D,
0x190C1C00, 0x40170117, 0x72031414, 0x0918481A, 0x020D104A, 0x0909003F, 0xFDC63FED, 0x12392F33, 0xED5D3201, 0x10C6C610, 0xD6DEC0FD, 0xD0C53130,
0x01331523, 0x15140E02, 0x23222627, 0x37161633, 0x32363535, 0x23353335, 0x23352101, 0x9A484816, 0x314E3939, 0x4D1C2F17, 0x351D2A33, 0x7777C401,
0x3F017862, 0x472D503C, 0x23201762, 0x101E3345, 0x40628D66, 0x00020031, 0xFF5601DF, 0x02AC001B, 0x00270077, 0x40102740, 0x14004D1D, 0x4014004D,
0x1C401400, 0x4D20B8FF, 0xC0B31400, 0x4D1FB8FF, 0xC0B31400, 0x4D1EB8FF, 0xC0B31400, 0x4D1DB8FF, 0xC0402414, 0x004D1C54, 0x22281044, 0x1B191844,
0x14151108, 0x281F5825, 0x001B1173, 0x18121548, 0x160A090C, 0x4A059200, 0x3FFDC63F, 0xFDD632ED, 0x323FED01, 0x10C6D6D0, 0xD5FDCDD0, 0xED10D4ED,
0x3130002B, 0x2B2B2B01, 0x2B2B2B25, 0x140E0223, 0x22262737, 0x16163332, 0x36353523, 0x35333523, 0x35211533, 0x15230314, 0x06232226, 0x35343633,
0x32160190, 0x1C314327, 0x30522626, 0x19471D1F, 0x22BEBEBE, 0x01394F4F, 0x0F2E2020, 0x2D2D2020, 0x2E1F394D, 0x2F141813, 0x680E1925, 0x32AF5355,
0x66BB5301, 0x95242A2A, 0x24252A2A, 0x0002001B, 0xFF59020A, 0x0279001C, 0x0030002A, 0x40162746, 0x060E321D, 0x46003122, 0x4A1A090E, 0x0A4A1192,
0x2C4A0303, 0x003FED3F, 0xEDC53FED, 0x0110D6ED, 0x10C4D6ED, 0x31301334, 0x36333216, 0x15111416, 0x33323637, 0x17060623, 0x222E0235, 0x35060623,
0x22263714, 0x1E023332, 0x3E023534, 0x2E022322, 0x0E021B6C, 0x61646A10, 0x1109120B, 0x0D13220B, 0x29341D0B, 0x142E1A64, 0x6A7D0611, 0x1F1A1A20,
0x11060611, 0x201A1A1F, 0x11060136, 0xA0A3A3A0, 0xFEDA2D22, 0x02056408, 0x03172C3F, 0x290E110E, 0xA3A02D4F, 0x3A22223B, 0x4E2D2D4F, 0x3A22223B,
0x4E000200, 0x1FFF5B01, 0xFE01E000, 0x1F002C00, 0x2A401618, 0x2751080F, 0x2E205300, 0x2D23571B, 0x070C4A14, 0x922A5705, 0x0B003FED, 0x3FED3FED,
0x0110D6ED, 0x10C6D6FD, 0xC0313037, 0x343E0233, 0x32161711, 0x14163332, 0x37170E03, 0x23222635, 0x35060623, 0x222E0237, 0x14163332, 0x36371126,
0x26232206, 0x1F1C3750, 0x342D6220, 0x0C141412, 0x130A1818, 0x14063F42, 0x152F162C, 0x412D167D, 0x26261322, 0x0C081C0E, 0x2D2EEB36, 0x5B40240E,
0x0BFE421D, 0x23066704, 0x05030145, 0x511C0B0D, 0x23405B34, 0x41470A08, 0x01020103, 0x51000200, 0x12000001, 0xE0027200, 0x1B002500, 0x4E402E0D,
0x400B004D, 0x0F0C440B, 0x1C460306, 0x600B800B, 0xA00BB00B, 0x040B2722, 0x10441613, 0x14261108, 0x130F4816, 0x2323000C, 0x081F4A00, 0x03003FED,
0x3F12392F, 0x33ED323F, 0x0110D6DD, 0xC0FDC010, 0xD65D32D6, 0xED10ED32, 0x31302B13, 0x32161514, 0x06071E03, 0x17232626, 0x27231523, 0x35233533,
0x113E0317, 0x34262322, 0x07153332, 0x36F25D71, 0x2C331023, 0x221E0C81, 0x1734231C, 0x7B484811, 0x2929275F, 0x2D240D10, 0x13302B02, 0x72636836,
0x58171A3F, 0x45451F3C, 0x6F39E4E4, 0x66011804, 0x070302CA, 0x312E03BA, 0x31000100, 0x12000001, 0xCB01DF00, 0x1B003540, 0x1B1B080B, 0x0C51120F,
0x101C0F0B, 0x73120A0A, 0x160D002F, 0x05010553, 0x160B0D08, 0x003F3FFD, 0x5DC61112, 0x392F33ED, 0x320110D6, 0xD5C0FDC5, 0xD0C53130, 0x012E0323,
0x22060715, 0x33152315, 0x23352335, 0x33353636, 0x33321E02, 0x1701B50C, 0x2023200B, 0x1B391DAB, 0xAB7B3D3D, 0x3171450A, 0x272C2A0E, 0x015B0305,
0x04020508, 0x5C53ADAD, 0x53B71216, 0x01040604, 0x00020009, 0x000001EB, 0x026B0019, 0x002000B2, 0xB9001FFF, 0xC0401D0F, 0x004D1D20, 0x10004D1C,
0x400F004D, 0x1C400C00, 0x4D1C200B, 0x004D1420, 0x0C004D0F, 0xB8FFE0B3, 0x0C004D0E, 0xB8FFD0B3, 0x0C004D08, 0xB8FFE040, 0x3F0E004D, 0x01200D00,
0x4D151622, 0x1E11090C, 0x040A1700, 0x121D041A, 0x190A191A, 0x191A0A03, 0x21220E0D, 0x21044405, 0x210C1212, 0x17091D1D, 0x00730306, 0x1A171A17,
0x1A041502, 0x0E020408, 0x003F3F3F, 0x1239392F, 0x2F113939, 0xED321133, 0x11331133, 0x0110D6ED, 0x10DCCD11, 0x1217393D, 0x2F182F2F, 0x11121739,
0x11173910, 0xDCC53130, 0x2B2B2B2B, 0x2B2B2B2B, 0x2B2B0106, 0x06071523, 0x35262627, 0x23353327, 0x33161617, 0x33363637, 0x33073315, 0x07363637,
0x23161601, 0x95132E1B, 0x7C1A2D13, 0x5A352985, 0x08100984, 0x0811087F, 0x2834ED08, 0x14084C09, 0x1401A82D, 0x612EECEB, 0x2E622D58, 0x6B1A371A,
0x1C38176B, 0x58611036, 0x1B183500, 0x020009FF, 0x5801EB01, 0xD6002700, 0x2E008540, 0x172A400B, 0x0C004C27, 0x400C004D, 0x27380B00, 0x4D26200B,
0x0C004C21, 0xB8FFC0B4, 0x0B0C004C, 0x20B8FFC0, 0x40320B0C, 0x004C2751, 0x0002302C, 0x16191C04, 0x2F010407, 0x242B0530, 0x28282F30, 0x20511F1B,
0x0F2F2B2B, 0x1919047D, 0x1C012427, 0x0A200A10, 0x134A0C0F, 0x003FFDC6, 0x3F3FD432, 0x32ED322F, 0x322F0110, 0xC6D6DEED, 0x1112393D, 0x2F121739,
0x12173918, 0x10D6DEED, 0x31302B2B, 0x2B2B2B2B, 0x01073315, 0x23060607, 0x0E032322, 0x26273716, 0x16333236, 0x37262627, 0x23353326, 0x26273316,
0x16173336, 0x36370336, 0x36372316, 0x1601CF26, 0x4256142F, 0x1A13252D, 0x37251F33, 0x1117141F, 0x12242C0D, 0x18331762, 0x460B150A, 0x8008130C,
0x69080D08, 0x47060E05, 0x3F091401, 0xD6924E43, 0x873B283A, 0x25120A08, 0x67090730, 0x21307440, 0x4E234926, 0x224A2624, 0x4A24FEBF, 0x16331819,
0x33000100, 0x1FFF5B01, 0xBA01D600, 0x25004040, 0x21215309, 0x13270E05, 0x0000271B, 0x06261C1F, 0x57160E00, 0x2525000E, 0x0308160F, 0x080A0655,
0x070A003F, 0xED3F3F12, 0x17392F2F, 0x2F10FDC6, 0x0110C6C6, 0x12392F39, 0x3910D6C4, 0xED313037, 0x3E033723, 0x3521150E, 0x03071E03, 0x15140623,
0x222E0227, 0x37161633, 0x32353426, 0x2323920F, 0x2627240D, 0xE9017A0B, 0x22292B13, 0x213A2A19, 0x7E701530, 0x2F2A0F1E, 0x1D502370, 0x434028CD,
0x102B2D2A, 0x11664B0F, 0x2B323518, 0x081D2D3C, 0x25636106, 0x090D0861, 0x0D0F6135, 0x2F000100, 0x69020F01, 0x8B02A300, 0x13001B40, 0x0B070615,
0x0D0E140D, 0x070A0098, 0x003FD5CE, 0xCE0110D6, 0xC510D6C5, 0x31301332, 0x1E021515, 0x23262623, 0x22060723, 0x35343E02, 0xFA1F3527, 0x165A031E,
0x16161E02, 0x5B162735, 0x02A31325, 0x34210726, 0x19192607, 0x21342513, 0x0002004F, 0x01FF01AA, 0x02B20003, 0x0007001A, 0x400B0103, 0x05070806,
0x049F0200, 0x9F003FC5, 0x3FC50110, 0xD6D5D6C5, 0x31300117, 0x07272717, 0x0727013E, 0x6C367A67, 0x6C367A02, 0xB2882B70, 0x43882B70, 0x000300A1,
0x02070156, 0x033E0003, 0x00170023, 0x002B4016, 0x0482CF18, 0x01181E82, 0x0E240002, 0x24098121, 0x1B811301, 0x0386003F, 0xD5DEFDD6, 0xED0110D6,
0xC510D6FD, 0xD65DED31, 0x30010727, 0x3717140E, 0x0223222E, 0x0235343E, 0x0233321E, 0x02073426, 0x23220615, 0x14163332, 0x36015298, 0x1891230F,
0x1A201212, 0x20190F0F, 0x19201212, 0x201A0F38, 0x150E0D16, 0x160D0E15, 0x02FD392F, 0x4BDF1521, 0x170B0B17, 0x21151521, 0x170B0B17, 0x21151213,
0x13121213, 0x13000300, 0x6D020B01, 0x8702DC00, 0x0B001700, 0x1B003E40, 0x251AB01B, 0x016F1B01, 0x301B011B, 0x1C0C4A12, 0x004ACF06, 0xDF060250,
0x0601061C, 0x191A0F4A, 0x158B034A, 0x098B003F, 0xED3FEDDE, 0xC50110D6, 0x5D5DFDD6, 0xED10D45D, 0x5D5DCD31, 0x30131406, 0x23222635, 0x34363332,
0x16171406, 0x23222635, 0x34363332, 0x16253315, 0x23DF2217, 0x18212118, 0x1722A822, 0x17172222, 0x171722FE, 0xFEE8E802, 0x441A1F1F, 0x1A1A1E1E,
0x1A1A1F1F, 0x1A1A1E1E, 0x7E470002, 0x0086020C, 0x016E02DC, 0x000B000F, 0x001B400C, 0x004A060E, 0x0C100C0F, 0x034A098B, 0x003FEDDE, 0xC50110D6,
0xCDD4ED31, 0x30011406, 0x23222635, 0x34363332, 0x16273315, 0x23013322, 0x17172222, 0x171722AD, 0xE8E80244, 0x1A1E1E1A, 0x1A1F1F7E, 0x47000300,
0x4A020F01, 0xA9031200, 0x03000F00, 0x1B002D40, 0x18044AA0, 0x0A010A1D, 0x0103164A, 0x101C194A, 0x138B0D4A, 0x078B0200, 0xB7003FC5, 0x3FED3FED,
0x0110D6ED, 0xD4C510D6, 0x5DED3130, 0x13170727, 0x17343633, 0x32161514, 0x06232226, 0x27343633, 0x32161514, 0x06232226, 0xC56B3978, 0xB8221718,
0x21211817, 0x22ED2217, 0x18212118, 0x17220312, 0x982A8992, 0x1A1E1E1A, 0x1A1E1E1A, 0x1A1E1E1A, 0x1A1E1E00, 0x03004A02, 0x0F01A903, 0x12000300,
0x0F001B00, 0x37402110, 0x4AAF16BF, 0x16FF1603, 0x16044A0A, 0x1C00B002, 0xE0020202, 0x1C134A19, 0x8B074A0D, 0x8B0103B7, 0x003FC53F, 0xED3FED01,
0x10D45DC5, 0x10D6FDD6, 0x5DED3130, 0x01072737, 0x07140623, 0x22263534, 0x36333216, 0x17140623, 0x22263534, 0x36333216, 0x01747838, 0x6A722118,
0x18212118, 0x1821ED22, 0x17172222, 0x17172202, 0xD9892A98, 0xCB1A1E1E, 0x1A1A1E1E, 0x1A1A1E1E, 0x1A1A1E1E, 0x0003004A, 0x020F01A9, 0x0300000B,
0x0017001D, 0x004AB900, 0x1AFFC0B4, 0x0F004D1C, 0x18B8FFC0, 0x40221E21, 0x48181E0C, 0x4AAF12BF, 0x12DF12FF, 0x12041200, 0x4A061E1B, 0x1A191DB4,
0x0F4A158B, 0x034A098B, 0x003FED3F, 0xED3FC5C5, 0xC50110D6, 0xFDD65DED, 0x10D42BC4, 0x3130002B, 0x13140623, 0x22263534, 0x36333216, 0x17140623,
0x22263534, 0x36333216, 0x25371737, 0x1707BC21, 0x18182121, 0x181821ED, 0x22171722, 0x22171722, 0xFECE2C55, 0x572D8402, 0x471A1E1E, 0x1A1A1E1E,
0x1A1A1E1E, 0x1A1A1E1E, 0x6B344141, 0x34720002, 0x006F020D, 0x018502DC, 0x001B001F, 0x003EB900, 0x15FFC0B3, 0x0A004D15, 0xB8FFE040, 0x1809004D,
0x1E1C202F, 0x003F0002, 0x000E2005, 0x181B1F0D, 0x0A131D1F, 0x98003FC5, 0xDEDDCE10, 0xDEDEC501, 0x10DECD5D, 0x10DECD31, 0x30002B2B, 0x010E0323,
0x222E0223, 0x22060727, 0x3E033332, 0x1E023332, 0x36372733, 0x15230185, 0x0510161E, 0x120D1817, 0x180C1012, 0x08310410, 0x181E120D, 0x1816170D,
0x101308CF, 0xE8E80262, 0x0C1B1710, 0x080A0813, 0x0E270C1A, 0x140D080B, 0x08130E5B, 0x47FFFF00, 0x3F000001, 0xCC033E02, 0x26002800, 0x00010700,
0x43000000, 0x8B001040, 0x0B01000F, 0x0D000A50, 0x01010E4F, 0x2B2B3400, 0x00FFFF00, 0x3F000001, 0xCC032C02, 0x26002800, 0x00010700, 0x83000000,
0x8B001AB1, 0x0201B8FF, 0xF6400D0E, 0x20000A50, 0x0201184F, 0x01010C4F, 0x2B2B2B34, 0x34000100, 0x12FFFA01, 0xE7026B00, 0x23005A40, 0x39194009,
0x004D1840, 0x09004D17, 0x4009004D, 0x300A010F, 0x0A010A46, 0x180F1101, 0x111E0120, 0x03010344, 0x21222420, 0x08054A1B, 0x1B00154A, 0x0F09214F,
0x02010248, 0x0002003F, 0xFD5DC03F, 0xED12392F, 0xED3F0110, 0xD6D5FD5D, 0xC6D0C65D, 0xD6ED5D5D, 0x31302B2B, 0x2B011523, 0x15363332, 0x1E021514,
0x0E022322, 0x27371632, 0x33323635, 0x34262322, 0x06071123, 0x11233501, 0x87AA1F1F, 0x2D4B361E, 0x1227402D, 0x171B0507, 0x09082325, 0x392E0B18,
0x0D7B5002, 0x6B668506, 0x19314930, 0x2F4A341C, 0x03640126, 0x2F382B04, 0x02FEEE02, 0x0566FFFF, 0x00240000, 0x01E4033E, 0x022602C0, 0x00000107,
0x008F003A, 0x008B0010, 0x400B013B, 0x0C0A0802, 0x5001010B, 0x4F2B2B34, 0x00000001, 0x001BFFF3, 0x01D50279, 0x00220033, 0x401A0D20, 0x24171646,
0x19460323, 0x18571717, 0x08000E11, 0x4A08031F, 0x1C4A0009, 0x003FFDC6, 0x3FFDC611, 0x12392FED, 0x0110DEED, 0xFDC510D6, 0xC6313005, 0x22263534,
0x3E023332, 0x1E021707, 0x26262322, 0x0E020733, 0x15231616, 0x33323637, 0x17060601, 0x28838A2A, 0x4B673D21, 0x35281B07, 0x2017412A, 0x19322A1F,
0x06CCCD08, 0x4D48303F, 0x131F1A59, 0x0DA89B4D, 0x78532B0B, 0x0E100462, 0x0F151024, 0x3C2C6F50, 0x55160B61, 0x101BFFFF, 0x0028FFF3, 0x01CC0279,
0x02060036, 0x0000FFFF, 0x00360000, 0x01BF026B, 0x0206002C, 0x0000FFFF, 0x00360000, 0x01BF032C, 0x0226002C, 0x00000107, 0x00830000, 0x008B0017,
0x40100201, 0x010E2000, 0x06500205, 0x184F0105, 0x0C4F2B2B, 0x2B343400, 0x0000FFFF, 0x002AFFF3, 0x01B6026B, 0x0206002D, 0x00000002, 0x0004FFF5,
0x01E0026B, 0x001F002B, 0x00524033, 0x40285028, 0x022884C0, 0x0001002D, 0x2009852F, 0x1B3F1B02, 0x1B400F13, 0x481B6F0A, 0x010A851A, 0x112C1D7D,
0x2B2B0509, 0x731B021A, 0x02100923, 0x7D050900, 0x3FED3F3F, 0x3FED1239, 0x2FED0110, 0xD6D6ED5D, 0xD52B71FD, 0xC510D65D, 0xED5D3130, 0x25140E02,
0x23222627, 0x11231514, 0x0E020727, 0x3636373E, 0x03353533, 0x15333216, 0x27151633, 0x323E0235, 0x34262301, 0xE01B2D3C, 0x21182B22, 0x33091E3A,
0x300E1B15, 0x07050604, 0x01E3134E, 0x51B20909, 0x15180D04, 0x2223C239, 0x4D2F1305, 0x0A020EAC, 0x6584532D, 0x0D5D091B, 0x1B153B54, 0x724D77DC,
0x6111F203, 0x17232A14, 0x433A0002, 0x002EFFFA, 0x01E0026B, 0x00160022, 0x0069B900, 0x1FFFC040, 0x260B0E48, 0x1F848000, 0xA0000200, 0x24176F13,
0x7F138F13, 0x03138F09, 0xA010B010, 0x02100A0E, 0x400D1148, 0x0E8F0DB8, 0xFFC04017, 0x0B13480D, 0x23147D22, 0x22051202, 0x097D0F0E, 0x020B081A,
0x7D050900, 0x3FED3F3F, 0xD5ED3F12, 0x392FED01, 0x10D62BFD, 0x2B32D65D, 0x32FD5DC0, 0x10D65DED, 0x2B313025, 0x140E0223, 0x22262711, 0x23112311,
0x33153335, 0x33153332, 0x16271516, 0x33323E02, 0x35342623, 0x01E01B2D, 0x3C21182B, 0x22515757, 0x5158134E, 0x51B20909, 0x15180D04, 0x2223C239,
0x4D2F1305, 0x0A0127FE, 0xD0026BE7, 0xE7DC6111, 0xF2031723, 0x2A14433A, 0x00010012, 0x000001C7, 0x026B0019, 0x003A4020, 0x00442F17, 0x3F170217,
0x1B0D060E, 0x44090A1A, 0x03571212, 0x0C190809, 0x0E480C02, 0x0B020808, 0x003F3F3F, 0xFDC03F12, 0x392FED01, 0x10D6D5FD, 0x32C510D6, 0x5DED3130,
0x25342623, 0x22060711, 0x23112335, 0x21152315, 0x36363332, 0x1E021515, 0x23014C1D, 0x20091C0D, 0x7B500175, 0xAA12230F, 0x253D2C18, 0x7BAD3D2E,
0x0404FEF0, 0x02056666, 0x8604030F, 0x2D5343B4, 0xFFFF002D, 0x000001E9, 0x033E0226, 0x002E0000, 0x0107008F, 0x0000008B, 0x0013B900, 0x01FFFB40,
0x091D1B07, 0x1A500108, 0x1C4F2B2B, 0x34000000, 0xFFFF002E, 0x000001C6, 0x033E0226, 0x02C50000, 0x01070043, 0x0000008B, 0x0010400B, 0x010B1311,
0x00095001, 0x01124F2B, 0x2B340000, 0xFFFF0005, 0xFFF301EE, 0x03390226, 0x02D00000, 0x01070388, 0x0000008B, 0x0010400B, 0x0101262E, 0x17005001,
0x00214F2B, 0x2B340000, 0x0001002D, 0xFF5B01C7, 0x026B000B, 0x003E4026, 0x0944000A, 0x100A020A, 0x0D064420, 0x05300550, 0x0503050C, 0x00A95002,
0x01020C09, 0x02060208, 0x48000308, 0x0192003F, 0x3F33ED3F, 0x3F0110D6, 0x5DED10D6, 0x5DED10D6, 0x5DED3130, 0x21152335, 0x23113311, 0x33113311,
0x01327293, 0x7BA47BA5, 0xA5026BFD, 0xFB0205FD, 0x95FFFF00, 0x09000001, 0xEB026B02, 0x06002400, 0x00000200, 0x36FFF801, 0xD5026B00, 0x10001B00,
0x44B31446, 0x1007B8FF, 0xC0400909, 0x0F48071D, 0x0118440D, 0xB8FFC040, 0x150A0E48, 0x0D1C024A, 0x17170A4F, 0x00010048, 0x0E02114A, 0x0A09003F,
0xED3FED5D, 0x12392FED, 0x0110D62B, 0xFDC010D6, 0x2BC4ED31, 0x30131533, 0x321E0215, 0x14062322, 0x26271121, 0x15033236, 0x35342623, 0x23151616,
0xB12E385B, 0x40237D76, 0x235C2D01, 0x5FAC363D, 0x40412A08, 0x22020576, 0x15304D38, 0x6766080A, 0x026166FE, 0x5E2E3336, 0x2ABD0103, 0xFFFF0036,
0xFFF801D5, 0x02720206, 0x00250000, 0x00010024, 0x000001E4, 0x026B0009, 0x0035400E, 0x03040605, 0x4400B009, 0xC009D009, 0x0309B8FF, 0xC0400E0E,
0x1248090A, 0x00054807, 0x08044802, 0x02003FED, 0x3FED3201, 0x10D62B5D, 0xD5FDC5D0, 0xC5313037, 0x11211523, 0x11331521, 0x357D0167, 0xEC86FEA6,
0x66020566, 0xFE616666, 0x0002000F, 0xFF5B01E2, 0x026B0010, 0x001A009F, 0xB90017FF, 0xC040090E, 0x004D1520, 0x0D004D09, 0xB8FFC0B3, 0x0D004D08,
0xB8FFC040, 0x200D004D, 0x07400E00, 0x4D06400E, 0x004D0540, 0x0E004D04, 0x400E004D, 0x401A011A, 0x44500801, 0x08B8FFC0, 0x4035090C, 0x48080A20,
0x0D300D40, 0x0D030DA9, 0x1C11A94F, 0x07010700, 0x18A90100, 0x2F0E3F0E, 0x4F0E030E, 0xA91B0F92, 0x1801480E, 0x0809480D, 0x080C921A, 0x48080200,
0x3FED3F3F, 0xED3FED32, 0x3F0110EC, 0x5DD6D5ED, 0x10D65DED, 0x10EC5DD6, 0xD62B5DED, 0x5D31302B, 0x2B2B2B2B, 0x2B2B2B37, 0x333E0335, 0x35211133,
0x11233523, 0x15231314, 0x0E040733, 0x110F241A, 0x1D0D0201, 0x462372EF, 0x72DA0306, 0x0910150E, 0x9F662D75, 0x7D7A303C, 0xFDFBFEF5, 0xA5A502AA,
0x143F4C54, 0x4F451801, 0x9FFFFF00, 0x3F000001, 0xCC026B02, 0x06002800, 0x00000100, 0x09000001, 0xEB026B00, 0x2D006440, 0x3A1D1C08, 0x07850611,
0x170D0E04, 0x1624002A, 0x1E1F0506, 0x062D252E, 0x16062525, 0x0616032F, 0x2E240805, 0x08112A1C, 0x1F1F1C2A, 0x11080506, 0x071D0817, 0x080D0207,
0x02000200, 0x3F3F3F3F, 0x3F121739, 0x2F2F2F2F, 0x2F2F3F01, 0x11121739, 0x2F2F2F11, 0x12391117, 0x39121739, 0x10ED3232, 0x32313013, 0x1E031735,
0x33153E03, 0x37330606, 0x071E0317, 0x232E0327, 0x1123110E, 0x0307233E, 0x03372626, 0x27700A14, 0x17180D60, 0x0D181715, 0x0967193E, 0x2D152923,
0x1B086706, 0x14191B0C, 0x600D1B18, 0x14066708, 0x1B232915, 0x2A411902, 0x6B26413B, 0x391EF9FA, 0x1D393C42, 0x26478E4F, 0x1D4A555D, 0x2E2A534E,
0x441BFED6, 0x012A1B44, 0x4E532A2E, 0x5D554A1D, 0x518E4500, 0x010017FF, 0xF301DF02, 0x79003200, 0xA3B90032, 0xFFC0B30A, 0x004D00B8, 0xFFC0B30A,
0x004D25B8, 0xFFC0B30D, 0x004D24B8, 0xFFC0402F, 0x0D004D17, 0x200E004D, 0x0C400C0D, 0x004C0B20, 0x0D004D0B, 0x400C004D, 0x0A200D0F, 0x004C322E,
0x461B0446, 0x15001B20, 0x1B401B60, 0x1B041BB8, 0xFFC04023, 0x1115481B, 0x340D2333, 0x243F2901, 0x294A2001, 0x48403101, 0x31181831, 0x1020090C,
0x30070107, 0x4A100300, 0x3FFD5DC6, 0x3F123939, 0x3D2F182F, 0x5DED10FD, 0x5DC60110, 0xD6C610D6, 0x2B5DD4ED, 0x10FDC631, 0x30002B2B, 0x2B2B2B2B,
0x2B012B2B, 0x13333236, 0x35342623, 0x220E0207, 0x27363633, 0x321E0215, 0x14060716, 0x1615140E, 0x02232226, 0x27371E03, 0x33323E02, 0x35342623,
0x23804F3C, 0x3C323313, 0x2724200B, 0x2C276433, 0x39523519, 0x2C27333B, 0x163A634D, 0x306B2D29, 0x0C22292F, 0x1A26321E, 0x0C394762, 0x01732B26,
0x2623080C, 0x0F076318, 0x1B1D303D, 0x1F2A4913, 0x11543422, 0x44362219, 0x1763050E, 0x0C090F18, 0x20112A2E, 0x0001002E, 0x000001C6, 0x026B000F,
0x003C4011, 0x0E200D00, 0x4D0C4400, 0x0A100A02, 0x0A110344, 0x01B8FFC0, 0x40100B0E, 0x4801100C, 0x03080F08, 0x0B080802, 0x0202003F, 0x3F3F3F12,
0x39390110, 0xD62BED10, 0xD65DED31, 0x302B3311, 0x33113E03, 0x37331123, 0x11060607, 0x2E6F102D, 0x35381C63, 0x6F39612C, 0x026BFE83, 0x235F6867,
0x2CFD9501, 0x9B67C86C, 0xFFFF002E, 0x000001C6, 0x03380226, 0x02C50000, 0x01070388, 0x0000008A, 0x0010400B, 0x0100151D, 0x00095001, 0x01104F2B,
0x2B340000, 0xFFFF002D, 0x000001E9, 0x026B0206, 0x002E0000, 0x00010008, 0xFFF301D0, 0x026B0014, 0x00294016, 0x09440C30, 0x0D010D44, 0x08001500,
0x14090B08, 0x09020D48, 0x0802003F, 0xED3F3F3F, 0xC50110D6, 0xD6FD5DD6, 0xED313037, 0x3E033736, 0x36352111, 0x2311230E, 0x0507081A, 0x23160F06,
0x100A0146, 0x7B5A0206, 0x0F1C314A, 0x365D0919, 0x21291942, 0xC780FD95, 0x02053A7A, 0x72674F32, 0x04FFFF00, 0x17000001, 0xDD026B02, 0x06003000,
0x00FFFF00, 0x2D000001, 0xC7026B02, 0x06002B00, 0x00FFFF00, 0x1BFFF301, 0xD9027902, 0x06003200, 0x00000100, 0x2D000001, 0xC7026B00, 0x07003440,
0x10014420, 0x02300202, 0x02054470, 0x06D00602, 0x06B8FFC0, 0x400D0B0E, 0x48060804, 0x48070206, 0x08020800, 0x3F3F3FED, 0x0110D62B, 0x5DFDD65D,
0xED313001, 0x11231123, 0x11231101, 0xC77BA47B, 0x026BFD95, 0x0205FDFB, 0x026BFFFF, 0x00360000, 0x01D80272, 0x02060033, 0x0000FFFF, 0x001BFFF3,
0x01D50279, 0x02060026, 0x0000FFFF, 0x00190000, 0x01DB026B, 0x02060037, 0x00000001, 0x0005FFF3, 0x01EE026B, 0x00200045, 0x40271940, 0x12004D18,
0x4012004D, 0x14210522, 0x1B1B2122, 0x20002240, 0x22602202, 0x18170D21, 0x18020E11, 0x480A0900, 0x02003F3F, 0xFDC63F01, 0x10D6D6C5, 0x5D10D6C5,
0x1112393D, 0x2F123912, 0x3931302B, 0x2B010E03, 0x070E0323, 0x22262737, 0x16163332, 0x36372626, 0x27331616, 0x173E0337, 0x01EE1827, 0x23211317,
0x2D313821, 0x1E351D19, 0x16241020, 0x2C154670, 0x23881D3D, 0x260E1A15, 0x1006026B, 0x4B75645A, 0x2F3B4E2E, 0x140C0B68, 0x08082C38, 0x75DB5546,
0x8A4E2C54, 0x4A3E1600, 0x03001900, 0x0001DA02, 0x93000D00, 0x14001B00, 0x7F400B1A, 0x2016004D, 0x1A201400, 0x4D17B8FF, 0xE0B31100, 0x4D13B8FF,
0xE0B31600, 0x4D13B8FF, 0xE0403914, 0x004D1020, 0x11004D15, 0x84400750, 0x07800790, 0x0704071D, 0x18050952, 0x1102400C, 0x500C900C, 0x030C1C0E,
0x84AF0001, 0x001C1119, 0x730C090A, 0x08121873, 0x02050393, 0x003FD532, 0xED323FD5, 0x32ED3201, 0x10D65DED, 0x10D65D32, 0x32ED3232, 0x10D65DED,
0x31302B2B, 0x2B2B2B2B, 0x13343735, 0x33151615, 0x14071523, 0x35263714, 0x16171106, 0x06173426, 0x27113636, 0x19B160B0, 0xB060B162, 0x212E2D22,
0xFD212D2C, 0x22014CEB, 0x1B41411D, 0xE9EB1A47, 0x461BEA40, 0x5D10015B, 0x115C3D40, 0x5A10FEA6, 0x115EFFFF, 0x000B0000, 0x01E9026B, 0x0206003B,
0x00000001, 0x002DFF5B, 0x01D9026B, 0x000B005F, 0x40290240, 0x0D0E004C, 0x02380C00, 0x4D02400B, 0x004D0140, 0x090E004C, 0x01004420, 0x09300940,
0x09030907, 0x449006C0, 0x060206B8, 0xFFC04016, 0x0B104806, 0x6F049F04, 0x02040C0A, 0x02070200, 0x09480408, 0x0292003F, 0x3FED323F, 0x3F0110C4,
0x5DD62B5D, 0xFDD65DFD, 0xC531302B, 0x2B2B2B25, 0x33112335, 0x21113311, 0x33113301, 0xB62372FE, 0xC67B927C, 0x66FEF5A5, 0x026BFDFB, 0x02050001,
0x002D0000, 0x01C7026B, 0x00170046, 0x40160DBF, 0x0A010A44, 0x10082008, 0x30080308, 0x00447015, 0xD0150215, 0xB8FFC040, 0x130B0E48, 0x15181702,
0x054A4010, 0x01101009, 0x0C080902, 0x003F3F12, 0x392F5DED, 0x3F0110D6, 0x2B5DFDD6, 0x5DED5D33, 0x31301314, 0x1E023332, 0x36371133, 0x11233506,
0x0623222E, 0x02353533, 0xA80B1824, 0x180D2711, 0x7B7B172C, 0x142C4935, 0x1E7B01B5, 0x26301D0B, 0x0304012D, 0xFD95CF03, 0x04143459, 0x45BD0001,
0x00170000, 0x01DD026B, 0x000B0039, 0x40216F0B, 0x010B0A10, 0x07014F07, 0x5F070207, 0x066F0301, 0x03020C0A, 0x02030208, 0x06054801, 0x08000800,
0x3F3FFDC5, 0x333F3F01, 0x10D6D55D, 0xD6D55D71, 0xD6C55D31, 0x30212111, 0x33113311, 0x33113311, 0x3301DDFE, 0x3A615260, 0x5261026B, 0xFDFB011A,
0xFEE60205, 0x00010017, 0xFF5B01EB, 0x026B000F, 0x0059403A, 0x2F003F00, 0x4F000300, 0x0F030C9F, 0x0BAF0B02, 0x100B01CF, 0x0B01700B, 0x010B096F,
0x06010610, 0x05200530, 0x0503D005, 0xE0050205, 0x100D0206, 0x020F0A08, 0x0B480308, 0x0292003F, 0x3FFD32C5, 0x333F3F01, 0x10D65D71, 0xD55DD6D5,
0x5D5D7171, 0xD6D5D5C5, 0x5D313025, 0x11233521, 0x11331133, 0x11331133, 0x11331101, 0xEB60FE8C, 0x61476147, 0x6066FEF5, 0xA5026BFD, 0xFB011AFE,
0xE60205FD, 0xFB000200, 0x12FFF801, 0xD4026B00, 0x12001D00, 0x37401F1A, 0x46400960, 0x0902091F, 0x1303449F, 0x12011200, 0x1E044A1D, 0x1D01174A,
0x0E090048, 0x0102003F, 0xED3FED12, 0x392FED01, 0x10D6D55D, 0xED3210D6, 0x5DED3130, 0x13353315, 0x33321E02, 0x15140E02, 0x23222627, 0x11171516,
0x32333236, 0x35342623, 0x12CB1D31, 0x50392022, 0x3B502E22, 0x4F267B07, 0x0E062B32, 0x33300205, 0x66D61731, 0x4C363650, 0x3419080B, 0x01FAD6C7,
0x012E3637, 0x2D000300, 0x22FFF801, 0xCF026B00, 0x0E001900, 0x1D006AB9, 0x0016FFC0, 0x402C0B0E, 0x48168400, 0x2F1B3F1B, 0x021B521A, 0x40091048,
0x1A1F0F40, 0x0A500AD0, 0x0A03310A, 0x01200A01, 0x0A52C009, 0xD009F009, 0x0309B8FF, 0xC040140F, 0x1248091E, 0x1C021B08, 0x0C4A1919, 0x050A0213,
0x4A050900, 0x3FED3F12, 0x392FED3F, 0x3F0110D6, 0x2B5DED5D, 0x5D5D3210, 0xDE2BFD5D, 0xDEED2B31, 0x3025140E, 0x02232226, 0x27113315, 0x33321627,
0x15161633, 0x32363534, 0x26230123, 0x1133014C, 0x1B2F4024, 0x1D3D2260, 0x0D615CCA, 0x07130626, 0x222D2D01, 0x3F6060CB, 0x3C503215, 0x070A0262,
0xCE6601D8, 0x01013B32, 0x3B32FEC8, 0x026B0002, 0x0036FFF8, 0x01D5026B, 0x000B0018, 0x003FB215, 0x4600B8FF, 0xC0402109, 0x0F48001A, 0x0C094410,
0x07200730, 0x07500704, 0x07194F18, 0x01184A0A, 0x0A030802, 0x104A0309, 0x003FED3F, 0x12392FED, 0x5D0110D6, 0x5DED3210, 0xD62BED31, 0x30251406,
0x23222627, 0x11331533, 0x32051516, 0x3233323E, 0x02353426, 0x2301D585, 0x7425542D, 0x7B31F3FE, 0xDC081A0F, 0x182A1F13, 0x4938CB69, 0x6A080B02,
0x60D666C7, 0x010A1724, 0x1B392F00, 0x01002AFF, 0xF301E402, 0x79002400, 0x39401E0C, 0x0A0D4600, 0x20202002, 0x20261603, 0x2515124A, 0x1B0C0B0C,
0x0B001B03, 0x04074A00, 0x09003FFD, 0xC63F1239, 0x392F2F10, 0xFDC60110, 0xD6C610D6, 0x5DFD32C5, 0x31301722, 0x26273716, 0x16333236, 0x37233533,
0x2E032322, 0x0607273E, 0x0333321E, 0x0215140E, 0x02D13A53, 0x1A1F1240, 0x30474E08, 0xCECD061D, 0x282F192A, 0x41172007, 0x1C2A3720, 0x3D634727,
0x2547660D, 0x1B10610B, 0x165C496F, 0x303C230D, 0x150F6204, 0x100E0B29, 0x5179504A, 0x77542E00, 0x02001EFF, 0xF301DB02, 0x79001A00, 0x2E0065B7,
0xC000D000, 0xF0000300, 0xB8FFC040, 0x0E0B0E48, 0x005225C0, 0x1BD01BF0, 0x1B031BB8, 0xFFC04010, 0x0B0E481B, 0x520A110B, 0x20103010, 0x0210520E,
0xB8FFC040, 0x14111A48, 0x0E2F2A4A, 0x16030B48, 0x100F020C, 0x08204A05, 0x09003FED, 0x3F3FD5ED, 0x3FED0110, 0xD62BFD5D, 0x32D632FD, 0x2B5DD6ED,
0x2B5D3130, 0x01140E02, 0x23222E02, 0x27231123, 0x11331533, 0x3E033332, 0x1E020714, 0x1E023332, 0x3E023534, 0x2E022322, 0x0E0201DB, 0x10233626,
0x23342313, 0x023E6161, 0x3F031424, 0x32212536, 0x2311BB02, 0x09111010, 0x12090202, 0x09121010, 0x12080201, 0x36607D49, 0x1D19416E, 0x54FEF102,
0x6BF64C65, 0x3B181D49, 0x7D603E55, 0x34161734, 0x543E3F54, 0x34161634, 0x55000200, 0x14000001, 0xC7027200, 0x19002400, 0x3A40201E, 0x08440006,
0x10060206, 0x261A4615, 0x090C4412, 0x0D250C08, 0x08481E1E, 0x00070822, 0x4A000300, 0x3FED3F12, 0x392FED3F, 0x0110D632, 0xED32D6ED, 0x10D65DFD,
0xC0313001, 0x321E0217, 0x11233523, 0x06060723, 0x3E033726, 0x2635343E, 0x02071416, 0x33333526, 0x26232206, 0x01270F28, 0x2C2B127B, 0x40233D17,
0x810C2124, 0x2511332B, 0x213E5638, 0x383F1B0A, 0x1407313C, 0x02720203, 0x0704FD9E, 0xE4396F3C, 0x1F45453F, 0x1A175836, 0x344D3218, 0xCA2D31BA,
0x02012EFF, 0xFF002CFF, 0xF501B901, 0xE2020600, 0x44000000, 0x020028FF, 0xF301CD02, 0xB5001C00, 0x2E0060B9, 0x0018FFE0, 0x401A0D00, 0x4D042012,
0x004D0420, 0x0E004D03, 0x200E004D, 0x05201800, 0x4D2A530C, 0xB8FFC040, 0x1F090C48, 0x0C000001, 0x00302053, 0x142F001C, 0x9F255711, 0x072D5730,
0x07500770, 0x0703070A, 0x003F5DED, 0x3FED3FC5, 0x0110D6ED, 0x10C65DD6, 0x2BED3130, 0x002B012B, 0x2B2B2B01, 0x0E030736, 0x33321E02, 0x15140E02,
0x23222635, 0x343E0237, 0x36363701, 0x06061514, 0x1E023332, 0x3E023534, 0x26232201, 0xC62C5B4E, 0x37073332, 0x2642311C, 0x21374B2A, 0x74642446,
0x6A451E39, 0x1FFEFA02, 0x01061221, 0x1A111A12, 0x09252722, 0x02470908, 0x19393A1C, 0x1D395538, 0x3C5A3C1E, 0x96946186, 0x5A340F06, 0x0707FE89,
0x0B1F121A, 0x392F1E15, 0x222D1735, 0x45000300, 0x44FFF701, 0xCE01E000, 0x09001400, 0x2F008F40, 0x150D400E, 0x004D0D40, 0x0B004D06, 0x400E004D,
0x06400B00, 0x4D2AB8FF, 0xE0B30F00, 0x4D2AB8FF, 0xC0B30E00, 0x4D29B8FF, 0xC0400F0E, 0x0F004C10, 0x400D004D, 0x0D532506, 0x532DB8FF, 0xC0402809,
0x0C482D31, 0x14095100, 0x1A101A30, 0x1A031A30, 0x70088008, 0x0208730A, 0x280A2815, 0x1055200B, 0x3F030103, 0x55150700, 0x3FED5D3F, 0xED123939,
0x3D2F182F, 0xED5D0110, 0xD65DFDC0, 0x10D62BED, 0xD4ED3130, 0x002B2B2B, 0x2B012B2B, 0x2B2B3716, 0x16333236, 0x35342323, 0x37323635, 0x34262322,
0x06071513, 0x222E0227, 0x113E0333, 0x321E0215, 0x1406071E, 0x03070606, 0xBF0A2C0F, 0x262A4B4A, 0x481A2126, 0x1F0B290A, 0x3A173231, 0x2B10102B,
0x31321733, 0x4A2F1620, 0x170C1B15, 0x0E010268, 0x60020117, 0x1E355414, 0x1C1B1503, 0x025BFEDC, 0x04060804, 0x01C20307, 0x04031523, 0x2F1B2330,
0x0C06131C, 0x26194153, 0x00010059, 0x000001BF, 0x01D60005, 0x00284018, 0x20000100, 0x01510003, 0x10033003, 0x03030630, 0x01010155, 0x040A0306,
0x003F3FED, 0x5D0110D6, 0x5DFDC55D, 0x31300123, 0x11231121, 0x01BFEA7C, 0x01660170, 0xFE9001D6, 0x00020018, 0xFF7A01D9, 0x01D6000F, 0x0017005D,
0xB90014FF, 0xC040090E, 0x004D0C0A, 0x19165108, 0xB8FFC040, 0x29090E48, 0x0809192F, 0x153F1502, 0x15010D2F, 0x063F064F, 0x06030600, 0x18011555,
0x0E0D060B, 0x08550C06, 0x070A1055, 0x060A003F, 0xED3F3FED, 0xC53FC5ED, 0x320110D6, 0xC65DC5D5, 0xC55D10D6, 0xD52BED10, 0xD6C53130, 0x2B37333E,
0x03352111, 0x33152335, 0x23152313, 0x0E030733, 0x11182516, 0x1D0F0601, 0x312372DD, 0x72D20308, 0x0E150F8D, 0x66245C62, 0x632BFE90, 0xEC868601,
0xF61F4546, 0x431D010A, 0xFFFF001F, 0xFFF501D1, 0x01E20206, 0x00480000, 0x0001000E, 0x000001E6, 0x01D6002B, 0x00734041, 0x12400050, 0x00800090,
0x00040052, 0x29152918, 0x24190323, 0x1E0E050F, 0x030B0623, 0x29061E0B, 0x060B291E, 0x23052C2D, 0x1215141E, 0x00290B2B, 0x1E0B1E0B, 0x142B0A24,
0x0A180614, 0x060F0605, 0x0A003F3F, 0x3F3F3F3F, 0x1239393D, 0x2F2F1112, 0x39391112, 0x39390111, 0x1217392F, 0x2F182F2F, 0x2F111217, 0x39111217,
0x39113310, 0xED5D3231, 0x30013E03, 0x37330E03, 0x07161617, 0x23262627, 0x15233506, 0x0607233E, 0x03372E03, 0x27331E03, 0x17353301, 0x2B091717,
0x1508670C, 0x1A1D2113, 0x233C1667, 0x072A2160, 0x22280867, 0x0A191E22, 0x1114221D, 0x190C6708, 0x1518170A, 0x60011114, 0x32343417, 0x1C333537,
0x1F358641, 0x206F4EDD, 0xE04D6E25, 0x1F43423D, 0x1A213734, 0x331C1734, 0x343114C4, 0x00010033, 0xFFF301B3, 0x01E00030, 0x0051402F, 0x2853081D,
0x530E3224, 0x00101601, 0x16311740, 0x1A011A57, 0x133F254F, 0x257F258F, 0x25042573, 0x220B0B22, 0x03130730, 0x4F2D012D, 0x57030B00, 0x3FFD5DC6,
0x3F123939, 0x3D2F182F, 0xED5D10FD, 0x5DC60110, 0xD65DD6C4, 0x10D6EDD4, 0xED313013, 0x36363332, 0x1E021514, 0x06071616, 0x15140E02, 0x23222627,
0x37161633, 0x32363534, 0x2E022323, 0x35333236, 0x35342E02, 0x23220607, 0x40224E33, 0x27463520, 0x221D2726, 0x21374A29, 0x325F2417, 0x1453352C,
0x2D0E171D, 0x0F6A6A26, 0x1D07121E, 0x162A4B17, 0x01C70B0E, 0x0D1F3426, 0x23301111, 0x372B2837, 0x220F120F, 0x65071319, 0x150F130B, 0x045D1B11,
0x08110D08, 0x0E060001, 0x003F0000, 0x01B601D6, 0x000F003C, 0x40100A07, 0x52060320, 0x0F300F02, 0x0F527000, 0x0100B8FF, 0xC0401009, 0x0E480010,
0x0A03010F, 0x06080607, 0x0A010A00, 0x3F3F3F3F, 0x12393901, 0x10D62B5D, 0xFD5DD5D5, 0xEDC53130, 0x33113311, 0x36363733, 0x1123110E, 0x03073F6E,
0x204E3863, 0x6F172927, 0x291601D6, 0xFEF54081, 0x4AFE2A01, 0x20234244, 0x4B2CFFFF, 0x003F0000, 0x01B602AE, 0x022602E5, 0x00000106, 0x03880000,
0x0010400B, 0x0100151D, 0x00075001, 0x01104F2B, 0x2B340001, 0x003F0000, 0x01E801D6, 0x0018005A, 0x400D0351, 0x040F5180, 0x0EA00EB0, 0x0E030EB8,
0xFFC0400E, 0x0A0F480E, 0x1A095200, 0x30140114, 0x5116B8FF, 0xC0401409, 0x0F481619, 0x170A1606, 0x0003140F, 0x0909030F, 0x06030A00, 0x3F3F1239,
0x3D2F1239, 0x1239183F, 0x3F0110D6, 0x2BFD5DD0, 0xED10D62B, 0x5DEDD6ED, 0x31301336, 0x3637330E, 0x03071E03, 0x17232E03, 0x27152311, 0x33BB2349,
0x1995122C, 0x2F2F1419, 0x39362D0E, 0x8E0C262C, 0x2E137C7C, 0x01212A62, 0x2917383A, 0x36161841, 0x46461C19, 0x3F3D3712, 0xDE01D600, 0x010011FF,
0xF801B601, 0xD6001500, 0x21401120, 0x13011351, 0x15005310, 0x08161406, 0x120A0707, 0x003F3F3F, 0x0110D6D6, 0xFDD6ED5D, 0x3130130E, 0x05072736,
0x36373E03, 0x35352111, 0x2311F002, 0x050D1A2D, 0x43301123, 0x220B0C0D, 0x07010134, 0x7B01702B, 0x57524837, 0x22036608, 0x2215183F, 0x46471F36,
0xFE2A0170, 0x00010018, 0x000001DE, 0x01D6001C, 0x0087B900, 0x0DFFF8B4, 0x0E0F004C, 0x04B8FFC0, 0x40450B00, 0x4D13400B, 0x004D0A0B, 0x2010C010,
0xD0100310, 0x1E151D14, 0x16130512, 0x111E2016, 0x3016023F, 0x11011611, 0x05110516, 0x031D1E00, 0x1C171D16, 0x06121505, 0x13141413, 0x05151205,
0x0A11060A, 0x0A000A00, 0x3F3F3F12, 0x17392F2F, 0x2F2F2F3F, 0x0110D6D5, 0xC5111217, 0x393D2F18, 0x2F2F5D5D, 0x11123911, 0x39123911, 0x3910D65D,
0xD5C53130, 0x002B012B, 0x2B131E03, 0x173E0337, 0x331E0317, 0x23130723, 0x2713233E, 0x0337A207, 0x1518190B, 0x0B191815, 0x0866070D, 0x09060271,
0x064B5A4A, 0x05710307, 0x080B0701, 0xD6153C45, 0x48222148, 0x453D153E, 0x7573733D, 0x014CEBEB, 0xFEB43A7C, 0x7B743100, 0x01003B00, 0x0001B801,
0xD6000B00, 0x39400E09, 0x00510F02, 0x019F0201, 0x02080351, 0x05B8FFC0, 0x40100B0E, 0x48050C02, 0x55090A0A, 0x060A0406, 0x0106003F, 0x3F3F3FD5,
0xED0110D6, 0x2BFD32D6, 0x5D71ED33, 0x31302123, 0x35231523, 0x11331533, 0x353301B8, 0x7B877B7B, 0x877BBABA, 0x01D6B6B6, 0xFFFF001D, 0xFFF301D8,
0x01E20206, 0x00520000, 0x0001003F, 0x000001B6, 0x01D60007, 0x00424017, 0xBF010101, 0x51B00201, 0x9F02AF02, 0x02300201, 0x02BF0501, 0x055106B8,
0xFFC04010, 0x090E4806, 0x08060601, 0x06300301, 0x0355000A, 0x003FED5D, 0x3F3F0110, 0xD62BFD5D, 0xD65D5D5D, 0xED5D3130, 0x01112311, 0x23112311,
0x01B67C80, 0x7B01D6FE, 0x2A0170FE, 0x9001D6FF, 0xFF003FFF, 0x5B01D501, 0xE0020600, 0x530000FF, 0xFF002CFF, 0xF501D201, 0xE2020600, 0x46000000,
0x01002600, 0x0001CF01, 0xD6000700, 0x2B401900, 0x20010101, 0x51044005, 0x50058005, 0x03050804, 0x0155070A, 0x060A0306, 0x003F3F3F, 0xFDC00110,
0xD65DD5FD, 0x5DC53130, 0x01231123, 0x11233521, 0x01CF977C, 0x9601A901, 0x70FE9001, 0x7066FFFF, 0x0014FF58, 0x01D801D6, 0x0206005C, 0x00000003,
0x0018FF5B, 0x01DB02B5, 0x0006000D, 0x00270074, 0x402F271D, 0x0D202230, 0x224022C0, 0x22D02205, 0x2252A00A, 0x010A3F0D, 0x4F0D020D, 0x851A10A0,
0x00010020, 0x03300340, 0x03C003D0, 0x03050352, 0x15B8FFC0, 0x401C1518, 0x48AF1501, 0x15280749, 0x27061C0D, 0x491D0A1B, 0x00491A0A, 0x06491006,
0x0F0E003F, 0x3FED3FED, 0xC53FEDC5, 0x3FED0110, 0xD65D2BFD, 0x5DD65DC0, 0xC0FD5DD6, 0x5DED5D10, 0xD0C03130, 0x13060615, 0x14161733, 0x36363534,
0x26271123, 0x352E0335, 0x343E0237, 0x3537151E, 0x0315140E, 0x0207C92A, 0x25242B60, 0x242C2C24, 0x602F432B, 0x14132A43, 0x31602641, 0x301B1A30,
0x41270178, 0x054F3D3D, 0x4C06014A, 0x45464802, 0xFDE3A304, 0x273D5330, 0x2D4E3E28, 0x07CF15E4, 0x051F3954, 0x38395439, 0x2004FFFF, 0x00140000,
0x01E101D6, 0x0206005B, 0x00000001, 0x003FFF7A, 0x01C701D6, 0x000B0035, 0x40200100, 0x51040908, 0x51200530, 0x05500560, 0x05700505, 0x050C0A0A,
0x060A0009, 0x55050603, 0x0406003F, 0xC53FFDC0, 0x3F3F0110, 0xD65DFDD6, 0xCDFDCD31, 0x30253315, 0x23352111, 0x33113311, 0x3301A423, 0x72FEEA7B,
0x6E7C66EC, 0x8601D6FE, 0x90017000, 0x01002B00, 0x0001B601, 0xD6001600, 0x2C40170E, 0x0A510B18, 0x01533015, 0x01151716, 0x0A065710, 0x100A0D06,
0x0A0A003F, 0x3F12392F, 0xED3F0110, 0xD65DED10, 0xD6FDC031, 0x30131514, 0x1E023332, 0x36373533, 0x11233506, 0x23222E02, 0x3535A610, 0x1B211110,
0x1C0B7C7C, 0x2A272745, 0x341E01D6, 0x9513180E, 0x050202CF, 0xFE2A9A06, 0x0F274132, 0x99000100, 0x20000001, 0xD401D600, 0x0B005340, 0x1A5F006F,
0x00020009, 0x7008012F, 0x083F084F, 0x08030805, 0x5F046F04, 0x020401B8, 0xFFC0401A, 0x1A004D70, 0x01800190, 0x01C00104, 0x010C0A0A, 0x030A0106,
0x07050955, 0x0006003F, 0xFDD0C53F, 0x3F3F0110, 0xD65D2BD5, 0x5DD6D55D, 0x5DD6C55D, 0x31302121, 0x11331133, 0x35331533, 0x113301D4, 0xFE4C6149,
0x60496101, 0xD6FE90FF, 0xFF017000, 0x010020FF, 0x7A01E201, 0xD6000F00, 0x7FB50D40, 0x0E004D0C, 0xB8FFC0B4, 0x0B0D004C, 0x0BB8FFC0, 0x40490B0D,
0x004C0D2F, 0x0C3F0C4F, 0x0C6F0C04, 0x0C5F0001, 0x00091007, 0x01EF07FF, 0x07027007, 0x80079007, 0x035F0701, 0x07066F03, 0x01031002, 0x20023002,
0x03700280, 0x02900203, 0x0210070A, 0x0A030A05, 0x08550F0C, 0x55000600, 0x3FEDC5FD, 0xC03F3FC6, 0x0110D65D, 0x71D55DD6, 0xD55D5D5D, 0x71D6C55D,
0xD55DC531, 0x302B2B2B, 0x21211133, 0x11333533, 0x15331133, 0x11331523, 0x0182FE9E, 0x613E613E, 0x61236001, 0xD6FE90FF, 0xFF0170FE, 0x90EC0002,
0x0012FFF6, 0x01D401D6, 0x000C0020, 0x004B4031, 0x00400B00, 0x4D005300, 0x14201440, 0x14601480, 0x14051422, 0x060D511D, 0x1E210357, 0x0F0F194F,
0x1E5F1E6F, 0x1E031E55, 0x1F0A400A, 0x010A5719, 0x07003FED, 0x5D3FED5D, 0x12392FED, 0x0110D6D5, 0xFDC010D6, 0x5DED3130, 0x2B253426, 0x23220607,
0x15161633, 0x32362736, 0x33321E02, 0x15140E02, 0x23222627, 0x11233533, 0x01592B24, 0x0C170A0C, 0x1A0C1D2D, 0x7C282125, 0x402E1B1F, 0x34482837,
0x562250CB, 0x98211803, 0x026C0202, 0x18BB0813, 0x293D2A2F, 0x3D240E0F, 0x08016366, 0x00030022, 0xFFF601CF, 0x01D60012, 0x00160023, 0x005D400A,
0x20173017, 0x40170317, 0x7908B8FF, 0xC0401409, 0x0C480860, 0x16701602, 0x16A44015, 0x01152500, 0x1EA410B8, 0xFFC04017, 0x0F124810, 0x24160613,
0x0A400301, 0x03571A1A, 0x0D120A21, 0x570D0700, 0x3FED3F12, 0x392FED5D, 0x3F3F0110, 0xD62BFDC0, 0x10D65DFD, 0x5DD62BED, 0x5D313013, 0x36363332,
0x1E021514, 0x0E022322, 0x2627113B, 0x02112327, 0x34262322, 0x06071516, 0x16333236, 0x82141E10, 0x192F2516, 0x1B2D3B1F, 0x243E2160, 0xED60608A,
0x1B200B12, 0x0B0C110B, 0x211A012F, 0x04041327, 0x3E2B303D, 0x240D0B08, 0x01CDFE2A, 0x981F2303, 0x027E0202, 0x22000200, 0x36FFF601, 0xD501D600,
0x10002100, 0x3FB20353, 0x19B8FFC0, 0x400C090F, 0x48192311, 0x0B51701F, 0x011FB8FF, 0xC040100A, 0x0E481F22, 0x14570808, 0x1C210A00, 0x571C0700,
0x3FED3F12, 0x392FED01, 0x10D62B5D, 0xFDC010D6, 0x2BED3130, 0x25323635, 0x342E0223, 0x22060715, 0x1E032736, 0x3633321E, 0x02151406, 0x23222627,
0x11330109, 0x262B111D, 0x24121425, 0x0C05151A, 0x1A4E162F, 0x17274838, 0x216C5A3C, 0x6A337B5C, 0x1D1F1216, 0x0D050402, 0x6C010101, 0x01D30405,
0x11263F2E, 0x534B0C0C, 0x01C80001, 0x0018FFF5, 0x01CB01E2, 0x0022004A, 0x402D1114, 0x53000020, 0x00B00003, 0x0024131B, 0x08231A30, 0x17011757,
0x1E401350, 0x13601303, 0x13551212, 0x051E0B09, 0x400C010C, 0x57050700, 0x3FFD5DC6, 0x3F12392F, 0xED5D10FD, 0x5DC60110, 0xD6D6C410, 0xD65DFDC5,
0x31302514, 0x0E022322, 0x26273716, 0x1633323E, 0x02372335, 0x33262623, 0x22060727, 0x36363332, 0x1E0201CB, 0x26435E38, 0x30543019, 0x1D422319,
0x322B1E06, 0xC3C20E52, 0x3325361F, 0x1A2C5226, 0x395F4426, 0xEE3C5D3F, 0x210D1165, 0x090F0A17, 0x231A5D32, 0x2A090B64, 0x0E0D213F, 0x5B000200,
0x17FFF501, 0xE201E200, 0x16002A00, 0x6D401A24, 0x0B013B1C, 0x4B1CCB1C, 0xDB1C042F, 0x1C01021C, 0x52400B60, 0x0B800B03, 0x0BB8FFC0, 0x400B1316,
0x480B2CC0, 0x26D02602, 0x26B8FFC0, 0x401D0B0F, 0x48265203, 0x13021452, 0xD0160116, 0x2B150617, 0x57100721, 0x57060B14, 0x02010A00, 0x3FD5C53F,
0xED3FED3F, 0x0110D65D, 0xFDC0D6D0, 0xED2B5D10, 0xD62B5DED, 0x5F5D5D31, 0x305D1333, 0x15333636, 0x33321E02, 0x15140E02, 0x23222627, 0x23152325,
0x323E0235, 0x342E0223, 0x220E0215, 0x141E0217, 0x613B0746, 0x4B2A3A23, 0x1010253A, 0x2A4A4507, 0x3B610133, 0x0B140F08, 0x080F140B, 0x0B140F08,
0x080F1401, 0xD6B55B66, 0x223F5B3A, 0x385B4024, 0x6C5BBC5B, 0x0B20392D, 0x2D391F0B, 0x0B20382D, 0x2E391F0B, 0x00020014, 0x000001C7, 0x01E00015,
0x00220040, 0x40242215, 0x51001301, 0x13241C53, 0x680A010A, 0x00035107, 0x6F040104, 0x23155522, 0x220D1406, 0x19570D0B, 0x0306003F, 0x3FED3F12,
0x392FED01, 0x10D65D32, 0xED32D65D, 0xED10D65D, 0xFDC03130, 0x37060607, 0x23363637, 0x26263534, 0x3633321E, 0x02171123, 0x35352626, 0x23220615,
0x141E0233, 0x33F11C2E, 0x147F1A39, 0x192C216D, 0x68183433, 0x2F117B0A, 0x280E3628, 0x10192010, 0x45A72A50, 0x2D3A6623, 0x163B294E, 0x55040709,
0x04FE38A7, 0xCF010321, 0x1A11160E, 0x06FFFF00, 0x1FFFF501, 0xD102B302, 0x26004800, 0x00010600, 0x43EF0000, 0x13B90002, 0xFFFD4009, 0x29270007,
0x50020428, 0x4F2B2B34, 0x00FFFF00, 0x1FFFF501, 0xD102A102, 0x26004800, 0x00010600, 0x83000000, 0x17401003, 0x0203283A, 0x00075003, 0x04324F02,
0x04264F2B, 0x2B2B3434, 0x00000100, 0x19FF5B01, 0xB902B600, 0x29006940, 0x431B400D, 0x0F004C22, 0x5113400A, 0x004DA013, 0x010F1301, 0x13400B0E,
0x48132B09, 0x07070B28, 0x511A400D, 0x004D0F1A, 0x5F1A021A, 0x0400022A, 0x29061E57, 0x1A170E25, 0x570E0B01, 0x0A730608, 0x04050304, 0x003FC63F,
0xC6FDC03F, 0xED3FC5ED, 0x3F0110D6, 0xDE32C65D, 0x2BFDC033, 0x2FC510D6, 0x2B5D5D2B, 0xED31302B, 0x33112335, 0x33353715, 0x33152315, 0x36363332,
0x1E021515, 0x14062322, 0x26273716, 0x16333236, 0x35353426, 0x23220607, 0x11503737, 0x7C7F7F0E, 0x260F3141, 0x27115A56, 0x0C311612, 0x0E161125,
0x1C1A230E, 0x1F080214, 0x533A154F, 0x53420509, 0x1F394F30, 0xF85D5904, 0x08670404, 0x2B24E442, 0x3A0803FE, 0x96FFFF00, 0x59000001, 0xBF02B302,
0x2602E000, 0x00010600, 0x8F1D0000, 0x10400B01, 0x16080603, 0x00500104, 0x074F2B2B, 0x34000100, 0x27FFF501, 0xD701E200, 0x20005040, 0x31080019,
0x20196019, 0x03192240, 0x22011240, 0x1001100F, 0x53002118, 0x40150115, 0x571C5F11, 0x6F110211, 0x55101005, 0x1C07094F, 0x0C010C57, 0x050B003F,
0xFD5DC63F, 0x12392FED, 0x5D10FD5D, 0xC60110D6, 0xFDC55DC5, 0x5D10D65D, 0xC6313037, 0x343E0233, 0x32161707, 0x26262322, 0x06073315, 0x23161633,
0x32363717, 0x06062322, 0x2E022720, 0x4468472B, 0x46241B14, 0x3328484C, 0x0BC3C40B, 0x51491F44, 0x1A101A4D, 0x334A6943, 0x20EB335A, 0x43270C0E,
0x63070B32, 0x2A5D2D31, 0x0908650A, 0x0D26425A, 0xFFFF0036, 0xFFF501BA, 0x01E20206, 0x00560000, 0xFFFF0024, 0xFFF501D3, 0x02AC0206, 0x004C0000,
0xFFFF0024, 0xFFF501D3, 0x02A10226, 0x010C0000, 0x01060083, 0xEF00001A, 0xB10201B8, 0xFFEF400D, 0x16280A00, 0x50020B20, 0x4F010B14, 0x4F2B2B2B,
0x34340000, 0xFFFF0031, 0xFF560190, 0x02AC0206, 0x004D0000, 0x00020004, 0xFFF501E1, 0x01D6001E, 0x002B0050, 0x40312940, 0x1012004C, 0x5F060106,
0x841F7F25, 0x8F250225, 0x008F100F, 0x010F8F10, 0x01108F1D, 0x172C037D, 0x22220B0F, 0x551E0A17, 0x57160729, 0x7D0B0700, 0x3FED3FED, 0x3FED1239,
0x2FED0110, 0xD6D6FD5D, 0xD65DFDD0, 0x5DD6ED5D, 0x3130002B, 0x01363633, 0x32161514, 0x0E022322, 0x26271123, 0x15140E02, 0x07273E03, 0x35353313,
0x34262322, 0x06071516, 0x16333236, 0x012E0E1B, 0x0C3F3F19, 0x2A381F1C, 0x3A1B3301, 0x183C3C0E, 0x191D0E03, 0xE3511A1B, 0x070D0808, 0x0D061D19,
0x01260304, 0x54492C3B, 0x24100B09, 0x0179184F, 0x84623A05, 0x6106192D, 0x432FC1FE, 0xBD232702, 0x038E0201, 0x26000200, 0x2EFFF501, 0xE101D600,
0x18002500, 0x7140334F, 0x065F0602, 0x06841900, 0x2F1F3F1F, 0x4F1F036F, 0x1F7F1F8F, 0x1F031F8F, 0x16A00FB0, 0x0FC00F03, 0x0F102F15, 0x3F154F15,
0x038F1501, 0x158F2013, 0x0113B8FF, 0xC040160B, 0x10481326, 0x037D1C1C, 0x0B180A10, 0x15140A11, 0x06237D0B, 0x07003FED, 0x3F3FD5C5, 0x3F12392F,
0xED0110D6, 0x2B71FD5D, 0x71D0D65D, 0xC0FD5D71, 0xC0D6ED5D, 0x31300136, 0x36333216, 0x15140E02, 0x23222627, 0x35231523, 0x11331533, 0x35331334,
0x26232206, 0x07151616, 0x33323601, 0x2E0E1B0C, 0x3F3F192A, 0x381F1C3A, 0x1B515757, 0x5158511A, 0x1B070D08, 0x080D061D, 0x19012603, 0x0454492C,
0x3B24100B, 0x09BFC801, 0xD6BABAFE, 0xBD232702, 0x038E0201, 0x26FFFF00, 0x19000001, 0xB902B602, 0x06010200, 0x00FFFF00, 0x3F000001, 0xE802B302,
0x2602E700, 0x00010600, 0x8F0B0000, 0x13B90001, 0xFFFD4009, 0x1B19160E, 0x5001031A, 0x4F2B2B34, 0x00FFFF00, 0x3F000001, 0xB602B302, 0x2602E500,
0x00010600, 0x43EF0000, 0x13B90001, 0xFFFA4009, 0x13110007, 0x50010112, 0x4F2B2B34, 0x00FFFF00, 0x14FF5801, 0xD802AE02, 0x26005C00, 0x00010603,
0x88000000, 0x10400B01, 0x0428300D, 0x00500100, 0x234F2B2B, 0x34000100, 0x3FFF7A01, 0xB601D600, 0x0B004840, 0x1A0A5130, 0x09B009C0, 0x09031F09,
0x01090651, 0x054F0001, 0x001F0301, 0x035105B8, 0xFFC04010, 0x0A0E4805, 0x0C090A06, 0x0A085501, 0x03060006, 0x003F3FC5, 0xED3F3F01, 0x10D62BFD,
0x5DC55D10, 0xFDD65D5D, 0xED313021, 0x15233523, 0x11331133, 0x11331101, 0x3272817B, 0x807C8686, 0x01D6FE90, 0x0170FE2A, 0x0002001F, 0xFFF301D7,
0x02B4002C, 0x003C0040, 0x40262D46, 0x13202340, 0x23602370, 0x2304233E, 0x1B460508, 0x37467000, 0x01003D32, 0x5720200D, 0x3A4A2807, 0x16570D10,
0x003FED3F, 0xED12392F, 0xED0110D6, 0x5DEDD4C5, 0xED10D65D, 0xC4ED3130, 0x37343E02, 0x37262635, 0x343E0233, 0x32323636, 0x37170606, 0x23220E02,
0x15141E02, 0x17161615, 0x140E0223, 0x222E0225, 0x342E0227, 0x0E031514, 0x16333236, 0x1F0B1E35, 0x2B1D2414, 0x293F2C1A, 0x28242113, 0x0B235226,
0x0913110A, 0x0B1B2D21, 0x3B461F39, 0x51313251, 0x3B20013A, 0x111B2413, 0x1C231307, 0x352A2A33, 0xDA16383A, 0x37151739, 0x291D3325, 0x15010101,
0x5B020202, 0x08100D0C, 0x171B2216, 0x27674837, 0x593E211F, 0x3B56411A, 0x2A231E0E, 0x0D242828, 0x12444342, 0x00020012, 0xFFF801D5, 0x02930013,
0x00200051, 0x40318F00, 0x9F00BF00, 0x03005330, 0x1D401D02, 0x1D140F0D, 0x10510A07, 0x08214012, 0x01125720, 0x200C0307, 0x10400D10, 0x4810550A,
0x0D0C9318, 0x57030700, 0x3FED3FD5, 0xC0FD2BC0, 0x1112392F, 0xED5D0110, 0xD6D5C0FD, 0xC0C5D0D6, 0x5DED5D31, 0x30251406, 0x23222627, 0x11233533,
0x35331533, 0x15231533, 0x32051516, 0x3233323E, 0x02353426, 0x2301D577, 0x6923512C, 0x43437B9C, 0x9C2BDAFE, 0xFB08160D, 0x1321190E, 0x3B2DCB69,
0x6A080B01, 0xE9663939, 0x665F66C7, 0x010A1724, 0x1B392F00, 0x020012FF, 0xF601D502, 0xB6001800, 0x29005040, 0x198F119F, 0x11021153, 0x201C301C,
0x401C031C, 0x24070508, 0x51021800, 0x2A0CB8FF, 0xC040150D, 0x004D200C, 0x010C5721, 0x21041957, 0x1407060A, 0x0410010A, 0x003F3F3F, 0x3FED1239,
0x2FED5D2B, 0x0110D6D5, 0xC0FDC0C5, 0xD0D65DED, 0x5D313013, 0x35333537, 0x15331523, 0x15363633, 0x321E0215, 0x14062322, 0x26271113, 0x32363534,
0x2E022322, 0x0607151E, 0x0312437B, 0x95951428, 0x14244132, 0x1E615239, 0x6331C81C, 0x210E171C, 0x0F111F0A, 0x05131616, 0x017A5CCB, 0x15E05C4B,
0x04051126, 0x3F2E534B, 0x0C0C016C, 0xFEE21D1F, 0x12160D05, 0x04026C01, 0x01010100, 0x03001BFF, 0xF301D902, 0x79000B00, 0x1F003400, 0x62B90019,
0xFFC0B416, 0x17004C19, 0xB8FFC040, 0x340E0F00, 0x4C251B46, 0x40066006, 0x80060306, 0x36301146, 0xA0000100, 0x35A019B0, 0x1902A028, 0xB0280214,
0x192D2828, 0x2D191404, 0x03204A09, 0x070C4A03, 0x03003FED, 0x3FED1217, 0x392F2F2F, 0x2F5D5D01, 0x10D65DFD, 0xC010D65D, 0xFDC53130, 0x002B2B13,
0x34363332, 0x16151406, 0x23222613, 0x220E0207, 0x36363332, 0x1E023332, 0x372E0303, 0x323E0237, 0x06062322, 0x2E022322, 0x06071E03, 0x1B76696D,
0x72746A6D, 0x73DF1C24, 0x160A010E, 0x1C0E121C, 0x19180E0F, 0x0E010916, 0x251C1A23, 0x160B020A, 0x1309121C, 0x19180E0B, 0x150E010B, 0x17230136,
0xA0A3A3A0, 0xA0A3A301, 0x781B2E3F, 0x250E0B0D, 0x0F0D0A26, 0x42301BFE, 0x50172938, 0x2107050D, 0x0F0D0A0C, 0x233B2A18, 0x0003001D, 0xFFF301D8,
0x01E20013, 0x00230034, 0x0049B900, 0x1FFFC040, 0x2813004D, 0x1C275320, 0x00400060, 0x00800004, 0x0036162D, 0x530A3530, 0x24141F1F, 0x14243004,
0x052A570F, 0x0B195705, 0x07003FED, 0x3FED1217, 0x392F2F2F, 0x2F0110D6, 0xFDC510D6, 0x5DFDC531, 0x30002B25, 0x140E0223, 0x222E0235, 0x343E0233,
0x321E0205, 0x22071616, 0x33323637, 0x06062322, 0x2E023732, 0x36372626, 0x23220607, 0x36363332, 0x1E0201D8, 0x203A5132, 0x32513B20, 0x213B5230,
0x31513B20, 0xFEE0100E, 0x032E2E28, 0x2F070E1A, 0x080F1F1C, 0x1A740811, 0x09052D2C, 0x2630080B, 0x17090F1E, 0x1D1AEC38, 0x5B422424, 0x425B3837,
0x5B412323, 0x415B4608, 0x3641362E, 0x07060C0F, 0x0D220405, 0x333C322B, 0x06060C0F, 0x0C000100, 0x03000002, 0x0C027400, 0x23004840, 0x2704200C,
0x004D1140, 0x0C004D11, 0x06160005, 0x0C060505, 0x060C030B, 0x1C250B24, 0x1D1F4A19, 0x03111105, 0x0C020508, 0x003F3F12, 0x392F3FFD, 0xC60110C6,
0x10C61117, 0x392F2F2F, 0x11393912, 0x39313000, 0x2B012B01, 0x0E030723, 0x2E032733, 0x1E03173E, 0x03373636, 0x33321617, 0x07262322, 0x0E02018B,
0x0B131820, 0x187F1630, 0x2B220882, 0x0514181B, 0x0E0C1412, 0x0F08103C, 0x30182D23, 0x35110E0B, 0x0D0A0701, 0xB133555E, 0x765545AE, 0xAD9A3130,
0x7F878334, 0x375E5450, 0x2B524011, 0x1F471111, 0x1B210001, 0x000E0000, 0x020001E2, 0x00200035, 0x401B0220, 0x0A004D08, 0x070D0412, 0x00030403,
0x0403071A, 0x22072117, 0x0B070A04, 0x06003F3F, 0x3F0110C6, 0x10C61139, 0x392F2F11, 0x39391239, 0x11393130, 0x2B010606, 0x07232626, 0x27331E03,
0x173E0337, 0x3E033332, 0x16170726, 0x26232206, 0x01932241, 0x1D682751, 0x25810714, 0x16170A0A, 0x100E0E09, 0x0714202D, 0x21142B18, 0x170D1208,
0x10170153, 0x5FB24259, 0xEF8E2656, 0x57522222, 0x35323320, 0x1A2C1F12, 0x070B6106, 0x03100002, 0x002EFF57, 0x01EC0339, 0x0018002A, 0x0066B900,
0x09FFC040, 0x3B0A004D, 0x15B30A0B, 0x2C000901, 0x08090809, 0x2B0F2C26, 0x1E182F02, 0x3F024F02, 0x0302B320, 0x01300150, 0x0103012B, 0x25860F19,
0x0119221F, 0x86180814, 0x08100F92, 0x08020202, 0x003F3F3F, 0xCD3F3F3F, 0xDEC55D3F, 0x0110D65D, 0xED5D32D6, 0xC410C412, 0x39392F2F, 0x5D10D6DD,
0xED31302B, 0x33113311, 0x3E033733, 0x11331514, 0x06072736, 0x36372311, 0x06060713, 0x222E0227, 0x37161633, 0x32363717, 0x0E032E6F, 0x102E3639,
0x1C62243B, 0x3C491824, 0x0B193964, 0x2C6A1C36, 0x2A1C035C, 0x07211717, 0x21075B03, 0x1B2A3602, 0x6BFE8323, 0x5F68672C, 0xFE0B0947, 0x923D2F20,
0x3D1D019B, 0x67C86C02, 0xA1112130, 0x1E18221C, 0x1A23181E, 0x2F211100, 0x02003FFF, 0x6C01DA02, 0xAE001700, 0x290069B2, 0x124408B8, 0xFFC0401A,
0x090D4808, 0x092B0610, 0x102A0D2B, 0x25241E1D, 0x2A170244, 0xC001D001, 0x0201B8FF, 0xC0401909, 0x0E48012A, 0x24A01821, 0x1EA00312, 0x0717060D,
0x0C091106, 0x070A010A, 0x003F3F3F, 0xC5D4C53F, 0x1239393F, 0xDEC53F01, 0x10D62B5D, 0xED3210D4, 0xD5D6C510, 0xC412392F, 0x3910D6D5, 0x2BED3130,
0x33113311, 0x36363733, 0x11331406, 0x07273636, 0x3723110E, 0x03071322, 0x2E022737, 0x16163332, 0x3637170E, 0x033F6E20, 0x4E386324, 0x3C334A12,
0x220B1917, 0x29272916, 0x591C362A, 0x1C025C06, 0x22161722, 0x065C031C, 0x2A3601D6, 0xFEF54081, 0x4AFE974C, 0x882D2E16, 0x37190120, 0x2342444B,
0x2C021611, 0x21301E18, 0x231C1B23, 0x181E3020, 0x11000200, 0x12FFF801, 0xD5026B00, 0x14002300, 0x6140201E, 0x51200001, 0x00004000, 0x60000300,
0x25150F0D, 0x10530A0F, 0x07010708, 0x244F2301, 0x234A12B8, 0xFFC04019, 0x090C4812, 0x120C0307, 0x4F105F10, 0x6F100310, 0x720A0D0C, 0x02194A03,
0x09003FED, 0x3FD5C0FD, 0x5DC01112, 0x392F2BED, 0x5D0110D6, 0xD55D32FD, 0x32C53310, 0xD65D71ED, 0x31302514, 0x06232226, 0x27112335, 0x33353315,
0x33152315, 0x33321605, 0x15163233, 0x323E0235, 0x342E0223, 0x01D58574, 0x25422E35, 0x357C4747, 0x1F797AFE, 0xEE08080F, 0x182A1F13, 0x14222F1C,
0xC6686608, 0x0B01C462, 0x3A3A6243, 0x6105BE01, 0x0815241B, 0x1C27160A, 0x00020012, 0xFFF601D5, 0x01E80018, 0x00270076, 0x403C1C51, 0x000B400B,
0x600B030B, 0x29241801, 0x0251150F, 0x121F122F, 0x12030F12, 0x01121328, 0x02124012, 0x004D6F12, 0x7F1202AF, 0x12BF1202, 0x12181517, 0x4F215F21,
0x6F210321, 0x4A06B8FF, 0xC0400F0C, 0x0F480606, 0x0E170B40, 0x1901194A, 0x0E07003F, 0xED5D3F12, 0x392F2BED, 0x5D10D532, 0xC55D712B, 0x320110D6,
0xD55D71C0, 0xFDC5C0C0, 0x10D65DED, 0x31300115, 0x23153636, 0x33321E02, 0x15140623, 0x22262711, 0x23353335, 0x33151332, 0x3635342E, 0x02232206,
0x07151616, 0x014E8B14, 0x2B162544, 0x351F6557, 0x3A653335, 0x357C5121, 0x25101920, 0x1012210B, 0x0A3401B3, 0x53310405, 0x11263F2E, 0x534B0C0C,
0x01525335, 0x35FEA91D, 0x1F12160D, 0x0504026C, 0x02020002, 0x00360000, 0x01D80272, 0x00140024, 0x005B4037, 0x07060820, 0x091F1D1E, 0x08252622,
0x46000360, 0x03800303, 0x03260D20, 0x19301902, 0x19441025, 0x1A4A1F1E, 0x000C0807, 0x0E0C070C, 0x07000E08, 0x4F150115, 0x4A000300, 0x3FED5D3F,
0x1239392F, 0x2F111239, 0x11123939, 0xED0110D6, 0xFD5DC010, 0xD65DED11, 0x12173931, 0x30133216, 0x15140607, 0x17072706, 0x06232315, 0x23113E03,
0x17220607, 0x15333236, 0x33273717, 0x36353426, 0xE0768223, 0x2039533C, 0x16311B2C, 0x7B122D2E, 0x2C1F0B27, 0x0B320913, 0x08275223, 0x093F0272,
0x616E3850, 0x1A5F2E67, 0x0505D102, 0x63040603, 0x026B0102, 0xCC01432F, 0x3C152237, 0x2A000200, 0x3FFF5B01, 0xD501E000, 0x13002200, 0x4D402D14,
0x53400E60, 0x0E020E24, 0x1F1E2312, 0x11132100, 0x05242020, 0x2324051A, 0x51082313, 0x12111F20, 0x05061757, 0x0B0B060E, 0x1E570207, 0x003FED3F,
0x3FED1217, 0x390110D6, 0xFDC01112, 0x392F1217, 0x39123939, 0x10D65DED, 0x31300506, 0x23222627, 0x15231136, 0x36333216, 0x15140607, 0x17070334,
0x26232206, 0x07111616, 0x33273717, 0x3601390E, 0x1017301A, 0x7B226330, 0x6D742323, 0x33531336, 0x330E200B, 0x0B27132A, 0x52280D06, 0x03090CB1,
0x026C0B0E, 0x84714367, 0x20572D01, 0x4A3F5103, 0x01FEFB08, 0x0B4A2F46, 0x1E000100, 0x24000001, 0xDB02E100, 0x0B0030B7, 0x05020608, 0x0744000B,
0xB8FFC040, 0x0F0E1248, 0x0B0C0700, 0x480A0806, 0x48030102, 0x003FC6ED, 0x3FED3201, 0x10D62BD5, 0xFDC5D0D5, 0xC5313037, 0x11333533, 0x15231133,
0x1521357D, 0xEC72E386, 0xFEA66602, 0x0576DCFE, 0x61666600, 0x01005900, 0x0001BF02, 0x44000700, 0x31401F07, 0x40055005, 0x0205AF01, 0xBF010201,
0x51A003B0, 0x03D00303, 0x030806B1, 0x0155040A, 0x0206003F, 0x3FED3F01, 0x10D65DFD, 0x5DD55DC5, 0x31300123, 0x11231133, 0x353301BF, 0xEA7CF373,
0x0170FE90, 0x01D66E00, 0x01002400, 0x0001E402, 0x6B001100, 0x42402207, 0x05030D0C, 0x0C0E0B08, 0x09510100, 0x04031112, 0x0D400001, 0x00481008,
0x010C4804, 0x09084805, 0x02003FFD, 0xD632ED32, 0x3FED5D32, 0x0110C6D6, 0xD53232FD, 0x32C53233, 0x113310D6, 0xC5313037, 0x35233533, 0x11211523,
0x15331523, 0x15331521, 0x357D5959, 0x0167EC86, 0x8686FEA6, 0x66A06201, 0x03669D62, 0xA0666600, 0x01001200, 0x0001BF01, 0xD6000D00, 0x2F401800,
0x01050302, 0x51080B0A, 0x0E080573, 0x0B4F0201, 0x0200480D, 0x0A060800, 0x3F3FFDD6, 0x5D32ED32, 0x0110D6D5, 0x32FDC533, 0xD0C53130, 0x01231533,
0x15231523, 0x35233533, 0x352101BF, 0xEA74747C, 0x47470166, 0x01707A53, 0xA3A353E0, 0x0001002D, 0xFF5901DE, 0x026B0022, 0x004C402F, 0x19530200,
0x0C800C90, 0x0CA00C04, 0x0C240521, 0x51004F12, 0x01122340, 0x07010757, 0x1E1E0122, 0x08134016, 0x50160216, 0x550F9204, 0x48010200, 0x3FED3FFD,
0x5DC63F12, 0x392FED5D, 0x0110C65D, 0xD6ED3210, 0xD65DC4ED, 0x31303311, 0x21152115, 0x3633321E, 0x02151406, 0x23222627, 0x37163233, 0x32363534,
0x2E022322, 0x0607112D, 0x0181FEFA, 0x2222365A, 0x3F237D81, 0x0E1E1005, 0x0B130A4D, 0x4D142435, 0x210D1A0E, 0x026B667F, 0x0620446A, 0x49879502,
0x0265014F, 0x6134462A, 0x110302FE, 0xDF000100, 0x3FFF5A01, 0xD301D600, 0x22004840, 0x2C201830, 0x18E01803, 0x18570924, 0x22011E51, 0x200F1101,
0x11400C0F, 0x4811231B, 0x5704041F, 0x4F010101, 0x48210A1F, 0x0615570E, 0x0E003FED, 0x3F3FED5D, 0x12392FED, 0x0110C62B, 0x5DD6FDD0, 0xC510D6ED,
0x5D313001, 0x23153633, 0x321E0215, 0x140E0223, 0x22262737, 0x16163332, 0x36353426, 0x23220607, 0x15231121, 0x0198DE25, 0x24314D36, 0x1C17324F,
0x370C1E0E, 0x08081A08, 0x352E363D, 0x0922097B, 0x01590170, 0x5706203C, 0x53333353, 0x3C210102, 0x61010145, 0x38424003, 0x02B601D6, 0x00010009,
0xFF5A01EB, 0x026B002F, 0x00724040, 0x18A41631, 0x1415312C, 0x00210506, 0x1911081E, 0x04070D26, 0x0006070D, 0x0D070600, 0x26052F0E, 0x312F2730,
0x26082008, 0x05082C11, 0x211E1E21, 0x112C0805, 0x060D1F08, 0x170E0D02, 0x06020002, 0x003F3F3F, 0x3F3F1217, 0x392F2F2F, 0x2F2F2F3F, 0x3F0110C6,
0xC610C611, 0x17392F2F, 0x2F2F2F11, 0x12173911, 0x39391239, 0x10D6C510, 0xD6ED3130, 0x131E0317, 0x3533153E, 0x03373306, 0x06071616, 0x17331123,
0x35232E03, 0x27112311, 0x0E030723, 0x3E033726, 0x2627700A, 0x1417180D, 0x600D1817, 0x15096719, 0x3E2D1F38, 0x14195710, 0x0614191B, 0x0C600D1B,
0x18140667, 0x081B2329, 0x152A4119, 0x026B2641, 0x3B391EF9, 0xFA1D393C, 0x4226478E, 0x4F2A7542, 0xFEF4A62A, 0x534E441B, 0xFED6012A, 0x1B444E53,
0x2A2E5D55, 0x4A1D518E, 0x45000100, 0x0EFF7A01, 0xEB01D600, 0x2B006640, 0x3B10060D, 0x2D1E1A17, 0x09111505, 0x23241A17, 0x2A16142B, 0x15050515,
0x2B14162A, 0x171A2423, 0x0A2D1B2C, 0x14171E09, 0x00290615, 0x2B0A230A, 0x1A061506, 0x0C481106, 0x0E88060A, 0x003F3F3F, 0xED3F3F3F, 0x3F121739,
0x0110C612, 0x17392F2F, 0x2F2F2F2F, 0x2F2F2F2F, 0x11123939, 0x11123910, 0xD6C6C531, 0x30013E03, 0x37330606, 0x07161617, 0x33152335, 0x23262627,
0x15233506, 0x06072336, 0x36372E03, 0x27331E03, 0x17353301, 0x2B091717, 0x15086719, 0x38261A22, 0x112F5717, 0x072A2160, 0x22280867, 0x14392715,
0x221C190C, 0x67081518, 0x170A6001, 0x11143234, 0x34173866, 0x3C234C27, 0xEC86206F, 0x4EDDE04D, 0x6E253E81, 0x3C213833, 0x331C1734, 0x343114C4,
0x00010017, 0xFF5601DF, 0x02790048, 0x008D405B, 0x34400F00, 0x4D34400C, 0x004D3320, 0x0F004D33, 0x400E004D, 0x33400C00, 0x4D32200D, 0x004D402C,
0x63AF3D01, 0x3D432723, 0x63604380, 0x43A04303, 0x434A3518, 0x4903100A, 0x4934202F, 0x302F022F, 0x67384028, 0x01286527, 0x40402715, 0x3805192F,
0x1E3F1E02, 0x1E67150D, 0x0E089200, 0x3FC53FFD, 0x5DC63F12, 0x39393D2F, 0x182FED5D, 0x10FD5DC6, 0x0110D6DC, 0xC510D6C6, 0x10D65DFD, 0xC610D45D,
0xEDC53130, 0x002B2B2B, 0x2B2B2B05, 0x16161514, 0x0E022322, 0x27371616, 0x33323534, 0x27273637, 0x26262737, 0x1E033332, 0x3E023534, 0x26232335,
0x33323635, 0x34262322, 0x0E020727, 0x36363332, 0x1E021514, 0x06071616, 0x15140E02, 0x07011A21, 0x1A15212C, 0x162D230D, 0x06221029, 0x24140506,
0x2D602A29, 0x0C22292F, 0x1A26321E, 0x0C394762, 0x4F3C3C32, 0x33132724, 0x200B2C27, 0x64333952, 0x35192C27, 0x333B122B, 0x4A38180A, 0x2712171E,
0x12080B3F, 0x02071913, 0x0C06100E, 0x02191563, 0x050E0C09, 0x0F182011, 0x2A2E652B, 0x26262308, 0x0C0F0763, 0x181B1D30, 0x3D1F2A49, 0x13115434,
0x1E3D3326, 0x07000100, 0x33FF5601, 0xB301E000, 0x46006140, 0x372A513B, 0x3E1F5141, 0x480A1003, 0x4833260F, 0x18011847, 0x4607324F, 0x2F012F4A,
0x3624A527, 0x3E273E15, 0x3607A019, 0x0119401C, 0x501C601C, 0x031C4A15, 0x070E0892, 0x003FC53F, 0xFD5DC65D, 0x3F123939, 0x3D2F182F, 0xED10FD5D,
0xC63F0110, 0xD65DC4C6, 0x10D6D5CC, 0x10D6EDC5, 0xD4ED3130, 0x05161615, 0x140E0223, 0x22273716, 0x16333235, 0x34272736, 0x37262627, 0x37161633,
0x32363534, 0x2E022323, 0x35333236, 0x35342E02, 0x23220607, 0x27363633, 0x321E0215, 0x14060716, 0x1615140E, 0x02070110, 0x211A1521, 0x2C162D23,
0x0D062210, 0x29241405, 0x07294B1E, 0x17145335, 0x2C2D0E17, 0x1D0F6A6A, 0x261D0712, 0x1E162A4B, 0x1718224E, 0x33274635, 0x20221D27, 0x26182A39,
0x21180A27, 0x12171E12, 0x080B3F02, 0x0719130C, 0x06110E03, 0x100D6507, 0x1319150F, 0x130B045D, 0x1B110811, 0x0D080E06, 0x660B0E0D, 0x1F342623,
0x30111137, 0x2B223222, 0x13040001, 0x002DFF5B, 0x01D9026B, 0x001C0046, 0x4027001C, 0xB3191E0F, 0x100F101D, 0x1E001E10, 0x1E02150A, 0x0551071D,
0x1B0E0F04, 0x05150A03, 0x06090406, 0x08196500, 0x08003FED, 0x3F3F1217, 0x393F3F01, 0x10D6FDD0, 0xC55D1112, 0x39392F2F, 0x10D6FDC5, 0x3130212E,
0x03271123, 0x1133113E, 0x0337330E, 0x03071616, 0x17331123, 0x35014C0A, 0x252D3117, 0x7B7B142A, 0x27200A8B, 0x0E242D35, 0x1E2D4F22, 0x2B722351,
0x4D4317FE, 0xE5026BFE, 0xFF1C4444, 0x421B1B44, 0x4B4E252B, 0x7B42FEF5, 0xA5000100, 0x3FFF7A01, 0xC701D600, 0x1A004F40, 0x2E0D400B, 0x0C004C0C,
0x200B004D, 0x001AB317, 0x1C0D161C, 0x13131B0E, 0x1C050944, 0x081B1888, 0x0A130503, 0x060D0A08, 0x0A060617, 0x79000600, 0x3FED3F3F, 0x3F121739,
0x3F0110D6, 0xFDC010C6, 0x12392F12, 0x393910D6, 0xFDC53130, 0x2B2B212E, 0x03271523, 0x11331536, 0x3637330E, 0x03071616, 0x17331523, 0x35013F0A,
0x20252510, 0x7C7C1C3B, 0x1494122A, 0x2C2C151F, 0x421D3872, 0x193F3D37, 0x12DE01D6, 0xBA2A662A, 0x17363834, 0x161E562D, 0xEC860001, 0x001C0000,
0x01F0026B, 0x00200096, 0x400D1040, 0x0C0D004C, 0x0F400C0D, 0x004C0EB8, 0xFFC0B409, 0x0B004C0D, 0xB8FFC0B4, 0x090B004C, 0x0AB8FFC0, 0xB4090B00,
0x4C09B8FF, 0xC0404009, 0x0B004C08, 0x400C004D, 0x07400C00, 0x4D201600, 0x151B0521, 0x22053F12, 0x4F120212, 0x0F0F094F, 0x0801080F, 0x0E1F0E2F,
0x0E030EB3, 0x0C21121B, 0x05030015, 0x0407080F, 0x100D040A, 0x08000800, 0x3F3F3FD6, 0xD5D5C53F, 0x12173901, 0x10D6FD5D, 0xC55D3333, 0x2FC55D32,
0x11121739, 0x31302B2B, 0x2B2B2B2B, 0x2B2B212E, 0x03271523, 0x35231123, 0x11331533, 0x35331536, 0x3637330E, 0x03071E03, 0x1701740E, 0x1C1E2114,
0x44257272, 0x25441D3D, 0x137D081B, 0x25301C18, 0x28272715, 0x30463E3A, 0x248488FE, 0xEA026BFA, 0x898A3683, 0x421B474F, 0x52272142, 0x4D5A3700,
0x01001C00, 0x0001E701, 0xD6001E00, 0x90B9001B, 0xFFC0B40B, 0x0F004C1A, 0xB8FFC0B4, 0x0B0F004C, 0x17B8FFC0, 0xB40B0F00, 0x4C16B8FF, 0xC0B40B0F,
0x004C13B8, 0xFFC04034, 0x09004D09, 0x1F050E0F, 0x06600601, 0x050F0606, 0x0F05031F, 0x201E821C, 0x1B138215, 0x161B5119, 0x1F13151C, 0x1E1A0A17,
0x06000512, 0x0F090905, 0x0F06050A, 0x003F3F12, 0x393D2F12, 0x39123918, 0x3F3FD6D5, 0xD5C50110, 0xD6FDD0D6, 0xED10D6ED, 0x11121739, 0x2F2F2F5D,
0x11123911, 0x12393130, 0x2B2B2B2B, 0x2B133E03, 0x37330606, 0x071E0317, 0x23262627, 0x15233523, 0x15231133, 0x15333533, 0xFB0D201D, 0x1807831A,
0x4F2A192B, 0x251E0C7C, 0x0E3C2645, 0x1F7B7B1F, 0x45011F13, 0x2F303015, 0x33702C18, 0x40474820, 0x3C742D75, 0x76DE01D6, 0xBA6C0001, 0x001B0000,
0x01EE0293, 0x00220058, 0xB90006FF, 0xC0B30B00, 0x4D05B8FF, 0xC0402A0B, 0x004D0C17, 0x0B110423, 0x24201C01, 0x1C042002, 0x01020551, 0x221F2023,
0x1D081C11, 0x06030B17, 0x080B021F, 0x05220201, 0x98003FD5, 0xC0D5C03F, 0x3F121739, 0x3F0110D6, 0xD5C0FDC0, 0x5DC5C05D, 0x11121739, 0x31302B2B,
0x13331533, 0x1523153E, 0x0337330E, 0x03071E03, 0x17232E03, 0x27112311, 0x23353355, 0x7B323218, 0x27221E0F, 0x880E262F, 0x351C1A39, 0x342A0B87,
0x091E282F, 0x197B3A3A, 0x02934756, 0x8C22393B, 0x412A234A, 0x4B49221E, 0x4E575B2A, 0x234B4A45, 0x1EFEE501, 0xF6560001, 0x00120000, 0x01E701FE,
0x00220057, 0x40352220, 0x0A0B004C, 0xA00AB00A, 0x020A0014, 0x0114241A, 0x04000220, 0x02300203, 0x02000351, 0x201D1E23, 0x021E811F, 0x0A1A0F04,
0x03091B06, 0x1506090A, 0x21000A00, 0x3FC53F3F, 0x3F121739, 0x3FED3201, 0x10D6D532, 0xFD32CD5D, 0x333310D6, 0x5DC65D31, 0x30002B13, 0x33152315,
0x3E033733, 0x0E03071E, 0x0317232E, 0x03271523, 0x11233533, 0x3533BB43, 0x43162B25, 0x1F0A940E, 0x2C33381A, 0x193B392F, 0x0C8D0C27, 0x2C2D137C,
0x2D2D7C01, 0xD6417915, 0x31323012, 0x17363735, 0x16184248, 0x471E193F, 0x3D3712DE, 0x01954128, 0x00010012, 0x000001E9, 0x026B0018, 0x003D4022,
0x0710060A, 0x040F0F19, 0x1A150244, 0x18501701, 0x17001915, 0x0A030306, 0x16081008, 0x06021848, 0x0102003F, 0xED3F3F3F, 0x12173901, 0x10C6D65D,
0x32ED3211, 0x12392F17, 0x39313013, 0x35331136, 0x36373306, 0x06071E03, 0x17232E03, 0x27112311, 0x12D42338, 0x118B1643, 0x4019322C, 0x230B8B08,
0x1B212410, 0x7B020566, 0xFEFF4085, 0x3C398D59, 0x1E50585C, 0x2A23514D, 0x4317FEE5, 0x02050001, 0x00120000, 0x01E701D6, 0x001C0040, 0x40231105,
0x0B031D10, 0x1E600601, 0x06061D1E, 0x161C5119, 0x1B1D160B, 0x00031719, 0x481C0A17, 0x06110605, 0x0A003F3F, 0x3F3FED12, 0x17390110, 0xD6DDED32,
0x1112392F, 0x5D123912, 0x17393130, 0x133E0337, 0x330E0307, 0x1E031723, 0x2E032715, 0x23112335, 0x33DA0E1E, 0x1C180794, 0x0D262B2E, 0x14173430,
0x290E8D0A, 0x1F23250F, 0x7B4DC801, 0x1C153233, 0x2F111736, 0x38341614, 0x414B4B1C, 0x193F3D37, 0x12DE0170, 0x66000100, 0x2DFF5B01, 0xD9026B00,
0x0F004A40, 0x170F0D1F, 0x0D020D51, 0x0F010B51, 0x20083008, 0x40080308, 0x02075105, 0xB8FFC040, 0x140B0E48, 0x05100E0E, 0x0A020255, 0x07060203,
0x080B5500, 0x08003FED, 0x3F3FD5ED, 0x3F3F0110, 0xD62BFD32, 0xD65DEDD0, 0xD5ED5D31, 0x30211123, 0x11231133, 0x15333533, 0x11331123, 0x35013A92,
0x7B7B927C, 0x23720111, 0xFEEF026B, 0xF4F4FDFB, 0xFEF5A500, 0x01003BFF, 0x7A01D301, 0xD6000F00, 0x6AB9000D, 0xFFC0B30B, 0x004D0CB8, 0xFFC0B30B,
0x004D0BB8, 0xFFC0B30B, 0x004D0AB8, 0xFFC0402C, 0x0B004D01, 0x09510A20, 0x0F010F0C, 0x11020751, 0x10052005, 0x30057005, 0x0405100D, 0x0F060155,
0x080B080B, 0x090A060A, 0x03060006, 0x003F3F3F, 0x3F39392F, 0x2FED3FC5, 0x0110D65D, 0xED3210D6, 0xC55DDEED, 0x3231302B, 0x2B2B2B21, 0x35231523,
0x11331533, 0x35331133, 0x15233501, 0x347E7B7B, 0x7E7B2472, 0xBABA01D6, 0xB6B6FE90, 0xEC860001, 0x002D0000, 0x01E2026B, 0x000D008A, 0xB6200101,
0x2000010C, 0xB8FFC0B3, 0x0D004D0B, 0xB8FFC0B3, 0x0D004D06, 0xB8FFC0B3, 0x0D004D05, 0xB8FFC040, 0x200D004D, 0x0D05200C, 0x300C020C, 0x44200201,
0x02010F06, 0x2F0A3F0A, 0x020A44C0, 0x09D00902, 0x09B8FFC0, 0x40180B0E, 0x48090E0D, 0x020A0207, 0x080C0B48, 0x05020502, 0x05040308, 0x0002003F,
0x3F2F3939, 0x2F2F10ED, 0x323F3F3F, 0x0110D62B, 0x5DED7132, 0x10D6DD71, 0xED713232, 0x3130002B, 0x2B2B2B01, 0x71710115, 0x23112311, 0x23112311,
0x33153335, 0x01E2597B, 0x667B7B66, 0x026B66FD, 0xFB0111FE, 0xEF026BF4, 0xF4000100, 0x3B000001, 0xE201D600, 0x0D004E40, 0x163F0B01, 0x00015104,
0x0B050A51, 0x40085008, 0x02A008B0, 0x080208B8, 0xFFC04015, 0x0B0E4808, 0x0E0B5504, 0x01040104, 0x030C0A09, 0x0A060603, 0x06003F3F, 0x3F3F1239,
0x392F2F10, 0xED0110D6, 0x2B5D71FD, 0x32D632FD, 0xC5313000, 0x5D012311, 0x23352315, 0x23113315, 0x33353301, 0xE24D7C63, 0x7B7B63C9, 0x0170FE90,
0xBABA01D6, 0xB6B60001, 0x0024FF5B, 0x01DE026B, 0x0026005C, 0x403B5018, 0x0118845F, 0x077F078F, 0x079F0704, 0x0740090C, 0x4807281F, 0x01400B0F,
0x48018522, 0x23855026, 0x60267026, 0x03260F27, 0x240801A5, 0x1F221F22, 0x1F002108, 0x13A50C0F, 0x00002F3F, 0xED3F1239, 0x392F2F10, 0xED3F0110,
0xC6D65DFD, 0xDEED2B32, 0x10DE2B5D, 0xED5D3130, 0x01153636, 0x33321615, 0x140E0223, 0x22262737, 0x16323332, 0x3E023534, 0x2E022322, 0x07112311,
0x23112311, 0x0127080D, 0x084A5011, 0x273E2E08, 0x11090507, 0x0908111B, 0x120A0A13, 0x1A100708, 0x61426002, 0x6BE20102, 0x85924168, 0x49280101,
0x5C01122B, 0x47353A4A, 0x2A1002FE, 0xD3020EFD, 0xF2026B00, 0x010024FF, 0x5B01DE01, 0xD6002600, 0x5B401E50, 0x18011884, 0x0F071F07, 0x3F075F07,
0x7F070507, 0x281F0140, 0x0C0F4801, 0x85222385, 0x26B8FFC0, 0x40180E12, 0x48260F27, 0x24062106, 0x01A51F22, 0x1F221F00, 0x10A50F0F, 0x000A003F,
0x3FED1239, 0x392F2F10, 0xED3F3F01, 0x10C6D62B, 0xFDDEED2B, 0x3210DE5D, 0xED5D3130, 0x01153636, 0x33321615, 0x140E0223, 0x22262737, 0x16323332,
0x3E023534, 0x2E022322, 0x07152311, 0x23112311, 0x0127080D, 0x084A5011, 0x273E2E08, 0x11090507, 0x0908111B, 0x120A0A13, 0x1A100708, 0x61426001,
0xD6B40102, 0x6C773555, 0x3C210101, 0x5C010D1F, 0x34262A36, 0x1F0B02C6, 0x0179FE87, 0x01D60002, 0x0012FF5C, 0x01EA0279, 0x00320044, 0x009BB900,
0x30FFC0B3, 0x0D004D08, 0xB8FFE040, 0x5B0D004D, 0x2F400D00, 0x4D2E400D, 0x004D2D40, 0x0D004D2C, 0x400D004D, 0x2B400D00, 0x4D2B5F2A, 0x012A4614,
0x17460584, 0x33332030, 0x3B403B50, 0x3B033B84, 0x0F0F1F0F, 0x020F400C, 0x10480F46, 0x0063201B, 0x4514362B, 0x0A400336, 0x3603400A, 0x2B051B2E,
0x4A250317, 0x4A181B09, 0x003FDDED, 0x3FED1217, 0x392F2F2F, 0x2F2F1139, 0x0110C6D6, 0xED10DE2B, 0x5DED5D12, 0x392FED10, 0xD6CE10D4, 0x5DCD3130,
0x002B2B2B, 0x2B2B012B, 0x2B131416, 0x17263534, 0x3E023332, 0x1E021514, 0x0E020716, 0x16170726, 0x26272E03, 0x35343E02, 0x33321E02, 0x17072626,
0x23220E02, 0x17141617, 0x3E033534, 0x2E022322, 0x0E02861B, 0x220A1227, 0x3C2A2637, 0x24111327, 0x3C291239, 0x29104366, 0x20344F36, 0x1B204365,
0x451A271F, 0x1D111F21, 0x2D172E3F, 0x26109E03, 0x05162014, 0x09040911, 0x0C0F130B, 0x0401364B, 0x691A3136, 0x30574127, 0x20354526, 0x294E4333,
0x0D1D2303, 0x65025843, 0x0435546E, 0x3E427759, 0x3504070A, 0x07640E07, 0x233B4EA0, 0x1C341708, 0x212A3018, 0x14251C10, 0x182A3800, 0x020011FF,
0x7C01EA01, 0xE2002F00, 0x3C008BB9, 0x0014FFC0, 0xB30D004D, 0x12B8FFC0, 0x404F0D00, 0x4D14400F, 0x004D1340, 0x0F004D12, 0x400F004D, 0x11400F00,
0x4D032C2F, 0x3E1D8430, 0x30084038, 0x50380238, 0x84271110, 0x3E196308, 0x3D2C073A, 0x4A221B33, 0x331B2203, 0x0311400E, 0x004D1114, 0x400E004D,
0x144A0D0B, 0x2F4A0003, 0x07003FDD, 0xED3FED2B, 0x322B1217, 0x392F2F2F, 0xED3F0110, 0xDEED10C4, 0x32D6ED5D, 0x12392FED, 0x10D6DEC5, 0x3130002B,
0x2B2B2B01, 0x2B2B0526, 0x26272E03, 0x35343E02, 0x33321617, 0x07262623, 0x220E0215, 0x14172635, 0x343E0233, 0x321E0215, 0x140E0207, 0x16161727,
0x1416173E, 0x03353423, 0x220601CD, 0x507B2333, 0x4E331A1E, 0x3D5B3C23, 0x3C1D1B17, 0x251A2735, 0x1F0D3603, 0x1D303C1F, 0x1A322617, 0x10213121,
0x163B26BA, 0x04041820, 0x13082A15, 0x1C840840, 0x38072B40, 0x522F2E58, 0x4429050B, 0x65070318, 0x28321B66, 0x2315142F, 0x442D1610, 0x2233241B,
0x3730260B, 0x0D1105A7, 0x111C0D04, 0x131B1E0F, 0x3028FFFF, 0x001BFF56, 0x01D50279, 0x020600A2, 0x0000FFFF, 0x002CFF56, 0x01D201E2, 0x020600C2,
0x00000001, 0x0019FF5B, 0x01DB026B, 0x000B0031, 0x401A0002, 0x02040344, 0xB0070107, 0x09D00B01, 0x0B0C0209, 0x550B0206, 0x04550708, 0x003FEDC5,
0x3FFDC001, 0x10D65DDD, 0xCD5DFDCD, 0x3310CD31, 0x30011523, 0x11331123, 0x35231123, 0x3501DBA3, 0x44734DA3, 0x026B66FE, 0x61FEF5A5, 0x02056600,
0x010026FF, 0x7A01CF01, 0xD6000B00, 0x2D401604, 0x03020B01, 0x01024406, 0x080A0C01, 0x08480A0A, 0x07060506, 0x06003FC5, 0x3F3FED32, 0x0110D6DD,
0xCDED3210, 0xCD10CD32, 0x31300123, 0x11331523, 0x35231123, 0x352101CF, 0x97587262, 0x9601A901, 0x70FEF6EC, 0x86017066, 0xFFFF000D, 0x000001E8,
0x026B0206, 0x003C0000, 0x0001000E, 0xFF5B01E6, 0x01D60014, 0x003A401D, 0x03045106, 0x090A1514, 0x00160505, 0x15160F06, 0x0303060F, 0x0304140A,
0x0A0A0512, 0x04002F3F, 0x3F3F1217, 0x392F2F2F, 0x01111239, 0x2F123939, 0x12393933, 0xED323130, 0x01060607, 0x15233526, 0x2627331E, 0x03173E03,
0x3701E626, 0x5E2F7B2E, 0x57258109, 0x1A1C1D0C, 0x0C1F201D, 0x0A01D681, 0xE35EB9BB, 0x5EE47E27, 0x59575020, 0x20505758, 0x28000100, 0x0D000001,
0xE8026B00, 0x1A008BB9, 0x0014FFE0, 0xB30E004D, 0x13B8FFC0, 0xB318004D, 0x13B8FFE0, 0xB317004D, 0x12B8FFC0, 0xB318004D, 0x0BB8FFE0, 0x403A0F00,
0x4D054406, 0x1C1411AF, 0x0FBF0F02, 0x12110F0C, 0x000C0F00, 0x1112051B, 0x1C184417, 0x1B180200, 0x5F116F11, 0x025F0E6F, 0x0E02140B, 0x110E0E11,
0x0B140405, 0x0F080502, 0x003F3F12, 0x17392F2F, 0x2F2F5D5D, 0x393F0110, 0xD6ED1112, 0x17393D2F, 0x182F2F2F, 0x2F5D1239, 0x10D6ED31, 0x302B2B2B,
0x2B2B133E, 0x0337330E, 0x03073315, 0x23152335, 0x23353326, 0x26273316, 0x16FE0B1D, 0x1D1B0B7F, 0x1225292E, 0x1B787E7C, 0x7C753450, 0x25841738,
0x01501746, 0x4E502032, 0x5D5B5B2F, 0x52A5A552, 0x5EB46248, 0x95000100, 0x0EFF5B01, 0xE601D600, 0x1A007540, 0x170C400B, 0x004D0540, 0x1F20004C,
0x05401D00, 0x4D04401E, 0x20004C03, 0xB8FFC040, 0x2E0B0C00, 0x4C0C0B09, 0x0306040B, 0x09060415, 0x04061509, 0x0B051B1C, 0x1A44001C, 0x10440F1B,
0x151C1A0A, 0x100A0906, 0x07120C03, 0x7D060600, 0x3FFDC03F, 0x3F3F3F12, 0x390110D6, 0xED10D6ED, 0x11121739, 0x3D2F182F, 0x2F2F2F11, 0x12391112,
0x3931302B, 0x2B2B2B2B, 0x01060607, 0x33152315, 0x23352335, 0x33262627, 0x331E0317, 0x3E033701, 0xE6204D27, 0x4D6C7B6F, 0x5226481F, 0x81091A1C,
0x1D0C0C1F, 0x201D0A01, 0xD66CC355, 0x52A5A552, 0x56C46A27, 0x59575020, 0x20505758, 0x28000100, 0x0BFF5B01, 0xD9026B00, 0x19004B40, 0x290C0E06,
0x07041A0F, 0x00101203, 0x03160F03, 0x0F031A18, 0xB311161B, 0x0D1A1812, 0x1002030C, 0x120F0406, 0x0D020608, 0x0008003F, 0x3F3F1217, 0x393F3F01,
0x10C610D6, 0xC6ED1239, 0x393D2F2F, 0x11121739, 0x11121739, 0x31302126, 0x26270606, 0x07233E03, 0x37033317, 0x37330316, 0x16173311, 0x23350152,
0x12351D1A, 0x3113850A, 0x242B3016, 0x95855464, 0x7B99223E, 0x192C7233, 0x7C3E3B7F, 0x331B4C58, 0x5D2B0124, 0xC6C6FEDF, 0x387735FE, 0xF5A50001,
0x0014FF7A, 0x01C901D6, 0x0019004F, 0x402A100D, 0x0F070308, 0x01111303, 0x04170804, 0x08041A19, 0x12171B0E, 0x1A110A04, 0x0D131004, 0x070E0A07,
0x06010618, 0x17550006, 0x003FEDC5, 0x3F3F3F12, 0x17393F01, 0x10C610D6, 0xC6C51239, 0x393D2F18, 0x2F111217, 0x39111739, 0x32313021, 0x23262627,
0x06060723, 0x3E033727, 0x33173733, 0x07161617, 0x33152301, 0x67181A33, 0x171A2A16, 0x7D0D2428, 0x2B149781, 0x5A5C7D93, 0x19321630, 0x60335020,
0x284B301C, 0x3D3F3E1C, 0xE49393E2, 0x204A24EC, 0x00010011, 0xFF5E01E4, 0x0272000F, 0x0048400B, 0x0B44080F, 0x04010444, 0x071100B8, 0xFFC0401D,
0x0A0E4800, 0x0344200C, 0x300C020C, 0x0F100748, 0x03480C08, 0x0A120502, 0x0D027200, 0x02003FED, 0x323F3F3F, 0xEDED0110, 0xC6D65DFD, 0xC42B10DC,
0xED5DDDED, 0x31300115, 0x23113311, 0x33113311, 0x23352111, 0x23350118, 0x45727C23, 0x7BFEEE46, 0x02726EFE, 0x7301FBFE, 0x05FEE7A2, 0x02046E00,
0x010012FF, 0x7A01D901, 0xD6000F00, 0x48402E0C, 0x400B0E00, 0x4C0B400B, 0x0E004C0D, 0x790B0979, 0x08CF0401, 0x040579AF, 0x00BF00CF, 0x00030001,
0x100F070A, 0x07720C0E, 0x07090A03, 0x0A003F3F, 0x3FC5ED32, 0x3F0110D6, 0xD55DFDD5, 0x5DD6FDD6, 0xED31302B, 0x2B132335, 0x33152311, 0x33113311,
0x33152335, 0x215947F8, 0x47896A23, 0x69FEE901, 0x795D5DFE, 0xED0170FE, 0x90EC8600, 0x01002DFF, 0x5B01D902, 0x6B001A00, 0x46B30215, 0x5116B8FF,
0xC0400B09, 0x0E481600, 0xB3181C0C, 0x510BB8FF, 0xC040140B, 0x0E480B1B, 0x1A121253, 0x05050116, 0x020C0218, 0x72010800, 0x3FED3F3F, 0x12392FED,
0x3F0110D6, 0x2BED10D6, 0xEDD62BED, 0x32313021, 0x23350606, 0x23222E02, 0x35353315, 0x141E0233, 0x32371133, 0x11331123, 0x01672D17, 0x21142C47,
0x331B7B09, 0x1521181C, 0x1F7C2372, 0xCF030414, 0x345945BD, 0xB626301D, 0x0B07012D, 0xFDFBFEF5, 0x0001002B, 0xFF7A01C7, 0x01D6001D, 0x0072400A,
0x1C400C0E, 0x004C2F1C, 0x011BB8FF, 0xD0403F0F, 0x004D1B18, 0x0E004D1B, 0x100D004D, 0x1B400C00, 0x4D2F1B01, 0x02175100, 0x19101902, 0x195F1D01,
0x1DB31B1F, 0x0F51300C, 0x010C1E20, 0x12011253, 0x07070118, 0x060E0601, 0x0A1C1B72, 0x000A003F, 0xEDC53F3F, 0x3F12392F, 0xED5D0110, 0xD65DED10,
0xD6ED5DD6, 0x5DED3231, 0x305D2B2B, 0x2B2B5D2B, 0x2123350E, 0x0323222E, 0x02353533, 0x15141633, 0x323E0237, 0x35331133, 0x15230155, 0x2D071516,
0x12042A44, 0x2E197B2A, 0x1F030F11, 0x11057C23, 0x729A0102, 0x02011127, 0x41309998, 0x221D0101, 0x0201D2FE, 0x90EC0001, 0x001B0000, 0x01C7026B,
0x001B0047, 0x40291815, 0x440F1401, 0x141B0F82, 0x020E200A, 0x300A020A, 0x44A007B0, 0x0702071C, 0x0F0D104A, 0x02001B1B, 0x14170814, 0x04080400,
0x3F3F3F12, 0x392FC5C0, 0xFDD5C501, 0x10D65DFD, 0x5DD6C0FD, 0xC0D65DED, 0xC0313025, 0x23352E03, 0x35353315, 0x14161735, 0x33153636, 0x37113311,
0x23350606, 0x07011844, 0x2944311B, 0x7B1E2044, 0x0D1B0C7B, 0x7B0E190D, 0x60690219, 0x35563FBD, 0xBA3A3708, 0x6E720103, 0x020131FD, 0x95CF0202,
0x02000100, 0x2D000001, 0xC901D600, 0x18006F40, 0x2A154012, 0x0112510F, 0x111F1102, 0x11180F0C, 0x01AF0CBF, 0x0CEF0CFF, 0x0C040C82, 0x020F0B1F,
0x0B020B20, 0x08300802, 0x085106B8, 0xFFC0401B, 0x0B104806, 0x190A0D57, 0x02184F0C, 0x010C1800, 0x00180C03, 0x11140611, 0x0A070A00, 0x3F3F3F12,
0x17392F2F, 0x2F5D10C5, 0xFDC50110, 0xD62BFD5D, 0xD65DC0FD, 0x5D71C0D6, 0x5DED5DC0, 0x31302523, 0x35262635, 0x35331514, 0x17353315, 0x32363735,
0x33112335, 0x06062301, 0x1D455358, 0x7B30450A, 0x1F077C7C, 0x0721084A, 0x4B044A5A, 0x99982F0C, 0x4B4E0202, 0xD2FE2A9A, 0x01020001, 0x00360000,
0x01D0026B, 0x0017003C, 0x40110044, 0x00152015, 0x30154015, 0x04151908, 0x0D440BB8, 0xFFC04010, 0x0B0E480B, 0x18054A10, 0x100B1708, 0x0B020908,
0x003F3F3F, 0x12392FED, 0x0110D62B, 0xFDC010D6, 0x5DED3130, 0x25342E02, 0x23220607, 0x11231133, 0x15363633, 0x321E0215, 0x15230155, 0x0B182418,
0x0D27117B, 0x7B172C14, 0x2C49351E, 0x7BB62531, 0x1D0B0403, 0xFED3026B, 0xCF030415, 0x345944BD, 0xFFFF003F, 0x000001B9, 0x02B60206, 0x004B0000,
0x00020009, 0xFFF301E4, 0x02790028, 0x002F007C, 0xB9002EFF, 0xA040280B, 0x0C004C2A, 0x400E004D, 0x2A600B0C, 0x004C2F40, 0x0B0C004C, 0x29400B0C,
0x004C2952, 0x280731C0, 0x1AD01AE0, 0x1A031AB8, 0xFFC04023, 0x0B10481A, 0x5214302F, 0x00521D11, 0x30402F01, 0x2F480000, 0x0C4F2C01, 0x2C4A2003,
0x170B0603, 0x4A0C0900, 0x3FFDC63F, 0x3FED5D12, 0x392FED5D, 0x0110D6C5, 0xFDC510D6, 0xED2B5D10, 0xD6D6ED31, 0x30002B2B, 0x012B2B2B, 0x13141633,
0x32363717, 0x0E032322, 0x2E022726, 0x26353436, 0x37170615, 0x14161736, 0x3633321E, 0x02151406, 0x07273426, 0x23220615, 0xFD333F1C, 0x300B1E06,
0x1B222915, 0x344C331B, 0x02484204, 0x05540718, 0x1E0A5549, 0x3341250D, 0x02016424, 0x1C201D01, 0x13645A15, 0x0B560610, 0x0D092D4F, 0x6C3F0A51,
0x370F1F0E, 0x0C121617, 0x27027D88, 0x3653652E, 0x14261060, 0x584C5A4A, 0x00020009, 0xFFF501D1, 0x01E20025, 0x002C0080, 0x40372908, 0x0C004D27,
0x400C004D, 0x11300B00, 0x4D2B264B, 0x26CB26DB, 0x26042653, 0xBB230123, 0x5B190104, 0x19241944, 0x1903192E, 0x2C1A5310, 0x03040D14, 0x0D240D03,
0x0DB8FFC0, 0x401D0F13, 0x480D8406, 0x2D2C731A, 0x1A004D29, 0x01022957, 0x0F090109, 0x130B221F, 0x57000700, 0x3FFDC63F, 0xC45DED5F, 0x5D12392F,
0xED0110D6, 0xED2B71D5, 0xC5FDC010, 0xD65D5DC6, 0x5DED5D31, 0x302B2B2B, 0x05222627, 0x26263534, 0x36371706, 0x06151416, 0x17363633, 0x32161514,
0x06072314, 0x1E023332, 0x36371706, 0x06033426, 0x23220615, 0x01515C66, 0x06493703, 0x055C0302, 0x0F160F58, 0x38515401, 0x01DC111B, 0x2313172B,
0x0E111631, 0x07221817, 0x240B6C6B, 0x0E493F0B, 0x1B0F0E0B, 0x1609121F, 0x065C5E7B, 0x760C180A, 0x1E29190B, 0x0F08600B, 0x0F012333, 0x35383000,
0x020009FF, 0x7F01E402, 0x79002B00, 0x32006940, 0x411A4009, 0x004D2C40, 0x0B004D3F, 0x2C4F2C5F, 0x2C032C53, 0x28073400, 0x20323032, 0x02325314,
0x201D1733, 0x0D520F33, 0x20325514, 0x00000F20, 0x2F302F02, 0x2F572303, 0x1A0B0E0F, 0x08060357, 0x0C09003F, 0xFDC63FC5, 0x3F3FED5D, 0x12392FC5,
0xFDC50110, 0xD6ED10D6, 0xD5DEC5FD, 0x5DC510D6, 0xD6ED5D2B, 0x3130002B, 0x13141633, 0x32363717, 0x0E030715, 0x23352E03, 0x27262635, 0x34363717,
0x06151416, 0x17363633, 0x321E0215, 0x14060727, 0x34262322, 0x0615FD33, 0x3F1C300B, 0x1E05151B, 0x21126022, 0x32211202, 0x48420405, 0x5407181E,
0x0A554933, 0x41250D02, 0x0164241C, 0x201D0113, 0x645A150B, 0x56050D0C, 0x0A037581, 0x0D354A5B, 0x330A5137, 0x0F1F0E0C, 0x12161727, 0x027D8836,
0x53652E14, 0x26106058, 0x4C5A4A00, 0x020009FF, 0x7F01D101, 0xE2002800, 0x2F007240, 0x492F293F, 0x29022953, 0x5F196F19, 0x7F190300, 0x19011923,
0x40091048, 0x23311A53, 0x032F5300, 0x1001100D, 0x06302752, 0x0030221F, 0x5726402F, 0x012F551A, 0x1A132607, 0x4F2C5F2C, 0x6F2C032C, 0x570F0901,
0x09130B28, 0x0006003F, 0xC53FC45D, 0xED5D3F12, 0x392FED5D, 0x10FDC601, 0x10D6ED10, 0xD6D5DE5D, 0xEDD5ED10, 0xC62BD65D, 0x5DED5D31, 0x30052626,
0x27262635, 0x34363717, 0x06061514, 0x16173636, 0x33321615, 0x14060723, 0x141E0233, 0x32363717, 0x06060715, 0x23133426, 0x23220615, 0x010A3B41,
0x05493703, 0x055C0302, 0x0F160F58, 0x38515401, 0x01DC111B, 0x2313172B, 0x0E111125, 0x15615E22, 0x18172401, 0x1266550E, 0x493F0B1B, 0x0F0E0B16,
0x09121F06, 0x5C5E7B76, 0x0C1B071E, 0x29190B0F, 0x0860080D, 0x03780199, 0x33353830, 0xFFFF0036, 0x000001BF, 0x026B0206, 0x002C0000, 0xFFFF0009,
0x000001EB, 0x03390226, 0x02C30000, 0x01070388, 0x0000008B, 0x0010400B, 0x0100333B, 0x250E5001, 0x002E4F2B, 0x2B340000, 0xFFFF000E, 0x000001E6,
0x02AE0226, 0x02E30000, 0x01060388, 0x00000010, 0x400B0100, 0x31392306, 0x5001052C, 0x4F2B2B34, 0x0001002D, 0xFF5901EF, 0x026B0025, 0x00544030,
0x21461427, 0x110B0C0C, 0x26270308, 0x44064F1A, 0x011A261B, 0x401E501E, 0x601E031E, 0x4A170E0B, 0x02114A00, 0x08000303, 0x00080304, 0x07020408,
0x003F3F12, 0x17392F2F, 0x2F10ED3F, 0x3FFD5DC6, 0x0110C65D, 0xD6FDC011, 0x12392F39, 0x3910D6ED, 0x31301322, 0x06071523, 0x11331536, 0x3637330E,
0x03071616, 0x15140623, 0x22262737, 0x16323332, 0x3635342E, 0x02DD0D1A, 0x0E7B7B32, 0x62278C0E, 0x2D394122, 0x5B6B7276, 0x0D1C0E05, 0x09110842,
0x43142435, 0x01020202, 0xFE026BEE, 0x3A7B3915, 0x3C464B24, 0x0B7C7B7F, 0x8B020265, 0x0147572F, 0x3F251000, 0x01003FFF, 0x5901DE01, 0xD6002500,
0x55403319, 0x53000C60, 0x0C020C27, 0x09030404, 0x26272100, 0x51002401, 0x24001201, 0x1226250A, 0x09570055, 0x1E1E0322, 0x06401650, 0x16601603,
0x16570F0E, 0x030A003F, 0x3FED5D3F, 0x12392FED, 0xED3F0110, 0xC65DD65D, 0xFDC01112, 0x392F3939, 0x10D65DED, 0x31301336, 0x3637330E, 0x03071616,
0x15140623, 0x22262737, 0x16323332, 0x3635342E, 0x02232206, 0x07152311, 0x33BB264E, 0x1B94102A, 0x30321851, 0x5A6B6F0C, 0x190E0408, 0x10083B3C,
0x14253421, 0x070C077C, 0x7C012E27, 0x5B26142E, 0x302F150B, 0x6C676F7A, 0x02026501, 0x38452532, 0x1E0C0101, 0xBD01CF00, 0x010008FF, 0x5701D902,
0x6B001D00, 0x4B402E30, 0x16011314, 0x140B200A, 0x300A020A, 0x44301501, 0x15201640, 0x16501603, 0x16440800, 0x101E004A, 0x1D090A14, 0x080F9215,
0x48090208, 0x02003F3F, 0xED3F3FC5, 0x3FED0110, 0xCCD6D6FD, 0x5DDE5DFD, 0x5DCD332F, 0xCD5D3130, 0x373E0337, 0x36363521, 0x11331514, 0x06072736,
0x36372311, 0x230E0507, 0x081A2418, 0x1006110E, 0x0123233A, 0x3C4A1824, 0x0B263602, 0x07111E34, 0x4B365D09, 0x19212919, 0x42C780FE, 0x0B094792,
0x3D2F203D, 0x1D02053A, 0x7A72674F, 0x32040001, 0x0011FF6C, 0x01DC01D6, 0x001D0042, 0x40271B20, 0x1C301C02, 0x1C1C1413, 0x511D2000, 0x30005000,
0x03005211, 0x08181E1C, 0x0617131B, 0x06005511, 0x0A085707, 0x07003FED, 0x3FED3FC5, 0xC53F0110, 0xC6D6D6FD, 0x5DDEFDCD, 0x332F5DCD, 0x3130130E,
0x05072736, 0x36373E03, 0x35352111, 0x33160607, 0x27363637, 0x2311F002, 0x050D1A2D, 0x43301123, 0x220B0C0D, 0x07010134, 0x24023E33, 0x4A12220B,
0x2501702B, 0x57524837, 0x22036608, 0x2215183F, 0x46471F36, 0xFE974B89, 0x2D2E1637, 0x19017000, 0x01002DFF, 0x5B01C702, 0x6B001700, 0x5240160F,
0x30000100, 0x440F16BF, 0x16021610, 0x20150115, 0x44701301, 0x13B8FFC0, 0x40190B0E, 0x48130718, 0x17021548, 0x40100110, 0x10111402, 0x1108080B,
0x4A049200, 0x3FFDC63F, 0x3F12392F, 0x5DED3F01, 0x10C6D62B, 0x5DFD5DD0, 0xD55DED5D, 0x33313001, 0x11140623, 0x22262737, 0x16163332, 0x36351123,
0x11231133, 0x15333501, 0xC75A550D, 0x3116120E, 0x1611231E, 0xA47B7BA4, 0x026BFDA6, 0x5D590408, 0x67040427, 0x200104FE, 0xEF026BF4, 0xF4000100,
0x3BFF5B01, 0xB801D600, 0x17004C40, 0x0E201701, 0x17510E30, 0x1501150F, 0x145111B8, 0xFFC0401C, 0x0A0F4811, 0x4F060110, 0x06010618, 0x160A1455,
0x0F0F1013, 0x0A100607, 0x0A57030E, 0x003FFDC6, 0x3F3F1239, 0x2FED3F01, 0x10C65D5D, 0xD62BFDC0, 0xD65DC0ED, 0x5D313025, 0x14062322, 0x26273716,
0x16333236, 0x35352315, 0x23113315, 0x33353301, 0xB85A560C, 0x3116120E, 0x1611231E, 0x877B7B87, 0x7B115D59, 0x04086704, 0x042720AD, 0xBA01D6B6,
0xB6000100, 0x2DFF5701, 0xD9026B00, 0x14006840, 0x2914400B, 0x0C004C13, 0x400B0C00, 0x4C0C400B, 0x0C004C0B, 0x400B0C00, 0x4C0A0B0B, 0x13020144,
0x20133013, 0x02130D12, 0x4410B8FF, 0xC040180B, 0x0E481007, 0x15140211, 0x02134840, 0x0D010D0E, 0x08020B08, 0x07069200, 0x3FC53FC5, 0x3FDD5DED,
0x3F3F0110, 0xC6D62BFD, 0xC0D65DFD, 0xCD113310, 0xCD31302B, 0x2B2B2B01, 0x11331514, 0x06072736, 0x36372311, 0x23112311, 0x33153335, 0x01B6233A,
0x3C4A1824, 0x0B26927B, 0x7B92026B, 0xFE0B0947, 0x923D2F20, 0x3D1D0111, 0xFEEF026B, 0xF4F40001, 0x003BFF6C, 0x01DC01D6, 0x00130068, 0x40261240,
0x0C004D11, 0x400C004D, 0x0A400C00, 0x4D09400C, 0x004D0809, 0x0A010051, 0x0A301101, 0x11100B51, 0x700D010D, 0xB8FFC040, 0x180B0E48, 0x0D140405,
0x14130A0F, 0x0A11550B, 0x0C060504, 0x09060008, 0x06003FC5, 0x3FD4C53F, 0xD5ED3F3F, 0x0110D6C5, 0x10D62B5D, 0xFDD0D65D, 0xD0FDCD10, 0xD0CD3130,
0x2B2B2B2B, 0x25331606, 0x07273636, 0x37233523, 0x15231133, 0x15333533, 0x01B62402, 0x3E334A12, 0x220B2585, 0x7B7B857B, 0x6D4B892D, 0x2E163719,
0xBABA01D6, 0xB6B60001, 0x002DFF5B, 0x01C7026B, 0x001B004B, 0x402D0019, 0x01001801, 0x1B011544, 0x00160116, 0x20183018, 0x02181D0B, 0x44200A30,
0x0A020A1C, 0x1A12114A, 0x041B041B, 0x15180815, 0x020B0200, 0x3F3F3F12, 0x39392F2F, 0xED3F0110, 0xD65DED10, 0xC45DD65D, 0xFDD0CE31, 0x305D5D25,
0x35060623, 0x222E0235, 0x35331514, 0x1E023332, 0x36371133, 0x11231523, 0x11014C17, 0x2C142C49, 0x351E7B0B, 0x1824180D, 0x27117B4C, 0x73666903,
0x04143459, 0x45BDB626, 0x301D0B03, 0x04012DFD, 0x95A5010B, 0x0001002B, 0xFF7A01B6, 0x01D6001A, 0x0050B900, 0x0EFFC0B4, 0x090A004C, 0x0DB8FFC0,
0x4025090A, 0x004C1040, 0x11144810, 0x0D110951, 0x0B0C1C01, 0x51301901, 0x191B0657, 0x1411110A, 0x0E0D060A, 0x0A000A00, 0x3F3F3FC5, 0x12392FDE,
0xED0110D6, 0x5DED10C6, 0xD6FDD0CD, 0xC52B3130, 0x2B2B1315, 0x141E0233, 0x32363735, 0x33112315, 0x23353335, 0x0623222E, 0x023535A6, 0x101B2111,
0x101C0B7C, 0x6272582A, 0x27274534, 0x1E01D695, 0x13180E05, 0x0202CFFE, 0x2A86EC34, 0x060F2741, 0x32990001, 0x0017FF57, 0x01EC026B, 0x0023009B,
0xB9001DFF, 0xE0405E16, 0x17004C1C, 0x20181A00, 0x4C1B3018, 0x004D6F18, 0x8F180218, 0x0E40090C, 0x480E7F0F, 0x010F250A, 0x0A0B4009, 0x0C480B25,
0x1C1B241A, 0x19250505, 0x24250000, 0x0B231B23, 0x02F82301, 0x23241DB3, 0x1E201215, 0x481E1424, 0x051C1903, 0x1A1B0E0E, 0x1B1A031D, 0x08180813,
0x920A0200, 0x02003F3F, 0x3F3F3F17, 0x392F2F2F, 0x17390110, 0xC6D62BED, 0x10D05D71, 0xC12F1112, 0x393D2F12, 0x39391239, 0x3910D02B, 0xC1182F10,
0xD65DDD2B, 0xCD5D3130, 0x2B2B2B13, 0x1E03173E, 0x03373316, 0x16173315, 0x14060727, 0x36363723, 0x11032303, 0x11233E03, 0x37A10712, 0x15150B0C,
0x17151208, 0x650C1204, 0x243B3C49, 0x18240B13, 0x43593C71, 0x0307080B, 0x07026B15, 0x424C4E21, 0x254F4940, 0x1584F47D, 0x0947923D, 0x2F203D1D,
0x01E1FEFA, 0x0106FE1F, 0x4CA4A298, 0x41000100, 0x18FF6C01, 0xEC01D600, 0x22005E40, 0x3217160E, 0x0F240A0B, 0x241B1A19, 0x18051819, 0x051A1B05,
0x23240022, 0xE41CF41C, 0x021C1D13, 0x23220A1C, 0x0605181B, 0x030E1A0E, 0x1A0A1217, 0x060A0A00, 0x3F3FC412, 0x39392F2F, 0x17393F3F, 0x0110C6D6,
0xC55DD5C5, 0x11121739, 0x3D2F182F, 0x2F2F2F10, 0xD4C510D6, 0xD5D5C531, 0x30131E03, 0x173E0337, 0x33161617, 0x33140607, 0x27363637, 0x23110323,
0x0311233E, 0x0337AB06, 0x0F121309, 0x0A161411, 0x066E0B10, 0x05253C34, 0x4911230B, 0x1145593A, 0x71030708, 0x0B0701D6, 0x19485358, 0x28285953,
0x481860AE, 0x5B4C882D, 0x2E163719, 0x014CFEF3, 0x010DFEB4, 0x3A7C7B74, 0x31000100, 0x36000001, 0xBF026B00, 0x0B002D40, 0x170B0907, 0x08510203,
0x04300101, 0x010C0803, 0x48050409, 0x02480008, 0x003FFDC0, 0x3FFDC001, 0x10D65DD0, 0xD5C0FDC5, 0xD0C53130, 0x33353311, 0x23352115, 0x23113315,
0x36878701, 0x89868666, 0x019F6666, 0xFE6166FF, 0xFF000900, 0x0001EB03, 0x39022600, 0x24000001, 0x07038800, 0x00008B00, 0x10400B02, 0x001C2404,
0x0B500207, 0x174F2B2B, 0x340000FF, 0xFF002CFF, 0xF501B902, 0xAE022600, 0x44000001, 0x06038800, 0x00001040, 0x0B020834, 0x3C1C1350, 0x020F2F4F,
0x2B2B34FF, 0xFF000900, 0x0001EB03, 0x2C022600, 0x24000001, 0x07008300, 0x00008B00, 0x17401003, 0x0201192B, 0x040B5003, 0x07234F02, 0x07174F2B,
0x2B2B3434, 0x000000FF, 0xFF002CFF, 0xF501B902, 0xA1022600, 0x44000001, 0x06008300, 0x00001740, 0x10030209, 0x31431C13, 0x50030F3B, 0x4F020F2F,
0x4F2B2B2B, 0x343400FF, 0xFF000900, 0x0001EB02, 0x6B020600, 0xA10000FF, 0xFF0017FF, 0xF501E801, 0xE2020600, 0xC10000FF, 0xFF003F00, 0x0001CC03,
0x39022600, 0x28000001, 0x07038800, 0x1B008B00, 0x10400B01, 0x10111900, 0x0A500101, 0x0C4F2B2B, 0x340000FF, 0xFF001FFF, 0xF501D102, 0xAE022600,
0x48000001, 0x06038809, 0x00001040, 0x0B020B2B, 0x33000750, 0x0204264F, 0x2B2B34FF, 0xFF0019FF, 0xF301D502, 0x79020601, 0xE8000000, 0x02001FFF,
0xF501D101, 0xE2001A00, 0x23004D40, 0x30230C53, 0x00002000, 0x40000300, 0x251B5313, 0x70080108, 0x24124F0F, 0x010F5716, 0x4F235F23, 0x6F230323,
0x550C0C05, 0x160B3F20, 0x01205705, 0x07003FED, 0x5D3F1239, 0x2FED5D10, 0xFD5DC601, 0x10D65DC4, 0xED10D65D, 0xFDC03130, 0x25140E02, 0x23222635,
0x34363721, 0x34262322, 0x06072736, 0x3633321E, 0x0205141E, 0x02333236, 0x3701D126, 0x3D502A69, 0x6C010201, 0x304B3C25, 0x44161220, 0x482D3C5F,
0x4324FEC5, 0x0A162319, 0x2F2D04F0, 0x3E5E3F20, 0x7B760C19, 0x0A2E340F, 0x08680C0E, 0x1F3D5A6D, 0x12241B11, 0x3B27FFFF, 0x0019FFF3, 0x01D5032C,
0x022601E8, 0x00000107, 0x0083FFEF, 0x008B001A, 0xB10302B8, 0xFFF4400D, 0x2A3C1A12, 0x50030D34, 0x4F020D28, 0x4F2B2B2B, 0x3434FFFF, 0x001FFFF5,
0x01D102A1, 0x02260363, 0x00000106, 0x0083F800, 0x001AB103, 0x02B8FFFC, 0x400D2638, 0x07005003, 0x15304F02, 0x15244F2B, 0x2B2B3434, 0x0000FFFF,
0x00090000, 0x01EB032C, 0x022602C3, 0x00000107, 0x00830000, 0x008B0017, 0x40100201, 0x01304225, 0x0E500200, 0x3A4F0100, 0x2E4F2B2B, 0x2B343400,
0x0000FFFF, 0x000E0000, 0x01E602A1, 0x022602E3, 0x00000106, 0x00830000, 0x00174010, 0x0201012E, 0x40230650, 0x0205384F, 0x01052C4F, 0x2B2B2B34,
0x3400FFFF, 0x0017FFF3, 0x01DF032C, 0x022602C4, 0x00000107, 0x00830000, 0x008B0017, 0x40100201, 0x00354723, 0x1A50020F, 0x3F4F010F, 0x334F2B2B,
0x2B343400, 0x0000FFFF, 0x0033FFF3, 0x01B302A1, 0x022602E4, 0x00000106, 0x0083F800, 0x00174010, 0x02010033, 0x45160D50, 0x02023D4F, 0x0102314F,
0x2B2B2B34, 0x3400FFFF, 0x001AFFF3, 0x01E1026B, 0x0206020F, 0x0000FFFF, 0x001FFF5B, 0x01BA01D6, 0x020602A3, 0x0000FFFF, 0x002E0000, 0x01C60312,
0x022602C5, 0x00000107, 0x008A0000, 0x008B0010, 0x400B0102, 0x10110009, 0x50010112, 0x4F2B2B34, 0x0000FFFF, 0x003F0000, 0x01B60287, 0x022602E5,
0x00000106, 0x008A0000, 0x0010400B, 0x01011011, 0x00075001, 0x01124F2B, 0x2B34FFFF, 0x002E0000, 0x01C6032C, 0x022602C5, 0x00000107, 0x00830000,
0x008B0017, 0x40100201, 0x01122400, 0x09500201, 0x1C4F0101, 0x104F2B2B, 0x2B343400, 0x0000FFFF, 0x003F0000, 0x01B602A1, 0x022602E5, 0x00000106,
0x00830000, 0x00174010, 0x02010112, 0x24000750, 0x02011C4F, 0x0101104F, 0x2B2B2B34, 0x3400FFFF, 0x001BFFF3, 0x01D9032C, 0x02260032, 0x00000107,
0x00830000, 0x008B0017, 0x40100302, 0x01223414, 0x19500316, 0x2C4F0216, 0x204F2B2B, 0x2B343400, 0x0000FFFF, 0x001DFFF3, 0x01D802A1, 0x02260052,
0x00000106, 0x00830000, 0x00174010, 0x03020122, 0x34090050, 0x030E2C4F, 0x020E204F, 0x2B2B2B34, 0x34000003, 0x001BFFF3, 0x01D90279, 0x000B0016,
0x00210035, 0x401E1C12, 0x46000640, 0x06600603, 0x06231D11, 0x46002212, 0x481C1C03, 0x174A0909, 0x0C4A0303, 0x003FED3F, 0xED12392F, 0xED0110D6,
0xFDC010D6, 0x5DFDC531, 0x30133436, 0x33321615, 0x14062322, 0x2613220E, 0x0207332E, 0x0303323E, 0x0237231E, 0x031B7669, 0x6D72746A, 0x6D73DF1B,
0x24160B01, 0xC2020A16, 0x241B1B23, 0x160A02C1, 0x010B1624, 0x0136A0A3, 0xA3A0A0A3, 0xA301781A, 0x2D3D2424, 0x3E2D19FE, 0x50192C3D, 0x24243D2C,
0x19000300, 0x1DFFF301, 0xD801E200, 0x13001A00, 0x21004140, 0x28171F53, 0x00002000, 0x40006000, 0x80000500, 0x23181E53, 0x800A010A, 0x221F7317,
0x17054F1B, 0x011B570F, 0x0B145705, 0x07003FED, 0x3FED5D12, 0x392FED01, 0x10D65DFD, 0xC510D65D, 0xFDC03130, 0x25140E02, 0x23222E02, 0x35343E02,
0x33321E02, 0x07323637, 0x23161613, 0x22060733, 0x262601D8, 0x203A5132, 0x32513B20, 0x213B5230, 0x31513B20, 0xDF282F08, 0xBD072D2C, 0x282F08BC,
0x072DEC38, 0x5B422424, 0x425B3837, 0x5B412323, 0x415BC536, 0x30303601, 0x19352E2E, 0x35FFFF00, 0x1BFFF301, 0xD9032C02, 0x26037200, 0x00010700,
0x83000000, 0x8B001740, 0x10040301, 0x24360005, 0x5004022E, 0x4F030222, 0x4F2B2B2B, 0x34340000, 0x00FFFF00, 0x1DFFF301, 0xD802A102, 0x26037300,
0x00010600, 0x83000000, 0x17401004, 0x03012436, 0x09005004, 0x0E2E4F03, 0x0E224F2B, 0x2B2B3434, 0x00FFFF00, 0x2AFFF301, 0xE4032C02, 0x2602DA00,
0x00010700, 0x83FFF800, 0x8B001AB1, 0x0201B8FF, 0xED400D27, 0x39031F50, 0x021A314F, 0x011A254F, 0x2B2B2B34, 0x34FFFF00, 0x18FFF501, 0xCB02A102,
0x2602FA00, 0x00010600, 0x83F80000, 0x17401002, 0x01022537, 0x08005002, 0x1D2F4F01, 0x1D234F2B, 0x2B2B3434, 0x00FFFF00, 0x05FFF301, 0xEE031202,
0x2602D000, 0x00010700, 0x8A000000, 0x8B001040, 0x0B010221, 0x22170050, 0x0100234F, 0x2B2B3400, 0x00FFFF00, 0x14FF5801, 0xD8028702, 0x26005C00,
0x00010600, 0x8A000000, 0x10400B01, 0x0623240D, 0x00500100, 0x254F2B2B, 0x34FFFF00, 0x05FFF301, 0xEE032C02, 0x2602D000, 0x00010700, 0x83000000,
0x8B001740, 0x10020102, 0x23351700, 0x5002002D, 0x4F010021, 0x4F2B2B2B, 0x34340000, 0x00FFFF00, 0x14FF5801, 0xD802A102, 0x26005C00, 0x00010600,
0x83090000, 0x17401002, 0x010E2537, 0x0D005002, 0x002F4F01, 0x00234F2B, 0x2B2B3434, 0x00FFFF00, 0x05FFF301, 0xEE033F02, 0x2602D000, 0x00010701,
0x65002400, 0x8B001740, 0x10020127, 0x23251700, 0x50020026, 0x4F010022, 0x4F2B2B2B, 0x34340000, 0x00FFFF00, 0x14FF5801, 0xDA02B402, 0x26005C00,
0x00010601, 0x65240000, 0x17401002, 0x012A2527, 0x0D005002, 0x00284F01, 0x00244F2B, 0x2B2B3434, 0x00FFFF00, 0x2D000001, 0xC7032C02, 0x2602D400,
0x00010700, 0x83000000, 0x8B001740, 0x10020101, 0x1A2C140A, 0x50020924, 0x4F010918, 0x4F2B2B2B, 0x34340000, 0x00FFFF00, 0x2B000001, 0xB602A102,
0x2602F400, 0x00010600, 0x83000000, 0x17401002, 0x010B192B, 0x140B5002, 0x00234F01, 0x00174F2B, 0x2B2B3434, 0x00000100, 0x24FF7A01, 0xE4026B00,
0x0B004A40, 0x2F08401E, 0x004D2008, 0x30084008, 0x0308B35F, 0x069F06DF, 0x0603060D, 0x3F030103, 0x010B0551, 0x00800B01, 0x0B0C0005, 0x72070908,
0x04720102, 0x003FED3F, 0xC5ED3201, 0x10D65DD5, 0xED10D6C5, 0x5D10D65D, 0xED5D2B31, 0x30371121, 0x15231133, 0x15233523, 0x357D0167, 0xEC8772E9,
0x66020566, 0xFE61EC86, 0x66000100, 0x59FF7A01, 0xBF01D600, 0x09002D40, 0x19070851, 0x050A2F01, 0x3F014F01, 0x03010304, 0x0A074805, 0x0A020048,
0x0406003F, 0xEDC63FED, 0x0110D6D5, 0xC55D10D6, 0xFDC53130, 0x25152335, 0x23112115, 0x2311012D, 0x72620166, 0xEA66EC86, 0x01D666FE, 0xF6FFFF00,
0x22FFF801, 0xCF032C02, 0x2602D800, 0x00010700, 0x83000000, 0x8B001740, 0x10040303, 0x2032081A, 0x5004092A, 0x4F03091E, 0x4F2B2B2B, 0x34340000,
0x00FFFF00, 0x22FFF601, 0xCF02A102, 0x2602F800, 0x00010600, 0x83000000, 0x17401004, 0x03032638, 0x10145004, 0x11304F03, 0x11244F2B, 0x2B2B3434,
0x00000400, 0x12000001, 0xEB027900, 0x09000D00, 0x19002500, 0xCA40360F, 0x1A1F1A02, 0x130F1A1F, 0x1A023F1A, 0x017F1A8F, 0x1A9F1A03, 0x1A7C0014,
0x10142014, 0x40146014, 0x05191427, 0x00201020, 0x02393020, 0x01702080, 0x20902003, 0x20B8FFC0, 0x405B1316, 0x48207C0E, 0x08500B60, 0x0B700B03,
0x000B100B, 0x900BA00B, 0xB00B050B, 0x0A2F084F, 0x08029008, 0x016F087F, 0x088F0803, 0x088F8F07, 0x0107018F, 0x40036003, 0x80039003, 0x04032623,
0x802F175F, 0x170217A1, 0x1D801103, 0x0C55100B, 0x010B8C01, 0x06070205, 0x02020800, 0x08003F3F, 0x3F3F3939, 0x3F5DED3F, 0xED3F5DED, 0x0110D671,
0xFDD45DFD, 0x5D5D71DE, 0xC55D7110, 0xDEED2B71, 0x725E5D10, 0xD65E5DED, 0x5D717231, 0x305E5D33, 0x03112311, 0x33131133, 0x11373315, 0x23113436,
0x33321615, 0x14062322, 0x26373426, 0x23220615, 0x14163332, 0x36C76352, 0x4263521B, 0xC7C73033, 0x33313133, 0x33308012, 0x0B0C1010, 0x0C0B1201,
0x65FE9B02, 0x6BFEB901, 0x47FD95F0, 0x6201504C, 0x4F4F4C4C, 0x50504C30, 0x25253031, 0x25250001, 0x000000DD, 0x01F40139, 0x00030010, 0xB5020304,
0x0201A100, 0x3FC50110, 0xD0C53130, 0x11211521, 0x01F4FE0C, 0x01395C00, 0x010015FF, 0xF301E702, 0x79003500, 0x73B90023, 0xFFC04040, 0x0D12004C,
0x08401214, 0x004C0840, 0x0F10004C, 0x00461213, 0x1A5F2401, 0x24372F1B, 0x462D0936, 0x23402001, 0x204A2912, 0x00733315, 0x33301873, 0x1B2D1B33,
0x1B331B0C, 0x24290908, 0x054A0C03, 0x003FFDC6, 0x3FC51239, 0x392F2F11, 0x3310ED32, 0x113310ED, 0x3210FD5D, 0xC60110C4, 0xD6EDCD10, 0xD65DC6D4,
0xD5ED3130, 0x002B2B2B, 0x01363534, 0x26232206, 0x07273636, 0x33321615, 0x14061533, 0x15230606, 0x07331521, 0x06151416, 0x33323637, 0x170E0323,
0x22263535, 0x23353336, 0x36372335, 0x013C0537, 0x25234614, 0x241B5739, 0x61670131, 0x68193C1B, 0xD8FEC901, 0x39292554, 0x20220B21, 0x2D3A2572,
0x6A234D16, 0x361CB501, 0xB10D0C28, 0x20150D5F, 0x101A6258, 0x05050459, 0x15221159, 0x03092C25, 0x14135F07, 0x110E0960, 0x570D5917, 0x21105900,
0x01001900, 0x0001DB02, 0x6B001700, 0x7AB9000C, 0xFFD04009, 0x0E004D03, 0x200E004D, 0x0CB8FFE0, 0x40090E00, 0x4D0B280E, 0x004D02B8, 0xFFE0B30D,
0x004D01B8, 0xFFE0B30D, 0x004D00B8, 0xFFF04027, 0x13004D0F, 0x13011304, 0x0014440B, 0x070F0F01, 0x0FD01001, 0x10180F14, 0x4A080903, 0x0C020D17,
0x16080512, 0x02050800, 0x3F3F1217, 0x39ED3201, 0x10D65DD5, 0x5D3232FD, 0x3232C55D, 0x3130002B, 0x2B2B2B2B, 0x012B2B01, 0x15371707, 0x15233507,
0x27373507, 0x27373523, 0x35211523, 0x15371701, 0x38502676, 0x7C49266F, 0x4B246FA3, 0x01C2A350, 0x25014445, 0x2551389B, 0x61225233, 0x46234E34,
0x9C666662, 0x254D0001, 0x00600216, 0x019502AE, 0x00110016, 0x40090D05, 0x1200090C, 0xA006A000, 0x3F3FDEC5, 0x0110D6C4, 0x31301322, 0x2E022737,
0x16163332, 0x3637170E, 0x03FA1C36, 0x2A1C025C, 0x06221617, 0x22065C03, 0x1C2A3602, 0x16112130, 0x1E18231C, 0x1B23181E, 0x302011FF, 0xFF000900,
0x0001EB02, 0x6B020600, 0x240000FF, 0xFF0036FF, 0xF801D502, 0x72020600, 0x250000FF, 0xFF002400, 0x0001E402, 0x6B020602, 0xC00000FF, 0xFF000900,
0x0001EB02, 0x6B020601, 0x9B0000FF, 0xFF003F00, 0x0001CC02, 0x6B020600, 0x280000FF, 0xFF002E00, 0x0001C602, 0x6B020600, 0x3D0000FF, 0xFF002D00,
0x0001C702, 0x6B020600, 0x2B000000, 0x030016FF, 0xF301DE02, 0x79000300, 0x0F002300, 0x3EB21A46, 0x0AB8FFC0, 0x401F090F, 0x480A2001, 0x30010201,
0x20000100, 0x04461024, 0x02A50101, 0x15074A1F, 0x090D4A15, 0x03003FED, 0x3FED1239, 0x2FED0110, 0xD6FDDE5D, 0xD55DDE2B, 0xED313013, 0x33152327,
0x14163332, 0x36353426, 0x23220607, 0x343E0233, 0x321E0215, 0x140E0223, 0x222E02B3, 0x8F8F2930, 0x403F3130, 0x403F3174, 0x203C5434, 0x36553B1E,
0x203A5534, 0x36553B1F, 0x01655D2E, 0x68707167, 0x67717167, 0x567A4E25, 0x254E7A56, 0x567B4E24, 0x244E7BFF, 0xFF003600, 0x0001BF02, 0x6B020600,
0x2C0000FF, 0xFF002D00, 0x0001E902, 0x6B020600, 0x2E000000, 0x01000900, 0x0001EB02, 0x6B001000, 0x26401400, 0x0D030C08, 0x05111012, 0x0911030D,
0x020C0209, 0x08000800, 0x3F3F3F3F, 0x390110C6, 0x10C61217, 0x39313021, 0x2626270E, 0x03072336, 0x12373316, 0x12170167, 0x1F2E2111, 0x1C1A1A0F,
0x802C5A2A, 0x862C5729, 0x92F56C3B, 0x737A8249, 0xB7012D87, 0x88FECFB2, 0xFFFF0017, 0x000001DD, 0x026B0206, 0x00300000, 0xFFFF002E, 0x000001C6,
0x026B0206, 0x00310000, 0x00030020, 0x000001D4, 0x026B0003, 0x0007000B, 0x002B4015, 0x06040A08, 0x0C02000C, 0x04480505, 0x0008480B, 0x08034800,
0x02003FED, 0x3FED1239, 0x2FED0110, 0xD6C510D6, 0xC5D6C531, 0x30132115, 0x21173521, 0x15052115, 0x212001B4, 0xFE4C2701, 0x67FE7201, 0xB4FE4C02,
0x6B68F068, 0x68AB68FF, 0xFF001BFF, 0xF301D902, 0x79020600, 0x320000FF, 0xFF002D00, 0x0001C702, 0x6B020602, 0xCC0000FF, 0xFF003600, 0x0001D802,
0x72020600, 0x33000000, 0x01001C00, 0x0001D602, 0x6B001B00, 0x7B401018, 0x400A004D, 0x17080A00, 0x4D134012, 0x004D0BB8, 0xFF80B30C, 0x004D0AB8,
0xFFC0B30B, 0x004D09B8, 0xFF80B30C, 0x004D09B8, 0xFFC04025, 0x0B004D13, 0x091C0815, 0x1D0E0005, 0x161C1314, 0x48150517, 0x0E001700, 0x0E050407,
0x15080908, 0x48070206, 0x02003F3F, 0xED323F12, 0x17393D2F, 0x2F182F2F, 0x10ED3201, 0x10D6D4D6, 0xC510D6C4, 0x12393931, 0x302B2B2B, 0x2B2B2B2B,
0x132E0327, 0x35211521, 0x1E03170E, 0x03072115, 0x21353E03, 0xE8143434, 0x311201AC, 0xFEF8132A, 0x2B28110E, 0x3237350F, 0x0123FE46, 0x15333736,
0x01391C3F, 0x3F38154B, 0x66173536, 0x34161038, 0x3E3B1266, 0x51193B3E, 0x3CFFFF00, 0x19000001, 0xDB026B02, 0x06003700, 0x00FFFF00, 0x0D000001,
0xE8026B02, 0x06003C00, 0x00FFFF00, 0x19000001, 0xDA029302, 0x0602D100, 0x00FFFF00, 0x0B000001, 0xE9026B02, 0x06003B00, 0x00000100, 0x19000001,
0xDB026B00, 0x1B00B240, 0x7019400E, 0x004D1620, 0x0D004D10, 0x200E004D, 0x0C400D00, 0x4D0B400D, 0x004D0040, 0x0D004D5F, 0x19012F06, 0x3F064F06,
0x03065260, 0x07011F07, 0x01BF07CF, 0x07DF0703, 0xA007015F, 0x076F077F, 0x07030740, 0x090C4807, 0x1D501B01, 0x1B525F1A, 0x011A1A19, 0x190D0000,
0x0B0B400C, 0x010C520D, 0x20133013, 0x40130313, 0x52101220, 0x12301203, 0x12B8FFC0, 0x400C1518, 0x48B11201, 0x121C0C08, 0x0602003F, 0x3F0110D6,
0x5D2B71ED, 0x5DD4ED5D, 0x322F332F, 0x11331133, 0x2F5DED5D, 0x10DE2B5D, 0x5D5D7171, 0xED5D3130, 0x005D012B, 0x2B2B2B2B, 0x2B25323E, 0x02353533,
0x15140607, 0x15233526, 0x26353533, 0x15141E02, 0x33353301, 0x2A111E16, 0x0C605C55, 0x60555C60, 0x0C161E11, 0x60F00C21, 0x3D30E1D6, 0x83780793,
0x93077883, 0xD6E1303D, 0x210CEB00, 0x01000900, 0x0001EB02, 0x79002700, 0x53B62540, 0x090A004C, 0x0DB8FFC0, 0x402B090A, 0x004C1446, 0x0A600F01,
0x0F7F1101, 0x6011013F, 0x11011129, 0x1E460023, 0x2F210121, 0x28254822, 0x080D4810, 0x08194A05, 0x03003FED, 0x3FED3FED, 0x0110C45D, 0xD6D4ED10,
0xC45D5D5D, 0xD65DD4ED, 0x31302B2B, 0x13343E02, 0x33321E02, 0x15140607, 0x33152335, 0x36363534, 0x2E022322, 0x0E021514, 0x16171523, 0x35332626,
0x0E294255, 0x2D2C5543, 0x29242A51, 0xD722350B, 0x192B2020, 0x2B1B0B31, 0x26D9542A, 0x2501624B, 0x6A431F1F, 0x436A4B42, 0x7E3C6657, 0x29775027,
0x47382121, 0x38472750, 0x77295766, 0x3C810002, 0x0028FFF6, 0x01E401E0, 0x00150026, 0x0049400F, 0x15400900, 0x4D0F0001, 0x1E531200, 0x150115B8,
0xFFC0B70D, 0x14481528, 0x16530BB8, 0xFFC04011, 0x0D14480B, 0x2722570E, 0x0B195706, 0x07155700, 0x07003FED, 0x3FED3FED, 0x0110D62B, 0xED10D62B,
0x5DD6ED31, 0x305D2B05, 0x22262706, 0x0623222E, 0x02353436, 0x33321617, 0x11141617, 0x25141633, 0x32372626, 0x35352626, 0x23220E02, 0x01D32A31,
0x1322431F, 0x2744311D, 0x7E6C2450, 0x2C161CFE, 0xC22B2620, 0x2502030C, 0x150A1D27, 0x180A0A17, 0x1617161E, 0x3A573883, 0x800C0EFE, 0xE22D1C03,
0x88444316, 0x102912B5, 0x03021627, 0x36000200, 0x36FF5A01, 0xDB02B500, 0x1A003300, 0x64B90026, 0xFFC04038, 0x0C004D1F, 0x28012828, 0x34352D40,
0x0B004D2D, 0x53002253, 0x00060106, 0x351B0E51, 0x30104010, 0x50100310, 0x34265527, 0x0303271D, 0x30571601, 0x100E0F12, 0x1D570B07, 0x003FED3F,
0x3F3FED11, 0x39393D2F, 0x182FED01, 0x10D65DED, 0x3210D65D, 0xEDD4ED2B, 0x1112392F, 0x5D313000, 0x2B011406, 0x07161615, 0x140E0223, 0x22262715,
0x2311343E, 0x0233321E, 0x02031633, 0x323E0235, 0x34262323, 0x3533323E, 0x02353426, 0x23220615, 0x01AE232A, 0x44362339, 0x48251E2C, 0x177B1F35,
0x47292241, 0x331EFD22, 0x28182519, 0x0C323417, 0x0B121B13, 0x091F2120, 0x23020B2B, 0x4A171B5C, 0x3C3D5232, 0x150A0AB0, 0x02863851, 0x3418162B,
0x40FE4216, 0x111E2716, 0x2D406210, 0x1B21121F, 0x32323900, 0x01000EFF, 0x5B01E801, 0xD6001300, 0x69B51020, 0x0A004D0B, 0xB8FFE0B3, 0x0A004D0B,
0xB8FFC040, 0x0909004D, 0x0A201300, 0x4D08B8FF, 0xC0402813, 0x004D0820, 0x09004D07, 0x2009004D, 0x09200A00, 0x4D100909, 0x060C510D, 0x15065105,
0x13510005, 0x1410060D, 0x0A001200, 0x3F3F3F01, 0x10D6D6ED, 0x10ED10D6, 0xED11393D, 0x2F393130, 0x002B012B, 0x2B2B2B2B, 0x2B2B172E, 0x03273316,
0x16173636, 0x37330606, 0x07161617, 0xC1092C35, 0x36138122, 0x3214233C, 0x137F2267, 0x3C080A02, 0xA557B4A8, 0x9236609E, 0x4949AB53, 0x86EB6930,
0x49280002, 0x001FFFF3, 0x01D702B5, 0x002A003A, 0x0050B33B, 0x060130B8, 0xFFC0402A, 0x0A004D11, 0x400F004D, 0x2B533010, 0x01104021, 0x60210221,
0x3C195308, 0x3553003B, 0x30051E03, 0x0D385726, 0x07111457, 0x0D9F003F, 0xFDC63FED, 0x12173901, 0x10D6EDD4, 0xED10D65D, 0xC45DED31, 0x30002B2B,
0x015D3734, 0x3E023726, 0x2635343E, 0x02333216, 0x17072626, 0x23220E02, 0x15141E02, 0x17161615, 0x140E0223, 0x222E0225, 0x342E0227, 0x0E031514,
0x16333236, 0x1F0B1E35, 0x2B1D2415, 0x2A402B35, 0x48221A18, 0x3F260913, 0x110A0B1B, 0x2D213B46, 0x1F395131, 0x32513B20, 0x013A111B, 0x24131C23,
0x1307352A, 0x2A33DA16, 0x383A3715, 0x1739291D, 0x34271616, 0x0F5C0C15, 0x0208100D, 0x0C171B22, 0x16276748, 0x37593E21, 0x1F3B5641, 0x1A2A231E,
0x0E0D2428, 0x28124443, 0x42000100, 0x40FFF301, 0xC601E200, 0x30008340, 0x0B2A200C, 0x004D2020, 0x0C004D19, 0xB8FFC0B4, 0x1314004C, 0x18B8FFE0,
0xB4191A00, 0x4C00B8FF, 0xC0403617, 0x004DC030, 0xD030E030, 0x03301A32, 0x0C250853, 0x28135322, 0x315F0E6F, 0x0E02300E, 0x010E550B, 0x250B252D,
0x1D004F03, 0x0103572D, 0x0B194016, 0x0116571D, 0x07003FFD, 0x5DC63FFD, 0x5DC61112, 0x39393D2F, 0x182FED5D, 0x5D0110D6, 0xEDD4EDD5, 0xC510D6C6,
0x5D313000, 0x2B2B2B01, 0x2B2B0126, 0x2623220E, 0x02151416, 0x33331523, 0x220E0215, 0x14163332, 0x36371706, 0x0623222E, 0x02353436, 0x37262635,
0x343E0233, 0x32161701, 0x9C174C2A, 0x161D1207, 0x1D256A69, 0x0F1E170E, 0x2E2C3453, 0x141D2564, 0x32294A37, 0x2126271D, 0x21203546, 0x26334E22,
0x0163060E, 0x090E1108, 0x111B5D04, 0x0B130F15, 0x19130765, 0x0F120F22, 0x37282B37, 0x11113023, 0x2634200E, 0x0E0C0001, 0x0036FF56, 0x01D102AF,
0x0024003E, 0xB7040753, 0x18000001, 0x00B8FFC0, 0x400A0B0E, 0x48002614, 0x161D530F, 0xB8FFC040, 0x0C0A0E48, 0x0F251555, 0x17000403, 0x10003FC5,
0x3FED0110, 0xD62BEDD4, 0xC510D62B, 0x5DC4FDC6, 0x31300514, 0x06072736, 0x36353426, 0x272E0335, 0x343E0237, 0x23352115, 0x0E031514, 0x16171E03,
0x01D11B16, 0x670E0F38, 0x382A422D, 0x172F444C, 0x1DC3016D, 0x1D59553D, 0x353D2D40, 0x2A142525, 0x4020251A, 0x2411181D, 0x0E0C1F30, 0x442F386A,
0x5F4F1E66, 0x511A4E61, 0x733D3433, 0x120E1B21, 0x2B000100, 0x3FFF5B01, 0xB901E000, 0x13003240, 0x0A0B5109, 0x15115150, 0x000100B8, 0xFFC04010,
0x090C4800, 0x14120609, 0x0E300E01, 0x0E57030B, 0x003FED5D, 0x3F3F0110, 0xD62B5DED, 0x10D6ED31, 0x30133636, 0x33321E02, 0x15112311, 0x34262322,
0x06071123, 0x3F216139, 0x384A2B12, 0x7B1E2E0E, 0x1B0F7B01, 0xC709101F, 0x394F30FE, 0x52019E42, 0x3A0202FE, 0x8F000300, 0x1FFFF301, 0xD402B500,
0x0B001600, 0x1D003540, 0x1E111B53, 0x00004000, 0x60000300, 0x1F121A53, 0x061E1155, 0x1B1B0317, 0x57099F0C, 0x57030700, 0x3FED3FED, 0x12392FED,
0x0110D6FD, 0xC010D65D, 0xFDC03130, 0x01140623, 0x22263534, 0x36333216, 0x03323E02, 0x37231E03, 0x13220607, 0x33262601, 0xD4746666, 0x75756666,
0x74DA1823, 0x160C01BE, 0x010C1823, 0x18302E02, 0xBE022C01, 0x55B3AFAF, 0xB3B2AEAE, 0xFE561C33, 0x472B2B47, 0x331C01EF, 0x69575769, 0x00010024,
0xFFF501D3, 0x01D60013, 0x002D401B, 0x00001000, 0x20004000, 0xA0000500, 0x150D5108, 0x0A140955, 0x0B0A1310, 0x57030700, 0x3FFDC63F, 0xED0110D6,
0xD6ED10C6, 0x5D313025, 0x06062322, 0x2E023535, 0x23353311, 0x14163332, 0x363701D3, 0x26431C30, 0x41271082, 0xFD1F2411, 0x2E1E1412, 0x0D1C354C,
0x31AD66FE, 0xE62A2708, 0x0E000100, 0x3F000001, 0xE701D600, 0x1A004BB9, 0x0012FFE0, 0xB30A004D, 0x03B8FFE0, 0x40240A00, 0x4D050611, 0x60108010,
0x9010A010, 0x04101C16, 0x0B005119, 0x1B1A0A17, 0x06160B00, 0x03051106, 0x050A003F, 0x3F121739, 0x3F3F0110, 0xD6FD32C0, 0x10D65DC5, 0xD6C53130,
0x2B2B133E, 0x0337330E, 0x03071E03, 0x17232E03, 0x27152311, 0x33BB1225, 0x23200C94, 0x122E3131, 0x14193A38, 0x2F0E8D0C, 0x272C2D13, 0x7C7C011C,
0x152F322F, 0x15173638, 0x34161843, 0x48481C19, 0x3F3D3712, 0xDE01D000, 0x01001300, 0x0001DD02, 0xB5002400, 0x32401A1A, 0x51192614, 0x1F050325,
0x26245100, 0x0E251F11, 0x24061A06, 0x0D0A5711, 0x00003FFD, 0xC63F3F12, 0x390110C6, 0xD6ED1112, 0x173910D6, 0xED313033, 0x3E03372E, 0x03232206,
0x07273636, 0x33321617, 0x1E031723, 0x2E03270E, 0x03071311, 0x2D313218, 0x101A1819, 0x0F0D110B, 0x16142618, 0x404D1D1F, 0x3831270F, 0x8E081415,
0x160A0E1D, 0x1B160740, 0x7D75682C, 0x2A341E0A, 0x02056307, 0x063D3D42, 0x99988F39, 0x2451514E, 0x21245153, 0x4E1FFFFF, 0x003BFF5B, 0x01B601D6,
0x02060090, 0x0000FFFF, 0x000E0000, 0x01E601D6, 0x02060059, 0x00000001, 0x0035FF56, 0x01D202B5, 0x00380067, 0xB70B400D, 0x004D0353, 0x35B8FFC0,
0xB6090E48, 0x353A2415, 0xB8FFC040, 0x0B090E48, 0x153A1E53, 0x0F2B5309, 0xB8FFC040, 0x190A0E48, 0x09003926, 0x5530060C, 0x38230C23, 0x0C120038,
0x0E161957, 0x1200003F, 0xFDC63FC5, 0x1239393D, 0x2F182F11, 0x123939ED, 0x0110C6D6, 0x2BEDD4ED, 0x10D62BC6, 0x10D62BED, 0x31302B05, 0x36363534,
0x26272626, 0x35343637, 0x26263534, 0x36333216, 0x17072626, 0x23220E02, 0x15141E02, 0x33331523, 0x220E0215, 0x141E0217, 0x1E031514, 0x0607013A,
0x0E104136, 0x5A524332, 0x2E256E67, 0x36501419, 0x1D3A1D1F, 0x29180912, 0x1D26156A, 0x64183328, 0x1A0F1C28, 0x1A2C432D, 0x161B1683, 0x1A22111A,
0x1C0D175E, 0x4A425014, 0x1A4B2F4F, 0x60110860, 0x0B090F1A, 0x20111620, 0x150A6606, 0x14282118, 0x23181207, 0x0C17202C, 0x22254020, 0xFFFF001D,
0xFFF301D8, 0x01E20206, 0x00520000, 0xFFFF003F, 0x000001B6, 0x01D60206, 0x02EC0000, 0x0002003F, 0xFF5B01D5, 0x01E00010, 0x001D0038, 0xB217530C,
0xB8FFC040, 0x09090F48, 0x0C1F031D, 0x5106B8FF, 0xC0400F09, 0x0F48061E, 0x1A57090B, 0x040E1457, 0x0007003F, 0xED3F3FED, 0x0110D62B, 0xFDC010D6,
0x2BED3130, 0x05222627, 0x15231134, 0x36333216, 0x15140E02, 0x27161633, 0x32363534, 0x26232206, 0x1501151E, 0x2C117B64, 0x616D6419, 0x30488A0B,
0x21162B30, 0x252A202E, 0x090C0AB2, 0x01AB6377, 0x8273365A, 0x41237908, 0x09494845, 0x43323B00, 0x01002DFF, 0x5601D201, 0xE2002500, 0x4B401B23,
0x53001C20, 0x1C301C40, 0x1C041C00, 0x0D200D30, 0x0D030D27, 0x50270114, 0x5305B8FF, 0xC040110B, 0x0E480520, 0x2617000A, 0x201F0E0E, 0x11570A0B,
0x003FFDC6, 0x3FC51239, 0x390110C6, 0xD62BED5D, 0x10C65DD6, 0x5DED3130, 0x372E0335, 0x343E0233, 0x32161707, 0x26262322, 0x06151416, 0x171E0315,
0x14060727, 0x36363534, 0x26EB2B46, 0x321B2545, 0x643F2B47, 0x221E1634, 0x2148523C, 0x43304027, 0x111B1667, 0x0E0F300D, 0x0A21344B, 0x36345A42,
0x250D0D61, 0x080A4643, 0x3B3C0F0C, 0x1A212B1D, 0x25402027, 0x1A221116, 0x1E000200, 0x1DFFF301, 0xEB01D600, 0x14002700, 0x3DB21A53, 0x03B8FFC0,
0x4020090C, 0x48038014, 0x90140214, 0x29235380, 0x0D900D02, 0x0D280055, 0x130A1E57, 0x120A1557, 0x0807003F, 0xED3FED3F, 0xED0110D6, 0x5DED10D6,
0x5DD62BED, 0x31300116, 0x1615140E, 0x0223222E, 0x0235343E, 0x02333315, 0x03323E02, 0x35342627, 0x23220E02, 0x15141E02, 0x0193171A, 0x1A345137,
0x2F4D371E, 0x213D5735, 0xE4FD1821, 0x150A1A16, 0x0F1C291B, 0x0D0B1520, 0x0170234F, 0x292B523F, 0x2623405A, 0x373A593D, 0x1F66FEED, 0x15232F1A,
0x2B501718, 0x28351C19, 0x2F241600, 0x010024FF, 0xF501E001, 0xD6001700, 0x40B7000F, 0x100F200F, 0x030FB8FF, 0xC0400A0D, 0x11480F19, 0x04055100,
0x01B8FFC0, 0x400F0E11, 0x4801180E, 0x09571207, 0x00055503, 0x0A003FFD, 0xC03FFDC6, 0x0110D62B, 0xD5FDC510, 0xC62B5D31, 0x30132335, 0x21152315,
0x14163332, 0x3E023717, 0x06062322, 0x2E02358B, 0x6701A4C1, 0x29201320, 0x1D1E1111, 0x22502C29, 0x43301B01, 0x706666B4, 0x34280307, 0x0A08690F,
0x0F132E4F, 0x3B000100, 0x33FFF301, 0xBF01D600, 0x11002C40, 0x1A0C5100, 0x0F010F13, 0x06511003, 0x20033003, 0x0303120D, 0x0A050A09, 0x57000700,
0x3FED3F3F, 0x0110D65D, 0xED10D65D, 0xED313017, 0x22263511, 0x33151416, 0x33323635, 0x35331114, 0x06F9685E, 0x7C1F2B2B, 0x1E7D5D0D, 0x6870010B,
0xFC3E3636, 0x3EFCFEF5, 0x70680003, 0x0018FF5B, 0x01DB01D6, 0x00080011, 0x00240075, 0x40512F0E, 0x3F0E020E, 0x40151848, 0x0E52601F, 0x801F901F,
0xA01F041F, 0x26244011, 0x50116011, 0x03115214, 0x80009000, 0x02000025, 0x26200330, 0x03C003D0, 0x03040352, 0xAF19BF19, 0x02192508, 0x40090109,
0x55240611, 0x4F000100, 0x551C0A14, 0x06130E00, 0x3F3F3FED, 0x5D323FED, 0x5D320110, 0xD65DED5D, 0x1112392F, 0x5D33ED5D, 0x3210D65D, 0xED2B5D31,
0x30130606, 0x15141E02, 0x1733323E, 0x02353426, 0x27112335, 0x2E033534, 0x36333216, 0x15140E02, 0x07C9232C, 0x0B151D12, 0x600F1C17, 0x0E2C2460,
0x2F432B14, 0x716D7372, 0x132B4430, 0x01780540, 0x47293622, 0x10031023, 0x39294643, 0x02FDE3A3, 0x04283F51, 0x2F737A7A, 0x732F513F, 0x2804FFFF,
0x00140000, 0x01E101D6, 0x0206005B, 0x00000001, 0x0018FF5B, 0x01DA01D6, 0x001F005D, 0x403F2F06, 0x3F06CF06, 0xDF060406, 0x52800790, 0x07020721,
0x20173017, 0xC017D017, 0x04175216, 0x2000400E, 0x500EE00E, 0xF00E040E, 0x521D900F, 0x010F2017, 0x0A1E001D, 0x5710070F, 0x0E0D0706, 0x0A003F3F,
0x3F3FFD32, 0xC53F0110, 0xD65D32ED, 0x5D3210D6, 0xED5D10D6, 0x5DED5D31, 0x3025323E, 0x02353533, 0x15140E02, 0x07152335, 0x2E033535, 0x3315141E,
0x02331133, 0x0129111E, 0x160C6018, 0x2D422A60, 0x2A422D18, 0x610C151E, 0x1160520C, 0x213D30EA, 0xE0425E3E, 0x20039A9A, 0x03203E5E, 0x42E0EA30,
0x3D210C01, 0x13000100, 0x19FFF701, 0xDD01E200, 0x30007340, 0x37200F30, 0x0F400FD0, 0x0F040F52, 0xF0060106, 0x003001C0, 0x30E03002, 0xAF30BF30,
0x02503001, 0x27300130, 0x52C02FF0, 0x2F022F20, 0x26302640, 0x26D02604, 0x2652221F, 0xB8FFC040, 0x15141A48, 0x1F312322, 0x0B2B571A, 0x07301703,
0x57140709, 0x0A0B003F, 0xC53FEDD5, 0xC53FED3F, 0xC50110D6, 0x2BC5FD5D, 0xDE5DFD5D, 0x5D5D5D71, 0xDE5DED5D, 0x31302514, 0x16333236, 0x35342627,
0x371E0315, 0x140E0223, 0x22262706, 0x0623222E, 0x02353436, 0x37170606, 0x15141E02, 0x33323635, 0x3533012B, 0x11140E14, 0x1E235315, 0x21170C0D,
0x1E332621, 0x2D101031, 0x1D26321F, 0x0D2D2C52, 0x231E0409, 0x0D091411, 0x60CC3738, 0x3E313682, 0x39251C43, 0x484A222B, 0x4E3C2324, 0x23232423,
0x3C4E2B45, 0x913D2539, 0x83361528, 0x1F123837, 0x4AFFFFFF, 0xE8000001, 0xEB028002, 0x26002400, 0x00010703, 0xCFFF3D00, 0x00000DB9, 0x0002FF3D,
0xB4191704, 0x0B502B34, 0x00FFFFFF, 0x7B000001, 0xCC028002, 0x3703CFFE, 0xD0000000, 0x06002800, 0x00FFFFFF, 0x6A000001, 0xC7028002, 0x26002B00,
0x00010703, 0xCFFEBF00, 0x00000DB9, 0x0001FEBF, 0xB40E0C06, 0x00502B34, 0x00FFFFFF, 0x6D000001, 0xBF028002, 0x26002C00, 0x00010703, 0xCFFEC200,
0x00000DB9, 0x0001FEC2, 0xB40E0C00, 0x06502B34, 0x00FFFF00, 0x36000001, 0xBF032C02, 0x26002C00, 0x00010700, 0x83000000, 0x8B001740, 0x10020101,
0x0E200006, 0x50020518, 0x4F01050C, 0x4F2B2B2B, 0x34340000, 0x00FFFFFF, 0x80FFF301, 0xD9028002, 0x26003200, 0x00010703, 0xCFFED500, 0x00000DB9,
0x0002FED5, 0xB4222014, 0x19502B34, 0x00FFFFFF, 0x5A000001, 0xE8028002, 0x26003C00, 0x00010703, 0xCFFEAF00, 0x00000DB9, 0x0001FEAF, 0xB4171511,
0x06502B34, 0x00FFFF00, 0x0D000001, 0xE8032C02, 0x26003C00, 0x00010700, 0x83000000, 0x8B001740, 0x10020101, 0x17291106, 0x50020521, 0x4F010515,
0x4F2B2B2B, 0x34340000, 0x00FFFFFF, 0x80000001, 0xEB028002, 0x2603A000, 0x00010703, 0xCFFED500, 0x00000DB9, 0x0001FED5, 0xB42A2823, 0x0E502B34,
0x00FFFF00, 0x28FFF601, 0xE402DB02, 0x2603A100, 0x00010603, 0xCE160000, 0x10400B02, 0x0929270A, 0x1550020D, 0x284F2B2B, 0x34FFFF00, 0x40FFF301,
0xC602DB02, 0x2603A500, 0x00010603, 0xCE1F0000, 0x10400B01, 0x15333121, 0x1A50012C, 0x324F2B2B, 0x34FFFF00, 0x3FFF5B01, 0xB902DB02, 0x2603A700,
0x00010603, 0xCE160000, 0x10400B01, 0x13161400, 0x07500102, 0x154F2B2B, 0x34FFFF00, 0x24FFF501, 0xD302DB02, 0x2603A900, 0x00010603, 0xCEFD0000,
0x13B90001, 0xFFFB4009, 0x16140A00, 0x50010B15, 0x4F2B2B34, 0x00FFFF00, 0x24FFF501, 0xD302A102, 0x2603A900, 0x00010600, 0x83000000, 0x17401002,
0x01001628, 0x0A005002, 0x0B204F01, 0x0B144F2B, 0x2B2B3434, 0x00FFFF00, 0x24FFF501, 0xD302DA02, 0x2603A900, 0x00010603, 0xD0000000, 0x21B20302,
0x01B8FFFF, 0x40111920, 0x0A005003, 0x0B2D4F02, 0x0B224F01, 0x0B164F2B, 0x2B2B2B34, 0x34340000, 0x00FFFF00, 0x1DFFF301, 0xD802DB02, 0x26005200,
0x00010603, 0xCE160000, 0x10400B02, 0x15222009, 0x0050020E, 0x214F2B2B, 0x34FFFF00, 0x33FFF301, 0xBF02A102, 0x2603B500, 0x00010600, 0x83000000,
0x17401002, 0x01021426, 0x020E5002, 0x041E4F01, 0x04124F2B, 0x2B2B3434, 0x00FFFF00, 0x33FFF301, 0xBF02DB02, 0x2603B500, 0x00010603, 0xCE0D0000,
0x10400B01, 0x0D141202, 0x0E500104, 0x134F2B2B, 0x34FFFF00, 0x26FFF301, 0xCE02DA02, 0x2603B500, 0x00010603, 0xD0000000, 0x1E401503, 0x02010117,
0x1E020E50, 0x03042B4F, 0x0204204F, 0x0104144F, 0x2B2B2B2B, 0x34343400, 0x00FFFF00, 0x19FFF701, 0xDD02DB02, 0x2603B900, 0x00010603, 0xCE0D0000,
0x10400B01, 0x0B33311E, 0x0E50010A, 0x324F2B2B, 0x34000100, 0x97020801, 0x5C02DB00, 0x030010B5, 0x00020403, 0x017E003F, 0xCD0110DE, 0xCD313001,
0x07273701, 0x5C814471, 0x029B9332, 0xA1000100, 0xAB01A201, 0x49028000, 0x030010B5, 0x00020401, 0x0393003F, 0xCD0110DE, 0xCD313001, 0x07273701,
0x49475731, 0x0262C016, 0xC8000300, 0x26020001, 0xCE02DA00, 0x0B001700, 0x1B002F40, 0x1A0C9512, 0x181A0095, 0x9006010F, 0x0601061C, 0x1B197E0F,
0x96159803, 0x96099800, 0x3FED3FED, 0x3FCD0110, 0xD65D5DFD, 0xD6D5D4ED, 0x31301314, 0x06232226, 0x35343633, 0x32160514, 0x06232226, 0x35343633,
0x32162707, 0x2737AB28, 0x1B1B2727, 0x1B1B2801, 0x23281A1B, 0x27271B1A, 0x287C613E, 0x4E025D1F, 0x23231F20, 0x2222201F, 0x23231F20, 0x222235B2,
0x1DBDFFFF, 0x0028FFF6, 0x01E402E6, 0x022603A1, 0x00000106, 0x04810000, 0x0013B900, 0x02FFF440, 0x0927320A, 0x1550020D, 0x364F2B2B, 0x3400FFFF,
0x0028FFF6, 0x01E402E6, 0x022603A1, 0x00000106, 0x04B90000, 0x0013B900, 0x02FFF440, 0x0929360A, 0x1550020D, 0x274F2B2B, 0x3400FFFF, 0x0028FFF6,
0x01E402E6, 0x022603A1, 0x00000106, 0x048E1200, 0x00174010, 0x0302062B, 0x280A1550, 0x030D3A4F, 0x020D294F, 0x2B2B2B34, 0x3400FFFF, 0x0028FFF6,
0x01E402E6, 0x022603A1, 0x00000106, 0x049B0000, 0x001AB103, 0x02B8FFF4, 0x400D2D28, 0x0A155003, 0x0D2B4F02, 0x0D294F2B, 0x2B2B3434, 0x0000FFFF,
0x0028FFF6, 0x01E402E6, 0x022603A1, 0x00000106, 0x048F1200, 0x00174010, 0x0302052B, 0x270A1550, 0x030D3A4F, 0x020D284F, 0x2B2B2B34, 0x3400FFFF,
0x0028FFF6, 0x01E402E6, 0x022603A1, 0x00000106, 0x049C1200, 0x00174010, 0x0302062D, 0x270A1550, 0x030D2B4F, 0x020D284F, 0x2B2B2B34, 0x3400FFFF,
0x0028FFF6, 0x01E40337, 0x022603A1, 0x00000106, 0x04900000, 0x001AB103, 0x02B8FFF4, 0x400D323C, 0x0A155003, 0x0D4E4F02, 0x0D274F2B, 0x2B2B3434,
0x0000FFFF, 0x0028FFF6, 0x01E40337, 0x022603A1, 0x00000106, 0x049D0000, 0x001AB103, 0x02B8FFF4, 0x400D323C, 0x0A155003, 0x0D3D4F02, 0x0D274F2B,
0x2B2B3434, 0x0000FFFF, 0xFFE00000, 0x01EB027F, 0x02260024, 0x00000107, 0x0481FF35, 0xFF99000D, 0xB90002FF, 0x35B41722, 0x040B502B, 0x3400FFFF,
0xFFCB0000, 0x01EB027F, 0x02260024, 0x00000107, 0x04B9FF20, 0xFF99000D, 0xB90002FF, 0x20B41926, 0x040B502B, 0x3400FFFF, 0xFEFB0000, 0x01EB027F,
0x02260024, 0x00000107, 0x048EFEBB, 0xFF99000F, 0xB10302B8, 0xFEBBB41B, 0x18040B50, 0x2B343400, 0x0000FFFF, 0xFF170000, 0x01EB027F, 0x02260024,
0x00000107, 0x049BFEC8, 0xFF99000F, 0xB10302B8, 0xFEC8B41D, 0x18040B50, 0x2B343400, 0x0000FFFF, 0xFF360000, 0x01EB027F, 0x02260024, 0x00000107,
0x048FFEE8, 0xFF99000F, 0xB10302B8, 0xFEE8B41B, 0x17040B50, 0x2B343400, 0x0000FFFF, 0xFF290000, 0x01EB027F, 0x02260024, 0x00000107, 0x049CFEE1,
0xFF99000F, 0xB10302B8, 0xFEE1B41D, 0x17040B50, 0x2B343400, 0x0000FFFF, 0xFF770000, 0x01EB02D0, 0x02260024, 0x00000107, 0x0490FF09, 0xFF99000F,
0xB10302B8, 0xFF09B422, 0x2C040B50, 0x2B343400, 0x0000FFFF, 0xFF780000, 0x01EB02D0, 0x02260024, 0x00000107, 0x049DFF0A, 0xFF99000F, 0xB10302B8,
0xFF0AB422, 0x2C040B50, 0x2B343400, 0x0000FFFF, 0x0040FFF3, 0x01C602E6, 0x022603A5, 0x00000106, 0x04811200, 0x0010400B, 0x0109313C, 0x211A5001,
0x2C404F2B, 0x2B34FFFF, 0x0040FFF3, 0x01C602E6, 0x022603A5, 0x00000106, 0x04B90000, 0x0013B900, 0x01FFF740, 0x09334021, 0x1A50012C, 0x314F2B2B,
0x3400FFFF, 0x0040FFF3, 0x01C602E6, 0x022603A5, 0x00000106, 0x048E1200, 0x00174010, 0x02010935, 0x32211A50, 0x022C444F, 0x012C334F, 0x2B2B2B34,
0x3400FFFF, 0x0040FFF3, 0x01C602E6, 0x022603A5, 0x00000106, 0x049B0000, 0x001AB102, 0x01B8FFF7, 0x400D3732, 0x211A5002, 0x2C354F01, 0x2C334F2B,
0x2B2B3434, 0x0000FFFF, 0x0040FFF3, 0x01C602E6, 0x022603A5, 0x00000106, 0x048F1200, 0x00174010, 0x02010835, 0x31211A50, 0x022C444F, 0x012C324F,
0x2B2B2B34, 0x3400FFFF, 0x0040FFF3, 0x01C602E6, 0x022603A5, 0x00000106, 0x049C1200, 0x00174010, 0x02010937, 0x31211A50, 0x022C354F, 0x012C324F,
0x2B2B2B34, 0x3400FFFF, 0xFF6B0000, 0x01CC027F, 0x02260028, 0x00000107, 0x0481FEC0, 0xFF99000D, 0xB90001FE, 0xB5B40C17, 0x000A502B, 0x3400FFFF,
0xFF7B0000, 0x01CC027F, 0x02260028, 0x00000107, 0x04B9FED0, 0xFF99000D, 0xB90001FE, 0xC5B40E1B, 0x000A502B, 0x3400FFFF, 0xFEA40000, 0x01CC027F,
0x02260028, 0x00000107, 0x048EFE64, 0xFF99000F, 0xB10201B8, 0xFE59B410, 0x0D000A50, 0x2B343400, 0x0000FFFF, 0xFEBF0000, 0x01CC027F, 0x02260028,
0x00000107, 0x049BFE70, 0xFF99000F, 0xB10201B8, 0xFE65B412, 0x0D000A50, 0x2B343400, 0x0000FFFF, 0xFEC30000, 0x01CC027F, 0x02260028, 0x00000107,
0x048FFE75, 0xFF99000F, 0xB10201B8, 0xFE69B410, 0x0C000A50, 0x2B343400, 0x0000FFFF, 0xFEB20000, 0x01CC027F, 0x02260028, 0x00000107, 0x049CFE6A,
0xFF99000F, 0xB10201B8, 0xFE5FB412, 0x0C000A50, 0x2B343400, 0x0000FFFF, 0x003FFF5B, 0x01B902E6, 0x022603A7, 0x00000106, 0x04810000, 0x0013B900,
0x01FFFE40, 0x09141F00, 0x07500102, 0x234F2B2B, 0x3400FFFF, 0x003FFF5B, 0x01B902E6, 0x022603A7, 0x00000106, 0x04B90000, 0x0013B900, 0x01FFFE40,
0x09162300, 0x07500102, 0x144F2B2B, 0x3400FFFF, 0x003FFF5B, 0x01C602E6, 0x022603A7, 0x00000106, 0x048E1200, 0x00174010, 0x02011018, 0x15000750,
0x0202274F, 0x0102164F, 0x2B2B2B34, 0x3400FFFF, 0x003FFF5B, 0x01B902E6, 0x022603A7, 0x00000106, 0x049B0000, 0x001AB102, 0x01B8FFFE, 0x400D1A15,
0x00075002, 0x02184F01, 0x02164F2B, 0x2B2B3434, 0x0000FFFF, 0x003FFF5B, 0x01B902E6, 0x022603A7, 0x00000106, 0x048F1200, 0x00174010, 0x02010F18,
0x14000750, 0x0202274F, 0x0102154F, 0x2B2B2B34, 0x3400FFFF, 0x003FFF5B, 0x01BE02E6, 0x022603A7, 0x00000106, 0x049C1200, 0x00174010, 0x0201101A,
0x14000750, 0x0202184F, 0x0102154F, 0x2B2B2B34, 0x3400FFFF, 0x003FFF5B, 0x01B90337, 0x022603A7, 0x00000106, 0x04900000, 0x001AB102, 0x01B8FFFE,
0x400D1F29, 0x00075002, 0x023B4F01, 0x02144F2B, 0x2B2B3434, 0x0000FFFF, 0x003FFF5B, 0x01B90337, 0x022603A7, 0x00000106, 0x049D0000, 0x001AB102,
0x01B8FFFE, 0x400D1F29, 0x00075002, 0x022A4F01, 0x02144F2B, 0x2B2B3434, 0x0000FFFF, 0xFF5A0000, 0x01C7027F, 0x0226002B, 0x00000107, 0x0481FEAF,
0xFF99000D, 0xB90001FE, 0xAFB40C17, 0x0600502B, 0x3400FFFF, 0xFF660000, 0x01C7027F, 0x0226002B, 0x00000107, 0x04B9FEBB, 0xFF99000D, 0xB90001FE,
0xBBB40E1B, 0x0600502B, 0x3400FFFF, 0xFE900000, 0x01C7027F, 0x0226002B, 0x00000107, 0x048EFE50, 0xFF99000F, 0xB10201B8, 0xFE50B410, 0x0D060050,
0x2B343400, 0x0000FFFF, 0xFEAD0000, 0x01C7027F, 0x0226002B, 0x00000107, 0x049BFE5E, 0xFF99000F, 0xB10201B8, 0xFE5EB412, 0x0D060050, 0x2B343400,
0x0000FFFF, 0xFEB00000, 0x01C7027F, 0x0226002B, 0x00000107, 0x048FFE62, 0xFF99000F, 0xB10201B8, 0xFE62B410, 0x0C060050, 0x2B343400, 0x0000FFFF,
0xFE9E0000, 0x01C7027F, 0x0226002B, 0x00000107, 0x049CFE56, 0xFF99000F, 0xB10201B8, 0xFE56B412, 0x0C060050, 0x2B343400, 0x0000FFFF, 0xFEF60000,
0x01C702D0, 0x0226002B, 0x00000107, 0x0490FE88, 0xFF99000F, 0xB10201B8, 0xFE88B417, 0x21060050, 0x2B343400, 0x0000FFFF, 0xFEF60000, 0x01C702D0,
0x0226002B, 0x00000107, 0x049DFE88, 0xFF99000F, 0xB10201B8, 0xFE88B417, 0x21060050, 0x2B343400, 0x0000FFFF, 0x0024FFF5, 0x01D302E6, 0x022603A9,
0x00000106, 0x04810000, 0x0013B900, 0x01FFFF40, 0x09141F0A, 0x0050010B, 0x234F2B2B, 0x3400FFFF, 0x0024FFF5, 0x01D302E6, 0x022603A9, 0x00000106,
0x04B90000, 0x0013B900, 0x01FFFF40, 0x0916230A, 0x0050010B, 0x144F2B2B, 0x3400FFFF, 0x0024FFF5, 0x01D302E6, 0x022603A9, 0x00000106, 0x048E1200,
0x00174010, 0x02011018, 0x150A0050, 0x020B274F, 0x010B164F, 0x2B2B2B34, 0x3400FFFF, 0x0024FFF5, 0x01D302E6, 0x022603A9, 0x00000106, 0x049B0000,
0x001AB102, 0x01B8FFFF, 0x400D1A15, 0x0A005002, 0x0B184F01, 0x0B164F2B, 0x2B2B3434, 0x0000FFFF, 0x0024FFF5, 0x01D302E6, 0x022603A9, 0x00000106,
0x048F1200, 0x00174010, 0x02011018, 0x140A0050, 0x020B274F, 0x010B154F, 0x2B2B2B34, 0x3400FFFF, 0x0024FFF5, 0x01D302E6, 0x022603A9, 0x00000106,
0x049C1200, 0x00174010, 0x0201101A, 0x140A0050, 0x020B184F, 0x010B154F, 0x2B2B2B34, 0x3400FFFF, 0x0024FFF5, 0x01D30337, 0x022603A9, 0x00000106,
0x04900000, 0x001AB102, 0x01B8FFFF, 0x400D1F29, 0x0A005002, 0x0B3B4F01, 0x0B144F2B, 0x2B2B3434, 0x0000FFFF, 0x0024FFF5, 0x01D30337, 0x022603A9,
0x00000106, 0x049D0000, 0x001AB102, 0x01B8FFFF, 0x400D1F29, 0x0A005002, 0x0B2A4F01, 0x0B144F2B, 0x2B2B3434, 0x0000FFFF, 0xFF640000, 0x01BF027F,
0x0226002C, 0x00000107, 0x0481FEB9, 0xFF99000D, 0xB90001FE, 0xB9B40C17, 0x0006502B, 0x3400FFFF, 0xFF600000, 0x01BF027F, 0x0226002C, 0x00000107,
0x04B9FEB5, 0xFF99000D, 0xB90001FE, 0xB5B40E1B, 0x0006502B, 0x3400FFFF, 0xFE990000, 0x01BF027F, 0x0226002C, 0x00000107, 0x048EFE59, 0xFF99000F,
0xB10201B8, 0xFE59B410, 0x0D000650, 0x2B343400, 0x0000FFFF, 0xFEB50000, 0x01BF027F, 0x0226002C, 0x00000107, 0x049BFE66, 0xFF99000F, 0xB10201B8,
0xFE66B412, 0x0D000650, 0x2B343400, 0x0000FFFF, 0xFEB90000, 0x01BF027F, 0x0226002C, 0x00000107, 0x048FFE6B, 0xFF99000F, 0xB10201B8, 0xFE6AB410,
0x0C000650, 0x2B343400, 0x0000FFFF, 0xFEA70000, 0x01BF027F, 0x0226002C, 0x00000107, 0x049CFE5F, 0xFF99000F, 0xB10201B8, 0xFE5FB412, 0x0C000650,
0x2B343400, 0x0000FFFF, 0xFEFE0000, 0x01BF02D0, 0x0226002C, 0x00000107, 0x0490FE90, 0xFF99000F, 0xB10201B8, 0xFE90B417, 0x21000650, 0x2B343400,
0x0000FFFF, 0xFEFF0000, 0x01BF02D0, 0x0226002C, 0x00000107, 0x049DFE91, 0xFF99000F, 0xB10201B8, 0xFE91B417, 0x21000650, 0x2B343400, 0x0000FFFF,
0x001DFFF3, 0x01D802E6, 0x02260052, 0x00000106, 0x04810000, 0x0010400B, 0x0200202B, 0x09005002, 0x0E2F4F2B, 0x2B34FFFF, 0x001DFFF3, 0x01D802E6,
0x02260052, 0x00000106, 0x04B90000, 0x0010400B, 0x0200222F, 0x09005002, 0x0E204F2B, 0x2B34FFFF, 0x001DFFF3, 0x01D802E6, 0x02260052, 0x00000106,
0x048E1200, 0x00174010, 0x03021124, 0x21090050, 0x030E334F, 0x020E224F, 0x2B2B2B34, 0x3400FFFF, 0x001DFFF3, 0x01D802E6, 0x02260052, 0x00000106,
0x049B0000, 0x00174010, 0x03020026, 0x21090050, 0x030E244F, 0x020E224F, 0x2B2B2B34, 0x3400FFFF, 0x001DFFF3, 0x01D802E6, 0x02260052, 0x00000106,
0x048F1200, 0x00174010, 0x03021124, 0x20090050, 0x030E334F, 0x020E214F, 0x2B2B2B34, 0x3400FFFF, 0x001DFFF3, 0x01D802E6, 0x02260052, 0x00000106,
0x049C1200, 0x00174010, 0x03021126, 0x20090050, 0x030E244F, 0x020E214F, 0x2B2B2B34, 0x3400FFFF, 0xFF7DFFF3, 0x01D9027F, 0x02260032, 0x00000107,
0x0481FED2, 0xFF99000D, 0xB90002FE, 0xD2B4202B, 0x1419502B, 0x3400FFFF, 0xFF60FFF3, 0x01D9027F, 0x02260032, 0x00000107, 0x04B9FEB5, 0xFF99000D,
0xB90002FE, 0xB5B4222F, 0x1419502B, 0x3400FFFF, 0xFE99FFF3, 0x01D9027F, 0x02260032, 0x00000107, 0x048EFE59, 0xFF99000F, 0xB10302B8, 0xFE59B424,
0x21141950, 0x2B343400, 0x0000FFFF, 0xFEB5FFF3, 0x01D9027F, 0x02260032, 0x00000107, 0x049BFE66, 0xFF99000F, 0xB10302B8, 0xFE66B426, 0x21141950,
0x2B343400, 0x0000FFFF, 0xFECFFFF3, 0x01D9027F, 0x02260032, 0x00000107, 0x048FFE81, 0xFF99000F, 0xB10302B8, 0xFE81B424, 0x20141950, 0x2B343400,
0x0000FFFF, 0xFEBAFFF3, 0x01D9027F, 0x02260032, 0x00000107, 0x049CFE72, 0xFF99000F, 0xB10302B8, 0xFE72B426, 0x20141950, 0x2B343400, 0x0000FFFF,
0x0033FFF3, 0x01BF02E6, 0x022603B5, 0x00000106, 0x04810000, 0x0010400B, 0x0101121D, 0x020E5001, 0x04214F2B, 0x2B34FFFF, 0x0033FFF3, 0x01BF02E6,
0x022603B5, 0x00000106, 0x04B90000, 0x0010400B, 0x01011421, 0x020E5001, 0x04124F2B, 0x2B34FFFF, 0x0033FFF3, 0x01C602E6, 0x022603B5, 0x00000106,
0x048E1200, 0x00174010, 0x02011316, 0x13020E50, 0x0204254F, 0x0104144F, 0x2B2B2B34, 0x3400FFFF, 0x0033FFF3, 0x01BF02E6, 0x022603B5, 0x00000106,
0x049B0000, 0x00174010, 0x02010118, 0x13020E50, 0x0204164F, 0x0104144F, 0x2B2B2B34, 0x3400FFFF, 0x0033FFF3, 0x01BF02E6, 0x022603B5, 0x00000106,
0x048F1200, 0x00174010, 0x02011216, 0x12020E50, 0x0204254F, 0x0104134F, 0x2B2B2B34, 0x3400FFFF, 0x0033FFF3, 0x01BF02E6, 0x022603B5, 0x00000106,
0x049C1200, 0x00174010, 0x02011318, 0x12020E50, 0x0204164F, 0x0104134F, 0x2B2B2B34, 0x3400FFFF, 0x0033FFF3, 0x01BF0337, 0x022603B5, 0x00000106,
0x04900000, 0x00174010, 0x0201011D, 0x27020E50, 0x0204394F, 0x0104124F, 0x2B2B2B34, 0x3400FFFF, 0x0033FFF3, 0x01BF0337, 0x022603B5, 0x00000106,
0x049D0000, 0x00174010, 0x0201011D, 0x27020E50, 0x0204284F, 0x0104124F, 0x2B2B2B34, 0x3400FFFF, 0xFF720000, 0x01E8027F, 0x0226003C, 0x00000107,
0x04B9FEC7, 0xFF99000D, 0xB90001FE, 0xC7B41724, 0x1106502B, 0x3400FFFF, 0xFEC70000, 0x01E8027F, 0x0226003C, 0x00000107, 0x049BFE78, 0xFF99000F,
0xB10201B8, 0xFE78B41B, 0x16110650, 0x2B343400, 0x0000FFFF, 0xFE9A0000, 0x01E8027F, 0x0226003C, 0x00000107, 0x049CFE52, 0xFF99000F, 0xB10201B8,
0xFE52B41B, 0x15110650, 0x2B343400, 0x0000FFFF, 0xFEDB0000, 0x01E802D0, 0x0226003C, 0x00000107, 0x049DFE6D, 0xFF99000F, 0xB10201B8, 0xFE6DB420,
0x2A110650, 0x2B343400, 0x0000FFFF, 0x0019FFF7, 0x01DD02E6, 0x022603B9, 0x00000106, 0x04810000, 0x0013B900, 0x01FFFF40, 0x09313C1E, 0x0E50010A,
0x404F2B2B, 0x3400FFFF, 0x0019FFF7, 0x01DD02E6, 0x022603B9, 0x00000106, 0x04B90000, 0x0013B900, 0x01FFFF40, 0x0933401E, 0x0E50010A, 0x314F2B2B,
0x3400FFFF, 0x0019FFF7, 0x01DD02E6, 0x022603B9, 0x00000106, 0x048E1200, 0x00174010, 0x02011135, 0x321E0E50, 0x020A444F, 0x010A334F, 0x2B2B2B34,
0x3400FFFF, 0x0019FFF7, 0x01DD02E6, 0x022603B9, 0x00000106, 0x049B0000, 0x001AB102, 0x01B8FFFF, 0x400D3732, 0x1E0E5002, 0x0A354F01, 0x0A334F2B,
0x2B2B3434, 0x0000FFFF, 0x0019FFF7, 0x01DD02E6, 0x022603B9, 0x00000106, 0x048F1200, 0x00174010, 0x02011035, 0x311E0E50, 0x020A444F, 0x010A324F,
0x2B2B2B34, 0x3400FFFF, 0x0019FFF7, 0x01DD02E6, 0x022603B9, 0x00000106, 0x049C1200, 0x00174010, 0x02011137, 0x311E0E50, 0x020A354F, 0x010A324F,
0x2B2B2B34, 0x3400FFFF, 0x0019FFF7, 0x01DD0337, 0x022603B9, 0x00000106, 0x04900000, 0x001AB102, 0x01B8FFFF, 0x400D3C46, 0x1E0E5002, 0x0A584F01,
0x0A314F2B, 0x2B2B3434, 0x0000FFFF, 0x0019FFF7, 0x01DD0337, 0x022603B9, 0x00000106, 0x049D0000, 0x001AB102, 0x01B8FFFF, 0x400D3C46, 0x1E0E5002,
0x0A474F01, 0x0A314F2B, 0x2B2B3434, 0x0000FFFF, 0xFF6B0000, 0x01EB027F, 0x022603A0, 0x00000107, 0x0481FEC0, 0xFF99000D, 0xB90001FE, 0xC0B42833,
0x230E502B, 0x3400FFFF, 0xFF470000, 0x01EB027F, 0x022603A0, 0x00000107, 0x04B9FE9C, 0xFF99000D, 0xB90001FE, 0x9CB42A37, 0x230E502B, 0x3400FFFF,
0xFE7E0000, 0x01EB027F, 0x022603A0, 0x00000107, 0x048EFE3E, 0xFF99000F, 0xB10201B8, 0xFE3EB42C, 0x29230E50, 0x2B343400, 0x0000FFFF, 0xFE9C0000,
0x01EB027F, 0x022603A0, 0x00000107, 0x049BFE4D, 0xFF99000F, 0xB10201B8, 0xFE4DB42E, 0x29230E50, 0x2B343400, 0x0000FFFF, 0xFECB0000, 0x01EB027F,
0x022603A0, 0x00000107, 0x048FFE7D, 0xFF99000F, 0xB10201B8, 0xFE7DB42C, 0x28230E50, 0x2B343400, 0x0000FFFF, 0xFEBD0000, 0x01EB027F, 0x022603A0,
0x00000107, 0x049CFE75, 0xFF99000F, 0xB10201B8, 0xFE75B42E, 0x28230E50, 0x2B343400, 0x0000FFFF, 0xFEFF0000, 0x01EB02D0, 0x022603A0, 0x00000107,
0x0490FE91, 0xFF99000F, 0xB10201B8, 0xFE91B433, 0x3D230E50, 0x2B343400, 0x0000FFFF, 0xFEFE0000, 0x01EB02D0, 0x022603A0, 0x00000107, 0x049DFE90,
0xFF99000F, 0xB10201B8, 0xFE90B433, 0x3D230E50, 0x2B343400, 0x0000FFFF, 0x0028FFF6, 0x01E402C1, 0x022603A1, 0x00000106, 0x04AD1200, 0x0010400B,
0x02062A28, 0x0A155002, 0x0D294F2B, 0x2B34FFFF, 0x0028FFF6, 0x01E402C1, 0x022603A1, 0x00000106, 0x04B81200, 0x0010400B, 0x02062927, 0x0A155002,
0x0D284F2B, 0x2B34FFFF, 0x0040FFF3, 0x01C602C1, 0x022603A5, 0x00000106, 0x04AD1200, 0x0010400B, 0x01093432, 0x211A5001, 0x2C334F2B, 0x2B34FFFF,
0x0040FFF3, 0x01C602C1, 0x022603A5, 0x00000106, 0x04B81200, 0x0010400B, 0x01093331, 0x211A5001, 0x2C324F2B, 0x2B34FFFF, 0x003FFF5B, 0x01B902C1,
0x022603A7, 0x00000106, 0x04AD1200, 0x0010400B, 0x01101715, 0x00075001, 0x02164F2B, 0x2B34FFFF, 0x003FFF5B, 0x01B902C1, 0x022603A7, 0x00000106,
0x04B81200, 0x0010400B, 0x01101614, 0x00075001, 0x02154F2B, 0x2B34FFFF, 0x0024FFF5, 0x01D302C1, 0x022603A9, 0x00000106, 0x04AD1200, 0x0010400B,
0x01101715, 0x0A005001, 0x0B164F2B, 0x2B34FFFF, 0x0024FFF5, 0x01D302C1, 0x022603A9, 0x00000106, 0x04B81200, 0x0010400B, 0x01101614, 0x0A005001,
0x0B154F2B, 0x2B34FFFF, 0x001DFFF3, 0x01D802C1, 0x02260052, 0x00000106, 0x04AD1200, 0x0010400B, 0x02112321, 0x09005002, 0x0E224F2B, 0x2B34FFFF,
0x001DFFF3, 0x01D802C1, 0x02260052, 0x00000106, 0x04B81200, 0x0010400B, 0x02112220, 0x09005002, 0x0E214F2B, 0x2B34FFFF, 0x0033FFF3, 0x01BF02C1,
0x022603B5, 0x00000106, 0x04AD1200, 0x0010400B, 0x01131513, 0x020E5001, 0x04144F2B, 0x2B34FFFF, 0x0033FFF3, 0x01BF02C1, 0x022603B5, 0x00000106,
0x04B81200, 0x0010400B, 0x01131412, 0x020E5001, 0x04134F2B, 0x2B34FFFF, 0x0019FFF7, 0x01DD02C1, 0x022603B9, 0x00000106, 0x04AD1200, 0x0010400B,
0x01113432, 0x1E0E5001, 0x0A334F2B, 0x2B34FFFF, 0x0019FFF7, 0x01DD02C1, 0x022603B9, 0x00000106, 0x04B81200, 0x0010400B, 0x01113331, 0x1E0E5001,
0x0A324F2B, 0x2B34FFFF, 0x0028FF56, 0x01E402E6, 0x022603A1, 0x00000026, 0x04810000, 0x01060480, 0x0000000F, 0xB10302B8, 0xFFF4B442, 0x3C0A1550,
0x2B343400, 0x0000FFFF, 0x0028FF56, 0x01E402E6, 0x022603A1, 0x00000026, 0x04B90000, 0x01060480, 0x0000000F, 0xB10302B8, 0xFFF4B442, 0x3C0A1550,
0x2B343400, 0x0000FFFF, 0x0028FF56, 0x01E402E6, 0x022603A1, 0x00000026, 0x048E1200, 0x01060480, 0x0000000F, 0x40090403, 0x02062B28, 0x0A15502B,
0x34343400, 0x0000FFFF, 0x0028FF56, 0x01E402E6, 0x022603A1, 0x00000026, 0x049B0000, 0x01060480, 0x00000011, 0xB2040302, 0xB8FFF4B4, 0x2D280A15,
0x502B3434, 0x3400FFFF, 0x0028FF56, 0x01E402E6, 0x022603A1, 0x00000026, 0x048F1200, 0x01060480, 0x0000000F, 0x40090403, 0x02052B27, 0x0A15502B,
0x34343400, 0x0000FFFF, 0x0028FF56, 0x01E402E6, 0x022603A1, 0x00000026, 0x049C1200, 0x01060480, 0x0000000F, 0x40090403, 0x02062D27, 0x0A15502B,
0x34343400, 0x0000FFFF, 0x0028FF56, 0x01E40337, 0x022603A1, 0x00000026, 0x04900000, 0x01060480, 0x00000011, 0xB2040302, 0xB8FFF4B4, 0x323C0A15,
0x502B3434, 0x3400FFFF, 0x0028FF56, 0x01E40337, 0x022603A1, 0x00000026, 0x049D0000, 0x01060480, 0x00000011, 0xB2040302, 0xB8FFF4B4, 0x323C0A15,
0x502B3434, 0x3400FFFF, 0xFFAAFFF6, 0x01FC027F, 0x02370481, 0xFEFFFF99, 0x0006047E, 0x0000FFFF, 0xFF9EFFF6, 0x01FC027F, 0x023704B9, 0xFEF3FF99,
0x0006047E, 0x0000FFFF, 0xFEC5FFF6, 0x01FC027F, 0x0237048E, 0xFE85FF99, 0x0006047E, 0x0000FFFF, 0xFEE2FFF6, 0x01FC027F, 0x0237049B, 0xFE93FF99,
0x0006047E, 0x0000FFFF, 0xFEF7FFF6, 0x01FC027F, 0x0237048F, 0xFEA9FF99, 0x0006047E, 0x0000FFFF, 0xFEEAFFF6, 0x01FC027F, 0x0237049C, 0xFEA2FF99,
0x0006047E, 0x0000FFFF, 0xFF2EFFF6, 0x01FC02D0, 0x02370490, 0xFEC0FF99, 0x0006047E, 0x0000FFFF, 0xFF2EFFF6, 0x01FC02D0, 0x0237049D, 0xFEC0FF99,
0x0006047E, 0x0000FFFF, 0x003FFF56, 0x01B902E6, 0x022603A7, 0x00000026, 0x04810000, 0x01060480, 0xA800000F, 0xB10201B8, 0xFFCFB42F, 0x1F000750,
0x2B343400, 0x0000FFFF, 0x003FFF56, 0x01B902E6, 0x022603A7, 0x00000026, 0x04B90000, 0x01060480, 0xA800000F, 0xB10201B8, 0xFFCFB42F, 0x23000750,
0x2B343400, 0x0000FFFF, 0x003FFF56, 0x01C602E6, 0x022603A7, 0x00000026, 0x048E1200, 0x01060480, 0xA800000F, 0x40090302, 0x010D3315, 0x0007502B,
0x34343400, 0x0000FFFF, 0x003FFF56, 0x01B902E6, 0x022603A7, 0x00000026, 0x049B0000, 0x01060480, 0xA8000011, 0xB2030201, 0xB8FFFDB4, 0x33150007,
0x502B3434, 0x3400FFFF, 0x003FFF56, 0x01B902E6, 0x022603A7, 0x00000026, 0x048F1200, 0x01060480, 0xA800000F, 0x40090302, 0x01053314, 0x0007502B,
0x34343400, 0x0000FFFF, 0x003FFF56, 0x01BE02E6, 0x022603A7, 0x00000026, 0x049C1200, 0x01060480, 0xA800000F, 0x40090302, 0x01093314, 0x0007502B,
0x34343400, 0x0000FFFF, 0x003FFF56, 0x01B90337, 0x022603A7, 0x00000026, 0x04900000, 0x01060480, 0xA8000011, 0xB2030201, 0xB8FFEDB4, 0x47290007,
0x502B3434, 0x3400FFFF, 0x003FFF56, 0x01B90337, 0x022603A7, 0x00000026, 0x049D0000, 0x01060480, 0xA8000011, 0xB2030201, 0xB8FFEDB4, 0x47290007,
0x502B3434, 0x3400FFFF, 0xFF51FFF6, 0x01F3027F, 0x02370481, 0xFEA6FF99, 0x0006048D, 0x0000FFFF, 0xFF5DFFF6, 0x01F3027F, 0x023704B9, 0xFEB2FF99,
0x0006048D, 0x0000FFFF, 0xFE87FFF6, 0x01F3027F, 0x0237048E, 0xFE47FF99, 0x0006048D, 0x0000FFFF, 0xFEA4FFF6, 0x01F3027F, 0x0237049B, 0xFE55FF99,
0x0006048D, 0x0000FFFF, 0xFEA7FFF6, 0x01F3027F, 0x0237048F, 0xFE59FF99, 0x0006048D, 0x0000FFFF, 0xFE9BFFF6, 0x01F3027F, 0x0237049C, 0xFE53FF99,
0x0006048D, 0x0000FFFF, 0xFEE0FFF6, 0x01F302D0, 0x02370490, 0xFE72FF99, 0x0006048D, 0x0000FFFF, 0xFEE0FFF6, 0x01F302D0, 0x0237049D, 0xFE72FF99,
0x0006048D, 0x0000FFFF, 0x0019FF56, 0x01DD02E6, 0x022603B9, 0x00000026, 0x04810000, 0x01060480, 0x1B00000C, 0xB7020110, 0x31461E0E, 0x502B3434,
0x0000FFFF, 0x0019FF56, 0x01DD02E6, 0x022603B9, 0x00000026, 0x04B90000, 0x01060480, 0x1B00000C, 0xB7020110, 0x33461E0E, 0x502B3434, 0x0000FFFF,
0x0019FF56, 0x01DD02E6, 0x022603B9, 0x00000026, 0x048E1200, 0x01060480, 0x1B00000F, 0x40090302, 0x01113532, 0x1E0E502B, 0x34343400, 0x0000FFFF,
0x0019FF56, 0x01DD02E6, 0x022603B9, 0x00000026, 0x049B0000, 0x01060480, 0x1B000011, 0xB2030201, 0xB8FFFFB4, 0x37321E0E, 0x502B3434, 0x3400FFFF,
0x0019FF56, 0x01DD02E6, 0x022603B9, 0x00000026, 0x048F1200, 0x01060480, 0x1B00000F, 0x40090302, 0x01103531, 0x1E0E502B, 0x34343400, 0x0000FFFF,
0x0019FF56, 0x01DD02E6, 0x022603B9, 0x00000026, 0x049C1200, 0x01060480, 0x1B00000F, 0x40090302, 0x01113731, 0x1E0E502B, 0x34343400, 0x0000FFFF,
0x0019FF56, 0x01DD0337, 0x022603B9, 0x00000026, 0x04900000, 0x01060480, 0x1B000011, 0xB2030201, 0xB8FFFFB4, 0x3C461E0E, 0x502B3434, 0x3400FFFF,
0x0019FF56, 0x01DD0337, 0x022603B9, 0x00000026, 0x049D0000, 0x01060480, 0x1B000011, 0xB2030201, 0xB8FFFFB4, 0x3C461E0E, 0x502B3434, 0x3400FFFF,
0xFF6BFFF6, 0x01FC027F, 0x022604B7, 0x00000107, 0x0481FEC0, 0xFF99000D, 0xB90002FE, 0xB8B4343F, 0x2333502B, 0x3400FFFF, 0xFF47FFF6, 0x01FC027F,
0x022604B7, 0x00000107, 0x04B9FE9C, 0xFF99000D, 0xB90002FE, 0x94B43643, 0x2333502B, 0x3400FFFF, 0xFE7EFFF6, 0x01FC027F, 0x022604B7, 0x00000107,
0x048EFE3E, 0xFF99000F, 0xB10302B8, 0xFE36B438, 0x35233350, 0x2B343400, 0x0000FFFF, 0xFE9CFFF6, 0x01FC027F, 0x022604B7, 0x00000107, 0x049BFE4D,
0xFF99000F, 0xB10302B8, 0xFE45B43A, 0x35233350, 0x2B343400, 0x0000FFFF, 0xFECBFFF6, 0x01FC027F, 0x022604B7, 0x00000107, 0x048FFE7D, 0xFF99000F,
0xB10302B8, 0xFE74B438, 0x34233350, 0x2B343400, 0x0000FFFF, 0xFEBDFFF6, 0x01FC027F, 0x022604B7, 0x00000107, 0x049CFE75, 0xFF99000F, 0xB10302B8,
0xFE6DB43A, 0x34233350, 0x2B343400, 0x0000FFFF, 0xFEFFFFF6, 0x01FC02D0, 0x022604B7, 0x00000107, 0x0490FE91, 0xFF99000F, 0xB10302B8, 0xFE89B43F,
0x49233350, 0x2B343400, 0x0000FFFF, 0xFEFEFFF6, 0x01FC02D0, 0x022604B7, 0x00000107, 0x049DFE90, 0xFF99000F, 0xB10302B8, 0xFE88B43F, 0x49233350,
0x2B343400, 0x0000FFFF, 0x0028FFF6, 0x01E402AA, 0x022603A1, 0x00000106, 0x01610000, 0x0013B900, 0x02FFF440, 0x092B350A, 0x1550020D, 0x274F2B2B,
0x3400FFFF, 0x0028FFF6, 0x01E40287, 0x022603A1, 0x00000106, 0x008AFF00, 0x0013B900, 0x02FFF540, 0x0927280A, 0x1550020D, 0x294F2B2B, 0x3400FFFF,
0x0028FF56, 0x01E402C1, 0x022603A1, 0x00000026, 0x04AD1200, 0x01060480, 0x0000000C, 0xB7030206, 0x2A280A15, 0x502B3434, 0x0000FFFF, 0x0028FF56,
0x01E401E0, 0x022603A1, 0x00000106, 0x04800000, 0x000DB900, 0x02FFF4B4, 0x322C0A15, 0x502B3400, 0x0000FFFF, 0x0028FF56, 0x01E402C1, 0x022603A1,
0x00000026, 0x04B81200, 0x01060480, 0x0000000C, 0xB7030206, 0x29270A15, 0x502B3434, 0x0000FFFF, 0x0028FFF6, 0x01E402AA, 0x022603A1, 0x00000106,
0x04821200, 0x0010400B, 0x0206352B, 0x0A155002, 0x0D2D4F2B, 0x2B34FFFF, 0x0028FF56, 0x01E402AA, 0x022603A1, 0x00000026, 0x04821200, 0x01060480,
0x0000000C, 0xB7030206, 0x352B0A15, 0x502B3434, 0x0000FFFF, 0x00090000, 0x01EB0335, 0x02260024, 0x00000107, 0x01610000, 0x008B0010, 0x400B0200,
0x1B25040B, 0x50020717, 0x4F2B2B34, 0x0000FFFF, 0x00090000, 0x01EB0312, 0x02260024, 0x00000107, 0x008A0000, 0x008B0010, 0x400B0202, 0x1718040B,
0x50020719, 0x4F2B2B34, 0x0000FFFF, 0xFF670000, 0x01EB026B, 0x02260024, 0x00000107, 0x0043FECF, 0xFFB4000D, 0xB90002FE, 0xDBB41A18, 0x040B502B,
0x3400FFFF, 0xFF8B0000, 0x01EB026B, 0x02260024, 0x00000107, 0x008FFEF3, 0xFFB4000D, 0xB90002FE, 0xFFB41917, 0x040B502B, 0x34000003, 0x0009FFF6,
0x01FC026B, 0x000B0017, 0x001A0049, 0x402C0206, 0x01181A19, 0x00070B09, 0x030A1240, 0x0B0E4812, 0x5213171C, 0x031B120A, 0x17570C07, 0x19731A00,
0x00070B08, 0x07020602, 0x0208003F, 0x3F3F3F12, 0x392F39ED, 0x3FED3F01, 0x10C610D6, 0xDEFD2BC6, 0x11173931, 0x30372307, 0x23361237, 0x33161217,
0x23172E03, 0x35113311, 0x14161725, 0x3303E765, 0x14651C36, 0x1A861B35, 0x1A69F328, 0x321B0A60, 0x101CFE93, 0x4C269898, 0xB7012D87, 0x88FECFB2,
0x0A051C2A, 0x3823013A, 0xFEBB2023, 0x04A20122, 0xFFFF00AB, 0x02080149, 0x02E60206, 0x04810000, 0x000100A4, 0xFF560150, 0xFFD3000F, 0x0012B605,
0x0F0C100E, 0x0992003F, 0xC50110D6, 0xD5CE3130, 0x05141E02, 0x33150606, 0x23222635, 0x34373301, 0x060A141B, 0x1106230E, 0x383D035F, 0x3412150B,
0x023B0205, 0x2E300E11, 0x000100AB, 0x02080149, 0x02E6000F, 0x0012B60C, 0x0300100F, 0x09B8003F, 0xC40110D6, 0xDEC53130, 0x13363637, 0x26263534,
0x36333216, 0x15140607, 0xAB16200D, 0x1217241C, 0x1D274233, 0x022E1221, 0x12081E12, 0x1A212321, 0x28502200, 0x01006902, 0x16018B02, 0xAA001300,
0x1A400B06, 0x070D0E14, 0x000A0DA7, 0x07A7003F, 0x3FDEC501, 0x10D6D5D6, 0xC5313013, 0x321E0215, 0x15232626, 0x23220607, 0x2335343E, 0x02FA1F35,
0x27165A03, 0x1E16161E, 0x025B1627, 0x3502AA13, 0x24352107, 0x26191926, 0x07213524, 0x13000300, 0x5E021201, 0x95033700, 0x0B001700, 0x2D004B40,
0x2D2D1822, 0x232E0CB3, 0x1200B306, 0x2E18EF22, 0xFF220222, 0xA01D011D, 0x2886D015, 0x0115B200, 0x0F010FA7, 0xD0090109, 0xB2000301, 0x03A7003F,
0x5DED5D3F, 0x5DED5D3F, 0xD55DCE5D, 0x320110D6, 0xFDD6ED10, 0xDCD5D6C5, 0x31301314, 0x06232226, 0x35343633, 0x32161714, 0x06232226, 0x35343633,
0x3216272E, 0x0323220E, 0x0207233E, 0x0333321E, 0x0217D524, 0x18192222, 0x191824C0, 0x22191823, 0x23181922, 0x54010E14, 0x190C0C19, 0x140D0145,
0x01182731, 0x1B1B3127, 0x1702024D, 0x1A21211A, 0x1C20201C, 0x1A21211A, 0x1C202041, 0x12181007, 0x07101812, 0x25352310, 0x10233525, 0xFFFF003F,
0xFF5601B9, 0x02C10226, 0x03A70000, 0x002604AD, 0x16000106, 0x0480A800, 0x000FB102, 0x01B8FFED, 0xB4231500, 0x07502B34, 0x34000000, 0xFFFF003F,
0xFF5601B9, 0x01E00226, 0x03A70000, 0x01060480, 0xA800000D, 0xB90001FF, 0xA6B41F19, 0x0007502B, 0x34000000, 0xFFFF003F, 0xFF5601B9, 0x02C10226,
0x03A70000, 0x002604B8, 0x16000106, 0x0480A800, 0x000FB102, 0x01B8FFED, 0xB4231400, 0x07502B34, 0x34000000, 0xFFFF003F, 0xFF5B01B9, 0x02AA0226,
0x03A70000, 0x01060482, 0x00000013, 0xB90001FF, 0xFE400922, 0x18000750, 0x01021A4F, 0x2B2B3400, 0xFFFF003F, 0xFF5601B9, 0x02AA0226, 0x03A70000,
0x00260482, 0x00000106, 0x0480A800, 0x000FB102, 0x01B8FFF0, 0xB4331800, 0x07502B34, 0x34000000, 0xFFFFFF39, 0x000001CC, 0x026B0226, 0x00280000,
0x01070043, 0xFEA1FFB4, 0x000DB900, 0x01FEA1B4, 0x0F0D000A, 0x502B3400, 0xFFFFFF42, 0x000001CC, 0x026B0226, 0x00280000, 0x0107008F, 0xFEAAFFB4,
0x000DB900, 0x01FEAAB4, 0x0E0C000A, 0x502B3400, 0xFFFFFF27, 0x000001C7, 0x026B0226, 0x002B0000, 0x01070043, 0xFE8FFFB4, 0x000DB900, 0x01FE9BB4,
0x0F0D0600, 0x502B3400, 0xFFFFFF31, 0x000001C7, 0x026B0226, 0x002B0000, 0x0107008F, 0xFE99FFB4, 0x000DB900, 0x01FEA5B4, 0x0E0C0600, 0x502B3400,
0x00020012, 0xFFF601F3, 0x026B000B, 0x00170071, 0x40171917, 0x20140114, 0x52A012B0, 0x12C01203, 0x12C001D0, 0x01E00103, 0x01B8FFC0, 0x40130B0F,
0x48015203, 0x000A010A, 0x04C008D0, 0x08E00803, 0x08B8FFC0, 0x401A0B10, 0x48085207, 0x18120A17, 0x570C0709, 0x55040402, 0x0B020802, 0x05080208,
0x003F3F3F, 0x3F12392F, 0xED3FED3F, 0x0110D6FD, 0x2B5D32D6, 0x7132FD2B, 0x5DD671FD, 0x5DDECE31, 0x30011123, 0x11231123, 0x11331533, 0x35012E03,
0x35113311, 0x14161701, 0x39616660, 0x6066010E, 0x28321B0A, 0x60101C02, 0x6BFD9501, 0x1AFEE602, 0x6BFDFDFD, 0x8B051C2A, 0x3823013A, 0xFEBB2023,
0x04000200, 0x40020801, 0xB402E600, 0x03001300, 0x21400E01, 0x02000310, 0x07040A02, 0x1307000D, 0xB8003FC4, 0xDDDDC601, 0x2FC6C5DD, 0xD6CDDDCD,
0x31300117, 0x07270736, 0x36372626, 0x35343633, 0x32161514, 0x06070148, 0x6C3B7FBA, 0x16200D12, 0x15221C1D, 0x203F3002, 0xE4AB2B9F, 0x7F122112,
0x081E121A, 0x21232129, 0x4F220002, 0x004E0208, 0x01A502E6, 0x00030013, 0x0021400E, 0x00030102, 0x10040A14, 0x01130703, 0x0DB8003F, 0xC4DDDDC6,
0x0110DCC6, 0xDDDECDDD, 0xCD313001, 0x07273705, 0x36363726, 0x26353436, 0x33321615, 0x14060701, 0xA57E3B6C, 0xFEF61521, 0x0D121622, 0x1C1D2140,
0x2F02AD9F, 0x2BABB612, 0x2112081E, 0x121A2123, 0x21294F22, 0x0002006E, 0x02060186, 0x03370015, 0x00270036, 0x401B2716, 0x191CE022, 0x0122000B,
0xE00A010A, 0x00152719, 0x1F15FF0A, 0x010A1005, 0x1F002FDE, 0xCDDE5DC0, 0x10DDCD01, 0x2FDDDC5D, 0xCD10D65D, 0xDDC5C632, 0x3130012E, 0x0323220E,
0x0207233E, 0x0333321E, 0x02170736, 0x36372626, 0x35343633, 0x32161514, 0x0E020701, 0x41010D14, 0x190C0C19, 0x140D0145, 0x01182731, 0x1B1B3127,
0x1702D10B, 0x1809110C, 0x1A1A1522, 0x0714221C, 0x02AA1218, 0x10070710, 0x18122535, 0x23101023, 0x35257F09, 0x150B0718, 0x0D121D1A, 0x1B0C191B,
0x2113FFFF, 0x0024FFF5, 0x01D302AA, 0x022603A9, 0x00000106, 0x0161DD00, 0x0013B900, 0x01FFDC40, 0x0918220A, 0x0050010B, 0x144F2B2B, 0x3400FFFF,
0x0024FFF5, 0x01D30287, 0x022603A9, 0x00000106, 0x008ADD00, 0x0013B900, 0x01FFDE40, 0x0914150A, 0x0050010B, 0x164F2B2B, 0x3400FFFF, 0x0015FFF5,
0x01D302DA, 0x022603A9, 0x00000106, 0x04ABEF00, 0x0021B203, 0x0201B8FF, 0xEE401119, 0x200A0050, 0x030B2E4F, 0x020B224F, 0x010B164F, 0x2B2B2B2B,
0x34343400, 0x0000FFFF, 0x0015FFF5, 0x01D302DA, 0x022603A9, 0x00000106, 0x03D0EF00, 0x0021B203, 0x0201B8FF, 0xEE401119, 0x200A0050, 0x030B2D4F,
0x020B224F, 0x010B164F, 0x2B2B2B2B, 0x34343400, 0x0000FFFF, 0x0024FFF5, 0x01D302AA, 0x022603A9, 0x00000106, 0x0482DD00, 0x0013B900, 0x01FFDC40,
0x0922180A, 0x0050010B, 0x1A4F2B2B, 0x3400FFFF, 0x0024FFF5, 0x01D30337, 0x022603A9, 0x00000106, 0x0483DD00, 0x001EB203, 0x0201B8FF, 0xDB400E19,
0x200A0050, 0x03020B22, 0x4F010B16, 0x4F2B2B34, 0x2B343434, 0x0000FFFF, 0x00360000, 0x01BF0335, 0x0226002C, 0x00000107, 0x01610000, 0x008B0010,
0x400B0100, 0x101A0006, 0x5001050C, 0x4F2B2B34, 0x0000FFFF, 0x00360000, 0x01BF0312, 0x0226002C, 0x00000107, 0x008A0000, 0x008B0010, 0x400B0101,
0x0C0D0006, 0x5001050E, 0x4F2B2B34, 0x0000FFFF, 0xFF250000, 0x01BF026B, 0x0226002C, 0x00000107, 0x0043FE8D, 0xFFB4000D, 0xB90001FE, 0x98B40F0D,
0x0006502B, 0x3400FFFF, 0xFF1F0000, 0x01BF026B, 0x0226002C, 0x00000107, 0x008FFE87, 0xFFB4000D, 0xB90001FE, 0x92B40E0C, 0x0006502B, 0x34000002,
0x004F0208, 0x01A502E6, 0x00030013, 0x001C400C, 0x01030D13, 0x07140A04, 0x7E00027E, 0x003FC53F, 0xC40110D6, 0xC5D5DEC5, 0x31300117, 0x07270726,
0x26353436, 0x33321615, 0x14060716, 0x16170139, 0x6C3B7F2E, 0x303E201D, 0x1C221512, 0x0C211602, 0xE4AB2B9F, 0xA5205228, 0x2123211A, 0x121E0812,
0x21120002, 0x00480208, 0x01AC02E6, 0x00030013, 0x001C400C, 0x0002130D, 0x07140A04, 0x7E03017E, 0x003FC53F, 0xC40110D6, 0xD5D6DECD, 0x31300107,
0x27370726, 0x26353436, 0x33321615, 0x14060716, 0x161701AC, 0x7F3B6CA7, 0x303F211D, 0x1C221612, 0x0D211502, 0xAD9F2BAB, 0xDC205228, 0x2123211A,
0x121E0812, 0x21120002, 0x006E0206, 0x01860337, 0x00150027, 0x002B4014, 0x272421B0, 0x1B011B0B, 0x15000A0B, 0x28161E05, 0x150B1086, 0x003FC5C5,
0xD5DEC501, 0x10DED5D4, 0xC510D65D, 0xC5D5CE31, 0x30012E03, 0x23220E02, 0x07233E03, 0x33321E02, 0x17072E03, 0x35343633, 0x32161514, 0x06071616,
0x17014101, 0x0D14190C, 0x0C19140D, 0x01450118, 0x27311B1B, 0x31271702, 0x681B2314, 0x0722151A, 0x1A0C1109, 0x180B02AA, 0x12181007, 0x07101812,
0x25352310, 0x10233525, 0xA413211B, 0x190C1B1A, 0x1D120D18, 0x070B1509, 0xFFFF0033, 0xFFF301BF, 0x02AA0226, 0x03B50000, 0x01060161, 0x00000010,
0x400B0101, 0x1620020E, 0x50010412, 0x4F2B2B34, 0xFFFF0033, 0xFFF301BF, 0x02870226, 0x03B50000, 0x0106008A, 0x00000010, 0x400B0103, 0x1213020E,
0x50010414, 0x4F2B2B34, 0xFFFF0026, 0xFFF301CE, 0x02DA0226, 0x03B50000, 0x010604AB, 0x0000001E, 0x40150302, 0x0101171E, 0x020E5003, 0x042C4F02,
0x04204F01, 0x04144F2B, 0x2B2B2B34, 0x34340000, 0xFFFF0026, 0xFFF301CE, 0x02DA0226, 0x03B50000, 0x010603D0, 0x0000001E, 0x40150302, 0x0101171E,
0x020E5003, 0x042B4F02, 0x04204F01, 0x04144F2B, 0x2B2B2B34, 0x34340000, 0xFFFF003F, 0xFF5B01D5, 0x02E60226, 0x03B10000, 0x01060481, 0x00000013,
0xB90002FF, 0xF040091E, 0x29050B50, 0x02082D4F, 0x2B2B3400, 0xFFFF003F, 0xFF5B01D5, 0x02E60226, 0x03B10000, 0x010604B9, 0x00000013, 0xB90002FF,
0xF0400920, 0x2D050B50, 0x02081E4F, 0x2B2B3400, 0xFFFF0033, 0xFFF301BF, 0x02AA0226, 0x03B50000, 0x01060482, 0x00000010, 0x400B0101, 0x2016020E,
0x50010418, 0x4F2B2B34, 0xFFFF0033, 0xFFF301BF, 0x03370226, 0x03B50000, 0x01060483, 0x0000001B, 0x40120302, 0x0100171E, 0x020E5003, 0x0204204F,
0x0104144F, 0x2B2B342B, 0x34343400, 0xFFFF000D, 0x000001E8, 0x03350226, 0x003C0000, 0x01070161, 0x0000008B, 0x0010400B, 0x01001923, 0x11065001,
0x05154F2B, 0x2B340000, 0xFFFF000D, 0x000001E8, 0x03120226, 0x003C0000, 0x0107008A, 0x0000008B, 0x0010400B, 0x01011516, 0x11065001, 0x05174F2B,
0x2B340000, 0xFFFFFF37, 0x000001E8, 0x026B0226, 0x003C0000, 0x01070043, 0xFE9FFFB4, 0x000DB900, 0x01FEAAB4, 0x18161106, 0x502B3400, 0xFFFFFF27,
0x000001E8, 0x026B0226, 0x003C0000, 0x0107008F, 0xFE8FFFB4, 0x000DB900, 0x01FE9AB4, 0x17151106, 0x502B3400, 0xFFFFFF57, 0x000001D8, 0x027F0226,
0x00330000, 0x010704B9, 0xFEACFF99, 0x000DB900, 0x02FE9FB4, 0x1C290902, 0x502B3400, 0x00030026, 0x020001CE, 0x02DA000B, 0x0017001B, 0x00294015,
0x0C951219, 0x1B1A0095, 0x061C181A, 0x7E0F9615, 0x98039609, 0x98003FED, 0x3FED3FC5, 0x0110D6FD, 0xCED4D5D6, 0xED313013, 0x14062322, 0x26353436,
0x33321605, 0x14062322, 0x26353436, 0x33321627, 0x170727AB, 0x281B1B27, 0x271B1B28, 0x0123281A, 0x1B27271B, 0x1A28DC4E, 0x3E61025D, 0x1F23231F,
0x20222220, 0x1F23231F, 0x2022225D, 0xBD1DB2FF, 0xFF002602, 0x0001CE02, 0xDA020603, 0xD0000000, 0x01008502, 0x05016F02, 0xC1000300, 0x10B50103,
0x0400027E, 0x003FC501, 0x10D6C531, 0x30131707, 0x27BEB12E, 0xBC02C175, 0x4760FFFF, 0x0019FF56, 0x01DD02C1, 0x022603B9, 0x00000026, 0x04801B00,
0x010604AD, 0x0000000F, 0xB10201B8, 0xFFFFB444, 0x421E0E50, 0x2B343400, 0x0000FFFF, 0x0019FF56, 0x01DD01E2, 0x022603B9, 0x00000106, 0x04801B00,
0x000AB601, 0x1A3C361E, 0x0E502B34, 0x0000FFFF, 0x0019FF56, 0x01DD02C1, 0x022603B9, 0x00000026, 0x04801B00, 0x010604B8, 0x2400000C, 0xB7020123,
0x43411E0E, 0x502B3434, 0x0000FFFF, 0x0019FFF7, 0x01DD02AA, 0x022603B9, 0x00000106, 0x04820000, 0x0013B900, 0x01FFFF40, 0x093F351E, 0x0E50010A,
0x374F2B2B, 0x3400FFFF, 0x0019FF56, 0x01DD02AA, 0x022603B9, 0x00000026, 0x04801B00, 0x01060482, 0x0000000F, 0xB10201B8, 0xFFFFB44F, 0x451E0E50,
0x2B343400, 0x0000FFFF, 0xFF14FFF3, 0x01D90279, 0x02260032, 0x00000107, 0x0043FE7C, 0xFFB4000D, 0xB90002FE, 0x88B42321, 0x1419502B, 0x3400FFFF,
0xFF44FFF3, 0x01D90279, 0x02260032, 0x00000107, 0x008FFEAC, 0xFFB4000D, 0xB90002FE, 0xB8B42220, 0x1419502B, 0x3400FFFF, 0xFEFA0000, 0x01EB0279,
0x022603A0, 0x00000107, 0x0043FE62, 0xFFB4000D, 0xB90001FE, 0x6EB42B29, 0x230E502B, 0x3400FFFF, 0xFF330000, 0x01EB0279, 0x022603A0, 0x00000107,
0x008FFE9B, 0xFFB4000D, 0xB90001FE, 0xA7B42A28, 0x230E502B, 0x34000002, 0x0009FFF6, 0x01FC0279, 0x00270033, 0x0137B900, 0x33FFC0B4, 0x0D0E004C,
0x25B8FFE0, 0xB310004D, 0x25B8FFC0, 0x40150D0E, 0x004C2440, 0x10004D24, 0x400D0E00, 0x4C0B400E, 0x004D0BB8, 0xFFC0B30B, 0x004D0AB8, 0xFFC0B310,
0x004D0AB8, 0xFFC0B30D, 0x004D0AB8, 0xFFC04009, 0x0B004D09, 0x4010004D, 0x08B8FFF0, 0xB316004D, 0x07B8FFC0, 0xB30B004D, 0x06B8FFC0, 0xB30B004D,
0x05B8FFC0, 0x40160B00, 0x4D043314, 0x3302A433, 0xB433020B, 0x331B338B, 0x3303332F, 0xB8FFC0B3, 0x131A482F, 0xB8FFC040, 0x660B1048, 0x2F52342D,
0x01202D01, 0x02002D10, 0x2D022D12, 0x4018004D, 0x12400C00, 0x4D4F125F, 0x12CF12DF, 0x12041252, 0x09400601, 0x06300B50, 0x0B900B03, 0x0B2F0D01,
0x0DAF2101, 0x00211021, 0x20210321, 0x25C01CD0, 0x1C021C52, 0xE000F000, 0x02002524, 0x342F0A33, 0x57280925, 0x55220809, 0x550B0817, 0x57030300,
0x3FED3FED, 0x3FED3FED, 0x3F0110D6, 0xDDD55DED, 0x5D10D55D, 0x5DDE5DD5, 0x5DD45DCD, 0xED5D2B2B, 0xDE5D5F5D, 0x5DED2B2B, 0xC45D5D71, 0x31302B2B,
0x2B2B2B2B, 0x2B2B2B2B, 0x2B2B2B2B, 0x2B133436, 0x33321615, 0x14060733, 0x1523353E, 0x0335342E, 0x0223220E, 0x0215141E, 0x02171523, 0x35332626,
0x012E0335, 0x11331114, 0x16170E54, 0x4948541B, 0x22408E08, 0x0F0B0706, 0x0E161010, 0x160E0606, 0x0B0F0890, 0x42211C01, 0xE128321B, 0x0A60101C,
0x01628C8B, 0x8B8C4286, 0x3D5D5710, 0x35444F2B, 0x2645341E, 0x1F354627, 0x2A4F4234, 0x10575D3D, 0x89FED305, 0x1C2A3823, 0x013AFEBB, 0x20230400,
0x01008502, 0x05016F02, 0xC1000300, 0x10B50002, 0x0403017E, 0x003FC501, 0x10D6C531, 0x30010727, 0x37016FBC, 0x2EB10265, 0x60477500, 0x0100AB02,
0x08014902, 0xE6000F00, 0x12B60F09, 0x03100600, 0x7E003FC4, 0x0110D6D5, 0xCE313001, 0x26263534, 0x36333216, 0x15140607, 0x16161701, 0x20334227,
0x1D1C2417, 0x120D2016, 0x02082250, 0x28212321, 0x1A121E08, 0x122112FF, 0xFFFFAAFF, 0x5601EB02, 0x7F022600, 0x24000000, 0x270481FE, 0xFFFF9901,
0x0604801B, 0x00000FB1, 0x0302B8FF, 0x91B4172C, 0x040B502B, 0x343400FF, 0xFFFFA7FF, 0x5601EB02, 0x7F022600, 0x24000000, 0x2704B9FE, 0xFCFF9901,
0x0604801B, 0x00000FB1, 0x0302B8FF, 0x8FB4192C, 0x040B502B, 0x343400FF, 0xFFFED7FF, 0x5601EB02, 0x7F022600, 0x24000000, 0x27048EFE, 0x97FF9901,
0x0604801B, 0x000011B2, 0x040302B8, 0xFF27B41B, 0x30040B50, 0x2B343434, 0x000000FF, 0xFFFEF4FF, 0x5601EB02, 0x7F022600, 0x24000000, 0x27049BFE,
0xA5FF9901, 0x0604801B, 0x000011B2, 0x040302B8, 0xFF36B41D, 0x30040B50, 0x2B343434, 0x000000FF, 0xFFFF1BFF, 0x5601EB02, 0x7F022600, 0x24000000,
0x27048FFE, 0xCDFF9901, 0x0604801B, 0x000011B2, 0x040302B8, 0xFF49B41B, 0x30040B50, 0x2B343434, 0x000000FF, 0xFFFF0EFF, 0x5601EB02, 0x7F022600,
0x24000000, 0x27049CFE, 0xC6FF9901, 0x0604801B, 0x000011B2, 0x040302B8, 0xFF43B41D, 0x30040B50, 0x2B343434, 0x000000FF, 0xFFFF5CFF, 0x5601EB02,
0xD0022600, 0x24000000, 0x270490FE, 0xEEFF9901, 0x0604801B, 0x000011B2, 0x040302B8, 0xFF6AB422, 0x44040B50, 0x2B343434, 0x000000FF, 0xFFFF5DFF,
0x5601EB02, 0xD0022600, 0x24000000, 0x27049DFE, 0xEFFF9901, 0x0604801B, 0x000011B2, 0x040302B8, 0xFF6AB422, 0x44040B50, 0x2B343434, 0x000000FF,
0xFFFF5AFF, 0x5601C702, 0x7F022600, 0x2B000000, 0x270481FE, 0xAFFF9901, 0x06048024, 0x00000FB1, 0x0201B8FF, 0x6DB40C21, 0x0600502B, 0x343400FF,
0xFFFF66FF, 0x5601C702, 0x7F022600, 0x2B000000, 0x2704B9FE, 0xBBFF9901, 0x06048024, 0x00000FB1, 0x0201B8FF, 0x73B40E21, 0x0600502B, 0x343400FF,
0xFFFE90FF, 0x5601C702, 0x7F022600, 0x2B000000, 0x27048EFE, 0x50FF9901, 0x06048024, 0x000011B2, 0x030201B8, 0xFF08B410, 0x25060050, 0x2B343434,
0x000000FF, 0xFFFEADFF, 0x5601C702, 0x7F022600, 0x2B000000, 0x27049BFE, 0x5EFF9901, 0x06048024, 0x000011B2, 0x030201B8, 0xFF17B412, 0x25060050,
0x2B343434, 0x000000FF, 0xFFFEB0FF, 0x5601C702, 0x7F022600, 0x2B000000, 0x27048FFE, 0x62FF9901, 0x06048024, 0x000011B2, 0x030201B8, 0xFF18B410,
0x25060050, 0x2B343434, 0x000000FF, 0xFFFE9EFF, 0x5601C702, 0x7F022600, 0x2B000000, 0x27049CFE, 0x56FF9901, 0x06048024, 0x000011B2, 0x030201B8,
0xFF0FB412, 0x25060050, 0x2B343434, 0x000000FF, 0xFFFEF6FF, 0x5601C702, 0xD0022600, 0x2B000000, 0x270490FE, 0x88FF9901, 0x06048024, 0x000011B2,
0x030201B8, 0xFF3BB417, 0x39060050, 0x2B343434, 0x000000FF, 0xFFFEF6FF, 0x5601C702, 0xD0022600, 0x2B000000, 0x27049DFE, 0x88FF9901, 0x06048024,
0x000011B2, 0x030201B8, 0xFF3BB417, 0x39060050, 0x2B343434, 0x000000FF, 0xFFFF6BFF, 0x5601EB02, 0x7F022603, 0xA0000000, 0x270481FE, 0xC0FF9901,
0x06048024, 0x00000FB1, 0x0201B8FF, 0x76B4283D, 0x230E502B, 0x343400FF, 0xFFFF47FF, 0x5601EB02, 0x7F022603, 0xA0000000, 0x2704B9FE, 0x9CFF9901,
0x06048024, 0x00000FB1, 0x0201B8FF, 0x64B42A3D, 0x230E502B, 0x343400FF, 0xFFFE7EFF, 0x5601EB02, 0x7F022603, 0xA0000000, 0x27048EFE, 0x3EFF9901,
0x06048024, 0x000011B2, 0x030201B8, 0xFEFFB42C, 0x41230E50, 0x2B343434, 0x000000FF, 0xFFFE9CFF, 0x5601EB02, 0x7F022603, 0xA0000000, 0x27049BFE,
0x4DFF9901, 0x06048024, 0x000011B2, 0x030201B8, 0xFF0EB42E, 0x41230E50, 0x2B343434, 0x000000FF, 0xFFFECBFF, 0x5601EB02, 0x7F022603, 0xA0000000,
0x27048FFE, 0x7DFF9901, 0x06048024, 0x000011B2, 0x030201B8, 0xFF26B42C, 0x41230E50, 0x2B343434, 0x000000FF, 0xFFFEBDFF, 0x5601EB02, 0x7F022603,
0xA0000000, 0x27049CFE, 0x75FF9901, 0x06048024, 0x000011B2, 0x030201B8, 0xFF1FB42E, 0x41230E50, 0x2B343434, 0x000000FF, 0xFFFEFFFF, 0x5601EB02,
0xD0022603, 0xA0000000, 0x270490FE, 0x91FF9901, 0x06048024, 0x000011B2, 0x030201B8, 0xFF40B433, 0x55230E50, 0x2B343434, 0x000000FF, 0xFFFEFEFF,
0x5601EB02, 0xD0022603, 0xA0000000, 0x27049DFE, 0x90FF9901, 0x06048024, 0x000011B2, 0x030201B8, 0xFF3FB433, 0x55230E50, 0x2B343434, 0x000000FF,
0xFF0009FF, 0x5601EB02, 0x6B022600, 0x24000001, 0x0604801B, 0x00000AB6, 0x021B221C, 0x040B502B, 0x340000FF, 0xFF002DFF, 0x5601C702, 0x6B022600,
0x2B000001, 0x06048024, 0x00000AB6, 0x01241711, 0x0600502B, 0x340000FF, 0xFF0009FF, 0x5601EB02, 0x79022603, 0xA0000001, 0x06048024, 0x00000AB6,
0x0124332D, 0x230E502B, 0x34000000, 0x01002E00, 0x0001EC02, 0x6B002300, 0x7F400D1C, 0x40090A00, 0x4C194009, 0x0A004C17, 0xB8FFE0B4, 0x0D0E004C,
0x17B8FFC0, 0xB30C004D, 0x0FB8FFE0, 0x40310C00, 0x4D111625, 0x1C1C2425, 0x0C062517, 0x1D230E0B, 0x53210023, 0x04241708, 0x16081D0E, 0x22400D10,
0x4822550B, 0x23084F04, 0x6F040204, 0x55050200, 0x3FFD5D32, 0xDE32FD2B, 0x32C63F3F, 0x0110D6D0, 0xD532ED32, 0x10D0C510, 0xD6C61112, 0x392F1239,
0x3931302B, 0x2B2B2B2B, 0x01262623, 0x23352107, 0x23161617, 0x33072306, 0x06071E03, 0x17232E03, 0x27353332, 0x36372335, 0x010F0B3A, 0x2E6E01BE,
0x11730E11, 0x0545113A, 0x13684A19, 0x38342E10, 0x8E163434, 0x34163F40, 0x4414D701, 0xD3271859, 0x590D2111, 0x5844440A, 0x193D3F3C, 0x181F3F3B,
0x36155A1A, 0x23580007, 0x00390134, 0x01BA02B5, 0x0013001F, 0x002B003B, 0x004E0061, 0x006D0029, 0x40130A00, 0x0A006E6F, 0x3C4F544A, 0x54050554,
0x4A036F0F, 0x10003F12, 0x17392F2F, 0x2F123939, 0x01111239, 0x392F2F31, 0x3001140E, 0x0223222E, 0x0235343E, 0x0233321E, 0x02052206, 0x15141633,
0x32363534, 0x26170606, 0x17161637, 0x36362726, 0x26273436, 0x37270607, 0x16151407, 0x16173726, 0x26373216, 0x17372626, 0x27062726, 0x26352623,
0x22071736, 0x17222707, 0x16333237, 0x34363736, 0x17363637, 0x27060637, 0x16363736, 0x26272606, 0x07061601, 0xBA1E3546, 0x28284634, 0x1E1E3446,
0x28284635, 0x1EFEBD0B, 0x0F0F0B0B, 0x0F0FAC09, 0x06050614, 0x0A090605, 0x06158913, 0x0E13240B, 0x0E0E0B24, 0x130E134B, 0x1E2B0225, 0x02120E0F,
0x10060A0D, 0x121B1612, 0x100F0F10, 0x12161B12, 0x0D0A0610, 0x0F0E1202, 0x25022B17, 0x09150605, 0x06090A14, 0x06050601, 0xF4284634, 0x1E1E3446,
0x28284635, 0x1E1E3546, 0x0E0F0B0A, 0x0F0F0A0B, 0x0F750514, 0x0A090606, 0x0515090A, 0x0456141F, 0x0B201929, 0x0913110B, 0x2819200B, 0x1F5F281D,
0x0115250E, 0x0507050D, 0x08040C1F, 0x0797071F, 0x0C04080D, 0x0507050E, 0x2515011D, 0x28A70605, 0x0A091505, 0x0506080B, 0x13000EFF, 0x5B000002,
0x9902B400, 0x03000700, 0x0B000F00, 0x13001700, 0x1B001F00, 0x23002700, 0x2B002F00, 0x33003707, 0xAF401F33, 0x1009004D, 0x32180900, 0x4D2B0809,
0x004D2A08, 0x09004D27, 0x1009004D, 0x26100900, 0x4D23B8FF, 0xF0B30900, 0x4D22B8FF, 0xF8400E09, 0x004D2110, 0x09004D20, 0x0809004D, 0x1EB8FFF8,
0x40B90900, 0x4D1D1009, 0x004D1C18, 0x09004D06, 0x1B261B36, 0x1B461B66, 0x1B861B06, 0x3D071B01, 0x09061A26, 0x1A361A46, 0x1A661A86, 0x1A063D07,
0x1A010906, 0x13161326, 0x13661304, 0x06121612, 0x26126612, 0x043D0905, 0x01090401, 0x3E090119, 0x01020900, 0x19000241, 0x07260107, 0x25010722,
0x01072101, 0x091F0109, 0x1C780949, 0x09176917, 0x02091469, 0x1402060E, 0x360E660E, 0x03060D36, 0x0D660D03, 0x090B390B, 0x02090839, 0x08023D9A,
0x31AA3102, 0x69317931, 0x89310331, 0x400A0E48, 0x0A310131, 0x2F80343B, 0x482F7F28, 0x8F28025E, 0x286E2802, 0x4D28013E, 0x280128B8, 0x0180404E,
0x282B489A, 0x28AA2802, 0x69287928, 0x89280328, 0x400A0E48, 0x28B00949, 0x28248034, 0x3B487F24, 0x8F24025E, 0x246E2402, 0x4D24012E, 0x243E2402,
0x0D241D24, 0x02FD2401, 0x9A24AA24, 0x02692479, 0x24892403, 0x24400A0E, 0x480A2401, 0x2436B8FF, 0x80400934, 0x3B480736, 0x01363532, 0xB8FF8040,
0x0C0D1348, 0x17322732, 0x37320332, 0x2BB8FE00, 0x40132D31, 0x48312B01, 0x202B0101, 0x2B112B02, 0xF12B0100, 0x2BB8FF80, 0x400C0D13, 0x48102B20,
0x2B302B03, 0x2B27B8FE, 0x00B32D31, 0x4827B8FE, 0x40B3282C, 0x4827B8FF, 0x8040FF0D, 0x13481027, 0x20273027, 0x03271C0C, 0x20010903, 0x20222F15,
0x8F150209, 0x15013B8F, 0x159F15FF, 0x15035E15, 0x01BD15ED, 0x15FD1503, 0x5B15014C, 0x15011B15, 0x01AA15BA, 0x15027915, 0x01081518, 0x15020A15,
0x0913013B, 0x130F0C3F, 0x0C6F0C03, 0x3D4F0C8F, 0x0CBF0CEF, 0x0C041E0C, 0x01AD0CED, 0x0C027B0C, 0x014C0C01, 0x0B0C01AA, 0x0CDA0C02, 0x390C690C,
0x02080C01, 0x0B0C2F08, 0x5F080209, 0x08013BE9, 0x08018F08, 0xBF08021E, 0x0801ED08, 0x017B0801, 0x4C0801AA, 0x08DA0802, 0x08083808, 0x020B0866,
0x1A861A02, 0x071A0133, 0x1A190017, 0x6017023D, 0x50178017, 0x9017F017, 0x04E117F1, 0x1702B217, 0x01531701, 0x14174417, 0x02B51701, 0x7617A617,
0x02071717, 0x17020A17, 0x000F300F, 0x600F033D, 0x800FB00F, 0xE00F0311, 0x0F410F02, 0xE10F0172, 0x0FA20F02, 0x040F440F, 0x02D4403E, 0x0F01A50F,
0x01660F01, 0x070F370F, 0x020B0F00, 0x0A300A02, 0x3D900AC0, 0x0A02210A, 0x01F10A01, 0x820A0154, 0x0A01E40A, 0x01B50A01, 0x460A0117, 0x0A010A00,
0x0439E603, 0x01030610, 0x191FB8FF, 0x80400934, 0x45481F22, 0x2C353835, 0xB8FE0040, 0x3B313B48, 0x61350140, 0x35503502, 0x21353135, 0x02103501,
0x013501E1, 0x35F13502, 0xB235C235, 0xD2350393, 0x35A33502, 0x82350163, 0x35733502, 0x54350143, 0x35010092, 0x35010135, 0xB8FF8040, 0x120E1248,
0x33350102, 0x10352035, 0x02083501, 0x033522B8, 0xFF004016, 0x181D48B5, 0x22C522D5, 0x2203A622, 0x01225833, 0x0133DD2C, 0x012CB801, 0x40400C20,
0x26484B2C, 0x5B2C023C, 0x2C012CB8, 0x0100401C, 0x171C48AA, 0x2CBA2CCA, 0x2C032C80, 0x1013485A, 0x2C01492C, 0x012C400A, 0x0D482C1F, 0xB80200B7,
0x3245481F, 0x31312634, 0xB80200B3, 0x303B4834, 0xB801C0B3, 0x2C2F4834, 0xB8018040, 0x33232B48, 0x7C348C34, 0x026B3401, 0x5C34014B, 0x34013480,
0x1013485A, 0x34013440, 0x0A0E4834, 0x1B232B23, 0x3B230323, 0xC0141A48, 0x23572901, 0x292B082D, 0xB8FE80B3, 0x2427482D, 0xB8FEC0B3, 0x1E23482D,
0xB8FF00B3, 0x1A1D482D, 0xB8FF40B3, 0x1119482D, 0xB8FF8040, 0x0D0D1048, 0x072D172D, 0x272D030A, 0x2D1EB8FE, 0x0040AE32, 0x45481E08, 0x24010F24,
0x26022019, 0x40195019, 0x60198019, 0xA0190617, 0x19010019, 0x013BC019, 0xE01902B1, 0x19016019, 0x8019A019, 0x03011911, 0x19211941, 0x1904E119,
0x01A219C2, 0x19028319, 0x01721901, 0x63190104, 0x19241944, 0x1903A519, 0xC519D519, 0xE5190466, 0x19861902, 0x47190136, 0x19010719, 0x010B1920,
0x06010706, 0x013CD606, 0x01800601, 0x770601E1, 0x06014306, 0x01A50601, 0x0706010C, 0x06691799, 0x17020817, 0x0133171F, 0x102F103F, 0x107F1004,
0x0810013C, 0xAF10EF10, 0x029E1001, 0x4F108F10, 0x020D1001, 0x10B80160, 0x40FF2A49, 0x4C105C10, 0x6C10AC10, 0xEC10050B, 0x1001CB10, 0x01AA10BA,
0x10021910, 0x29106910, 0x03081001, 0x0B100F03, 0x1F030241, 0xD803018F, 0x039F0302, 0xFD0301EE, 0x03014C03, 0x5C0302BB, 0x0301AA03, 0x01090319,
0x03020F03, 0x17150115, 0x150A0F18, 0x2F184F18, 0x5F186F18, 0x8F18AF18, 0x073BBF18, 0xCF18EF18, 0x03AE1801, 0x4F186F18, 0x8F18030E, 0x181E182E,
0x18038D18, 0xAD18CD18, 0xED18044C, 0x186C187C, 0x18030B18, 0x2B1802DB, 0x18EB1802, 0x8A18AA18, 0xCA180349, 0x18691802, 0x38180129, 0x18010818,
0x010B180F, 0x07013ED9, 0x07018E07, 0x01780701, 0xED07014B, 0x0701AA07, 0x01080701, 0x0C07660D, 0x01070D01, 0x330D0F08, 0x00111011, 0x20116011,
0x043D8011, 0x9011A011, 0xE0110401, 0x11411102, 0xE111F111, 0x02A21101, 0x53116311, 0x02041144, 0x11026511, 0xA511B511, 0xC5403911, 0x04071117,
0x11271103, 0x0B110002, 0x10020241, 0xE002F002, 0x02A70201, 0x50020141, 0x0201B202, 0x01A30201, 0x00000210, 0x02020160, 0x02700202, 0x0202AF08,
0x01080A02, 0x003FCD72, 0x325F5D5F, 0x715F7171, 0x72727272, 0x5E5D325E, 0x5D5D7171, 0x71717272, 0x5E5D3FCD, 0x5E5D5D32, 0x5E5D5D71, 0x71727272,
0x5E5D325E, 0x5D5D5D5D, 0x5D5D7171, 0x71727272, 0x725E5D12, 0x392F5D33, 0x5E5D5D5D, 0x71717172, 0x725E5D33, 0x5E5D5D5D, 0x5D71712B, 0x72727272,
0x5E5D5DCD, 0x5E5D5D32, 0x5E5D5D71, 0x71727272, 0x5E5D5D32, 0x5E5D5D5D, 0x5D5D7171, 0x71717171, 0x72727272, 0x5E5D5D5D, 0x3FCD5E5D, 0x322B325E,
0x5D2B2B2B, 0x2B2B3FCD, 0x5D322B71, 0x322B5D2B, 0x71717171, 0x2B2B2B12, 0x392F332B, 0x332B5D5D, 0x2B5D2B71, 0x712B71CD, 0x5D325D5D, 0x2B325F5D,
0x5D5F5D2B, 0x5F5D5F71, 0x71717171, 0x71717272, 0x7272722B, 0x0110DC32, 0xDC322BDE, 0x32DC3272, 0xCCCD3232, 0x5D5D5D5D, 0x71717172, 0x725E5D32,
0x5E5D5D5D, 0x5D717171, 0x72725E5D, 0x325E5D5D, 0x5D717171, 0x71725E5D, 0x10CD5E5D, 0x5D325E5D, 0x5D717171, 0x7272725E, 0x5D5D325E, 0x5D5D5D71,
0x71717172, 0x725E5D32, 0x5E5D325E, 0x5D5D5D71, 0x71717172, 0x725E5D5D, 0x10CD5F5E, 0x5D32325D, 0x2B2B2B32, 0x5D2B5F71, 0x7272722B, 0x325D2B10,
0xCD5D2B32, 0x5D2B5D5D, 0x71727272, 0x72722B32, 0x2B2B5D5D, 0x2B727272, 0x72322B32, 0x5D2B5D5D, 0x3130005E, 0x5D5D5D5D, 0x5D5D2B5E, 0x5D5D5D5D,
0x5D015E5D, 0x5D5E5D5D, 0x5E5D5D5E, 0x5D5E5D5E, 0x5D5E5D2B, 0x2B2B2B2B, 0x2B2B2B2B, 0x2B2B2B2B, 0x01113311, 0x03113311, 0x01352115, 0x01352115,
0x01113311, 0x15352115, 0x01113311, 0x03113311, 0x03113311, 0x01352115, 0x01352115, 0x01113311, 0x15352115, 0x01113311, 0x027C1D1D, 0x1DFEAF01,
0x34FECC01, 0x34FEAF1D, 0x0134FEAF, 0x1D9B1C1C, 0x1CFEAF01, 0x35FECB01, 0x35FEAE1D, 0x0135FEAE, 0x1D016B01, 0x2AFED6FE, 0xB4012AFE, 0xD602791C,
0x1CFD681D, 0x1D016B01, 0x2AFED61F, 0x1D1DFED3, 0x012AFED6, 0x014C012A, 0xFED6FEB4, 0x012AFED6, 0x02791C1C, 0xFD681D1D, 0x016B012A, 0xFED61F1D,
0x1DFED301, 0x2AFED600, 0x030004FF, 0xF301F001, 0xDE000300, 0x1D002900, 0xE7401B28, 0x2010004D, 0x28400F00, 0x4D274010, 0x004D1B20, 0x0F10004C,
0x1A201000, 0x4D08B8FF, 0xE0B31000, 0x4D07B8FF, 0xE0400E13, 0x004D0740, 0x0A004D06, 0x400A004D, 0x05B8FFC0, 0xB314004D, 0x05B8FFE0, 0xB313004D,
0x1DB8FFC0, 0xB30D004D, 0x14B8FFD8, 0xB312004D, 0x14B8FFC0, 0xB311004D, 0x14B8FFF0, 0xB310004D, 0x14B8FFD8, 0xB30A004D, 0x04B8FFE0, 0xB30D004D,
0x04B8FFC0, 0x40310B0C, 0x004C1211, 0x1C042721, 0x11272117, 0x09091721, 0x27110500, 0x022B002A, 0x0E140144, 0x24012024, 0x3024021D, 0x241E041E,
0x041E0103, 0x07010B00, 0x3F3F1239, 0x392F2F12, 0x39395D5D, 0x12393901, 0x10C610C6, 0x1117392F, 0x2F2F2F2F, 0x11123939, 0x11393130, 0x002B2B2B,
0x2B2B2B2B, 0x012B2B2B, 0x2B2B2B2B, 0x2B2B2B2B, 0x37371707, 0x37343E02, 0x35342E02, 0x23220607, 0x17363332, 0x1615140E, 0x02151717, 0x32363534,
0x26232206, 0x15141604, 0xF6F6F614, 0x181C1709, 0x15231915, 0x2C12111D, 0x1D121517, 0x1B16011F, 0x0E15150E, 0x101616E8, 0xF6F6F5B1, 0x16211D20,
0x160C1B15, 0x0E0B0C2E, 0x110D0F10, 0x181B2017, 0x0A691411, 0x11151511, 0x1114FFFF, 0xFFD0FFF5, 0x02200279, 0x0027016F, 0xFF6A0000, 0x00260011,
0x00000107, 0x01740096, 0x00000000, 0x00000001, 0x00000122, 0x0122033E, 0x00050017, 0x400A0445, 0x01000604, 0x49010386, 0x003FD5ED, 0x0110D0D5,
0xED313011, 0x33113311, 0x21D250FE, 0xDE017201, 0xCCFDE400, 0x0100D201, 0x2201F403, 0x3E000500, 0x17400A05, 0x45020407, 0x05490201, 0x86003FD5,
0xED0110D0, 0xD5ED3130, 0x13331133, 0x1521D250, 0xD2FEDE03, 0x3EFE3450, 0x000100D2, 0xFF5601F4, 0x01720005, 0x0017400A, 0x00450302, 0x07014903,
0x0492003F, 0xD5ED0110, 0xD0D5ED31, 0x30132115, 0x231123D2, 0x0122D250, 0x017250FE, 0x34000100, 0xD2FF5601, 0x22033E00, 0x030012B7, 0x03450204,
0x03860092, 0x003F3F01, 0x10D6ED31, 0x30052311, 0x33012250, 0x50AA03E8, 0x00010000, 0x012201F4, 0x01720003, 0x0011B602, 0x01040349, 0x02A2003F,
0xED0110D0, 0xC5313011, 0x35211501, 0xF4012250, 0x50000100, 0x00FF5601, 0x22033E00, 0x07001C40, 0x0D050045, 0x02030802, 0x49050786, 0x0092003F,
0x3FD5ED01, 0x10D0D5ED, 0x33313005, 0x23112335, 0x33113301, 0x2250D2D2, 0x50AA01CC, 0x5001CC00, 0x010000FF, 0x5601F401, 0x72000700, 0x32401F10,
0x01400150, 0x01032001, 0x60017001, 0x03010902, 0x45050608, 0x02900501, 0x0549079C, 0x0392003F, 0x3FED5D32, 0x0110D0D5, 0xED10C05D, 0x71313001,
0x15231123, 0x11233501, 0xF4D250D2, 0x017250FE, 0x3401CC50, 0x00010000, 0x012201F4, 0x033E0007, 0x0031401E, 0x00074007, 0x026007C0, 0x07020709,
0x7F058F05, 0x9F050305, 0x45020108, 0x07490205, 0x0486003F, 0xD532ED01, 0x10D0D5ED, 0x5D10C05D, 0x71313011, 0x35331133, 0x113315D2, 0x50D20122,
0x5001CCFE, 0x34500001, 0x00D2FF56, 0x01F4033E, 0x00070028, 0x40160590, 0x0301039F, 0x02010245, 0x00080692, 0x90050105, 0x49020186, 0x003FDDED,
0x5D3F0110, 0xD6FD5DCD, 0x5D333130, 0x13331133, 0x15231123, 0xD250D2D2, 0x50033EFE, 0x3450FE34, 0x00010000, 0xFF5601F4, 0x033E000B, 0x00404028,
0x00081008, 0x40080320, 0x08300870, 0x08C00804, 0x080D0609, 0x45033000, 0x0100010C, 0x0A920090, 0x09010949, 0x03060586, 0x003FD532, 0xED5D323F,
0x0110D0D5, 0x5D32ED32, 0x10C05D71, 0x31301323, 0x35331133, 0x11331523, 0x1123D2D2, 0xD250D2D2, 0x50012250, 0x01CCFE34, 0x50FE3400, 0x010000FF,
0x56012201, 0x72000500, 0x17400A02, 0x45040506, 0x01490403, 0x92003FD5, 0xED0110D0, 0xD5ED3130, 0x11211123, 0x11230122, 0x50D20172, 0xFDE401CC,
0x00020000, 0xFF560122, 0x033E0005, 0x000B005C, 0x403E5F08, 0x6F080208, 0x450A0B0C, 0x5F036F03, 0x02034501, 0x000C0740, 0x1F004D5F, 0x07010749,
0x5F0A7F0A, 0x8F0A0330, 0x0A010A08, 0x92500460, 0x04020449, 0xBF010180, 0x01011F01, 0x01010386, 0x003FD55D, 0x5D5DED71, 0x3FD55D5D, 0xED712B01,
0x10D0D5ED, 0x7110D0D5, 0xED713130, 0x11331133, 0x11211521, 0x11231123, 0xD250FEDE, 0x012250D2, 0x01C2017C, 0xFE3450FE, 0x34017C00, 0x0200D2FF,
0x5601F403, 0x3E000500, 0x0B003840, 0x20D00601, 0x0607450A, 0x0CD00501, 0x05044501, 0x0C0B49B0, 0x07018F07, 0x01070892, 0x00490403, 0x86003FD5,
0xED3FD55D, 0x5DED0110, 0xD6FDC55D, 0x10D6FDC5, 0x5D313001, 0x21113311, 0x33152311, 0x23112101, 0xF4FEDE50, 0xD2D25001, 0x22017201, 0xCCFE84F0,
0xFE8401CC, 0x00020000, 0x00D201F4, 0x033E0007, 0x000B0040, 0x40290009, 0x10094009, 0x50090420, 0x09600970, 0x09C00904, 0x090B0C30, 0x06D00602,
0x06054502, 0x010C0949, 0x08074902, 0x05048600, 0x3FD532FD, 0xD6ED0110, 0xD0D5FDC5, 0x5D10D0C5, 0x5D713130, 0x11353311, 0x3311331D, 0x022135D2,
0x50D2FE0C, 0x01725001, 0x7CFE8450, 0x50505000, 0x02000000, 0xD2012203, 0x3E000500, 0x09003C40, 0x2507400C, 0x004D7F07, 0xBF070210, 0x07500702,
0xDF070170, 0x07010709, 0x0A044501, 0x000A0849, 0x07044901, 0x0386003F, 0xD5FDD6ED, 0x0110D0D5, 0xED10D0C5, 0x5D5D7171, 0x2B313011, 0x33113311,
0x21152115, 0x21D250FE, 0xDE0122FE, 0xDE01C201, 0x7CFE3450, 0x50000200, 0xD200D201, 0xF4033E00, 0x05000900, 0x38402110, 0x08017008, 0x0108060A,
0x7005015F, 0x05013005, 0xD0050205, 0x0445010A, 0x09490601, 0x49040386, 0x003FD5FD, 0xD6ED0110, 0xD6FDC55D, 0x717110D6, 0xC55D7131, 0x30012111,
0x33113305, 0x21152101, 0xF4FEDE50, 0xD2FEDE01, 0x22FEDE01, 0x7201CCFE, 0x84A05000, 0x020000FF, 0x5601F401, 0xC2000700, 0x0B004040, 0x29000A10,
0x0A400A50, 0x0A04200A, 0x600A700A, 0xC00A040A, 0x080C3001, 0xD0010201, 0x02450506, 0x0C0A490B, 0x00490502, 0x0392003F, 0xD5C0FDD6, 0xED0110D0,
0xD5FDC55D, 0x10D0C55D, 0x71313001, 0x15231123, 0x11233D02, 0x211501F4, 0xD250D201, 0xF4012250, 0xFE84017C, 0x50505050, 0x00020000, 0xFF560122,
0x01C20005, 0x00090034, 0x401E1007, 0x500702DF, 0x07017007, 0x013F0701, 0x07090A02, 0x4504050A, 0x07490801, 0x49040392, 0x003FD5FD, 0xD6ED0110,
0xD0D5ED10, 0xD0C55D5D, 0x5D713130, 0x11211123, 0x11233521, 0x15210122, 0x50D20122, 0xFEDE0122, 0xFE34017C, 0xF0500002, 0x00D2FF56, 0x01F401C2,
0x00050009, 0x00384022, 0x10075007, 0x02700701, 0x07090A70, 0x00B00002, 0x3000D000, 0x02000145, 0x040A0749, 0x08054901, 0x0292003F, 0xD5FDD6ED,
0x0110D6FD, 0xC55D7110, 0xD6C55D71, 0x31302523, 0x11231121, 0x25211521, 0x01F4D250, 0x0122FEDE, 0x0122FEDE, 0xD2FE8401, 0xCCA05000, 0x020082FF,
0x56017203, 0x3E000300, 0x07001E40, 0x0F054504, 0x03450208, 0x06920486, 0x03860092, 0x003F3F3F, 0x3F0110D6, 0xFDD6ED31, 0x30172311, 0x3B021123,
0xD2505050, 0x5050AA03, 0xE8FC1800, 0x040000FF, 0x5601F403, 0x3E000500, 0x0B001100, 0x17007640, 0x4E3006B0, 0x06020607, 0x45700AA0, 0x0AB00A03,
0xC00AD00A, 0x020A1345, 0xB0160116, 0x12183011, 0xB0110211, 0x1045700D, 0xA00DB00D, 0x03C00DD0, 0x0D020D04, 0x45B00101, 0x01001815, 0x9207490A,
0x0D49100E, 0x86099216, 0x49130449, 0x01038600, 0x3FD5FDD6, 0xED3F3FD5, 0xFDD6ED3F, 0x0110D0D5, 0x5DFDD65D, 0x71FDC55D, 0x10D0D55D, 0xFDD65D71,
0xFDC55D31, 0x30113311, 0x33112305, 0x23112311, 0x33352311, 0x33113305, 0x33112311, 0x238250D2, 0x01F48250, 0xD2D25082, 0xFE0CD250, 0x8201C201,
0x7CFE34A0, 0xFE8401CC, 0x5001CCFE, 0x84A0FE34, 0x017C0003, 0x0000FF56, 0x0172033E, 0x00030009, 0x000F0045, 0x40299F0B, 0x010B450E, 0x0F100140,
0x12004D8F, 0x01010145, 0x009F0701, 0x07450504, 0x100D920E, 0x490B0849, 0x05078602, 0x92008600, 0x3F3F3FD5, 0xFDD6ED3F, 0x0110D0D5, 0xFD5DD6ED,
0x5D2B10D0, 0xD5ED5D31, 0x30013311, 0x23013311, 0x33112315, 0x33112311, 0x23012250, 0x50FEDE82, 0x50D2D250, 0x82033EFC, 0x18026C01, 0x7CFE3450,
0xFE34017C, 0x00030082, 0xFF5601F4, 0x033E0003, 0x0009000F, 0x00634040, 0x900D010D, 0x450B200A, 0x010A1190, 0x05010545, 0x08200901, 0x09110040,
0x12004D8F, 0x00010045, 0x01400F00, 0x4DB00101, 0x7F018F01, 0x02300101, 0x01100C92, 0x0A490F04, 0x49090686, 0x03860192, 0x003F3F3F, 0xD4FDD6ED,
0x3F0110D6, 0x5D5D5D2B, 0xED5D2B10, 0xD05DD5ED, 0x5D10D05D, 0xD5ED5D31, 0x30172311, 0x33012311, 0x33113315, 0x23112311, 0x33D25050, 0x0122D250,
0x828250D2, 0xAA03E8FE, 0x3401CCFE, 0x84F0FE84, 0x01CC0003, 0x000000D2, 0x01F4033E, 0x00030009, 0x000F003F, 0x40240B45, 0x3F0EBF0E, 0x020E0F11,
0x08453005, 0xB0050205, 0x04100003, 0x100A490E, 0x0C860249, 0x03084905, 0x0786003F, 0xD5FDD6ED, 0x3FD5ED01, 0x10D0C510, 0xD0D55DED, 0x10D0D55D,
0xED313001, 0x15213535, 0x33113311, 0x23212311, 0x33113301, 0xF4FE0C82, 0x50D201F4, 0xD2508201, 0x225050A0, 0x017CFE34, 0x01CCFE84, 0x00020000,
0x00D20172, 0x033E0005, 0x000B003A, 0x40220A45, 0xA007013F, 0x0701070B, 0x0C044501, 0x050C0A49, 0x07098604, 0x49500101, 0x1F013F01, 0x02010386,
0x003FD55D, 0x5DED3FD5, 0xED0110D0, 0xD5ED10D0, 0xD55D5DED, 0x31301133, 0x11331123, 0x15211133, 0x11218250, 0xD2012250, 0xFE8E01C2, 0x017CFE34,
0x50021CFD, 0x94000200, 0x8200D201, 0xF4033E00, 0x05000B00, 0x4040273F, 0x0B010B0A, 0x453007B0, 0x0702070C, 0x050445B0, 0x0101010C, 0x07490A09,
0x86014950, 0x04011F04, 0x3F040204, 0x0286003F, 0xD55D5DED, 0x3FD5ED01, 0x10D45DFD, 0xC510D65D, 0xFDC55D31, 0x30012311, 0x33113315, 0x21113311,
0x2101F4D2, 0x5082FE8E, 0x50012201, 0x7201CCFE, 0x84F0026C, 0xFDE40003, 0x0000FF56, 0x01F401C2, 0x00030009, 0x000F0063, 0x40418008, 0x90080208,
0x453F05BF, 0x05020509, 0x118F0B9F, 0x0B020B45, 0x300EB00E, 0x020E0F10, 0x02001002, 0x4012004D, 0x8F020102, 0x49A003B0, 0x0302030A, 0x49B00E01,
0x0E0D9209, 0x49B00501, 0x05079200, 0x3FD55DED, 0x3FD55DFD, 0xD65DED5D, 0x2B0110D0, 0xC510D0DD, 0x5DED5D10, 0xD0D55DED, 0x5D313011, 0x35211515,
0x23112311, 0x33213311, 0x23112301, 0xF48250D2, 0xFE0CD250, 0x82017250, 0x50A0FE84, 0x01CCFE34, 0x017C0002, 0x0000FF56, 0x017201C2, 0x0005000B,
0x0072400D, 0x07401000, 0x4D8F079F, 0x07020745, 0x0AB8FFC0, 0x40231000, 0x4D800A01, 0x0A0B0C01, 0x459F04AF, 0x04023004, 0x0104050C, 0x07401000,
0x4D8F079F, 0x07020749, 0x0AB8FFC0, 0x40181000, 0x4D800A90, 0x0A020A08, 0x9201495F, 0x04011004, 0x30040204, 0x0292003F, 0xD55D5DED, 0x3FD55D2B,
0xED5D2B01, 0x10D0D55D, 0x5DED10D0, 0xD55D2BED, 0x5D2B3130, 0x11331123, 0x11233521, 0x11231121, 0xD2508201, 0x7250FEDE, 0x0122FE34, 0x017CF0FD,
0x94021C00, 0x020082FF, 0x5601F401, 0xC2000500, 0x0B006440, 0x46700680, 0x0602067F, 0x078F079F, 0x07030745, 0xB00A010A, 0x0C9F00AF, 0x00023000,
0x01000145, 0xA004B004, 0x023F0401, 0x040C7F0A, 0x8F0A9F0A, 0x030A4970, 0x07800790, 0x07030708, 0x92044910, 0x01300102, 0x01039200, 0x3FD55DED,
0x3FD55DED, 0x5D0110D4, 0x5D5DFDC5, 0x5D5D10D6, 0x5DFD5DC5, 0x5D313025, 0x23112311, 0x33352111, 0x23112101, 0xF48250D2, 0xFEDE5001, 0x72D2FE84,
0x01CC50FD, 0xE4026C00, 0x02000000, 0xD201F401, 0xC2000300, 0x07001D40, 0x0D070408, 0x03000803, 0x49020749, 0x050A003F, 0xFDD6ED01, 0x10D0C510,
0xD0C53130, 0x35352115, 0x25352115, 0x01F4FE0C, 0x01F4D250, 0x50A05050, 0x00020000, 0xFF560172, 0x033E0007, 0x000B0027, 0x40140B45, 0x0A074502,
0x05030C0A, 0x86099206, 0x86054902, 0x0192003F, 0xD5ED3F3F, 0x3F0110D0, 0xD532FDD6, 0xED313017, 0x23112335, 0x33113313, 0x231133D2, 0x50828250,
0xA05050AA, 0x01CC5001, 0xCCFC1803, 0xE8000200, 0x82FF5601, 0xF4033E00, 0x07000B00, 0x2740140B, 0x450A0745, 0x0205040D, 0x0A920986, 0x02490506,
0x92018600, 0x3F3FD5ED, 0x3F3F0110, 0xD0D532FD, 0xD6ED3130, 0x01331133, 0x15231123, 0x03331123, 0x01225082, 0x8250A050, 0x50033EFE, 0x3450FE34,
0x03E8FC18, 0x00010000, 0x012201F4, 0x033E000B, 0x0045402D, 0x010D0B40, 0x0F12480B, 0x45080740, 0x0F124807, 0x45300460, 0x047004B0, 0x04C004D0,
0x04060403, 0x0C0A860B, 0x07900201, 0x02490405, 0x86003FD5, 0xED5D3333, 0x3F0110D0, 0xD55DFD2B, 0xD6ED2B10, 0xC0313001, 0x15213533, 0x11331133,
0x11331101, 0xF4FE0C82, 0x50505001, 0x72505001, 0xCCFE3401, 0xCCFE3400, 0x02000001, 0x22017203, 0x3E000500, 0x09003B40, 0x258F089F, 0x08020845,
0x098F049F, 0x04020445, 0x01000A90, 0x080108A1, 0x07869F01, 0x01014990, 0x040104A1, 0x0386003F, 0x3F5DED5D, 0x3F3F5D01, 0x10D0D5FD, 0x5DD6ED5D,
0x31301133, 0x11331123, 0x01331123, 0x8250D201, 0x22505001, 0x7201CCFD, 0xE4021CFD, 0xE4000200, 0x82012201, 0xF4033E00, 0x05000900, 0x3B402580,
0x07900702, 0x07450680, 0x01900102, 0x01450400, 0x0B098690, 0x060106A1, 0x03869F04, 0x01044990, 0x000100A1, 0x003F5DED, 0x5D3F3F5D, 0x3F0110D0,
0xD5FD5DD6, 0xED5D3130, 0x01231133, 0x11330523, 0x113301F4, 0xD25082FE, 0xDE505001, 0x22021CFE, 0x3450021C, 0x00010000, 0xFF5601F4, 0x0172000B,
0x00404027, 0x80079007, 0x020745BF, 0x04010403, 0x0D8F089F, 0x08020845, 0x300BB00B, 0x020B000C, 0x09920692, 0x0408080B, 0x49018300, 0x3FED3211,
0x333F3F01, 0x10D0D55D, 0xED5D10D0, 0xD55DED5D, 0x31301135, 0x21152311, 0x23112311, 0x231101F4, 0x82505050, 0x01225050, 0xFE3401CC, 0xFE3401CC,
0x00020000, 0xFF560172, 0x01720005, 0x00090043, 0x402A8406, 0x94060206, 0x45BF0701, 0x023F0701, 0x20070107, 0x0B8F019F, 0x01020145, 0x04050A09,
0x92078302, 0x92900401, 0x04490183, 0x003FED5D, 0x3F3F3F01, 0x10D0D5ED, 0x5D10D65D, 0x5D5F5DED, 0x5D313011, 0x33112311, 0x23253311, 0x23D25082,
0x01225050, 0x0172FDE4, 0x01CC50FD, 0xE4000200, 0x82FF5601, 0xF4017200, 0x05000900, 0x43402A84, 0x04940402, 0x04450124, 0x0001000B, 0x8B099B09,
0x020945B0, 0x08010230, 0x0801080A, 0x09830692, 0x90010101, 0x49048303, 0x92003F3F, 0xED5D3F3F, 0x0110D65D, 0x5F5DED5D, 0x10D05DD5, 0xED5D3130,
0x01231123, 0x11330123, 0x113301F4, 0x8250D2FE, 0xDE505001, 0x22FE3402, 0x1CFDE402, 0x1C000100, 0x00FF5601, 0xF4033E00, 0x03000FB5, 0x05030386,
0x0292003F, 0x3F012FC5, 0x31300111, 0x211101F4, 0xFE0C033E, 0xFC1803E8, 0x002E0000, 0xFF6E01F4, 0x033E0003, 0x0007000B, 0x000F0013, 0x0017001B,
0x001F0023, 0x0027002B, 0x002F0033, 0x0037003B, 0x003F0043, 0x0047004B, 0x004F0053, 0x0057005B, 0x005F0063, 0x0067006B, 0x006F0073, 0x0077007B,
0x007F0083, 0x0087008B, 0x008F0093, 0x0097009B, 0x009F00A3, 0x00A700AB, 0x00AF00B3, 0x00B70000, 0x11331523, 0x17331523, 0x37331523, 0x17331523,
0x07331523, 0x17331523, 0x37331523, 0x17331523, 0x07331523, 0x17331523, 0x37331523, 0x17331523, 0x07331523, 0x17331523, 0x37331523, 0x17331523,
0x07331523, 0x17331523, 0x37331523, 0x17331523, 0x07331523, 0x17331523, 0x37331523, 0x17331523, 0x07331523, 0x37331523, 0x13331523, 0x17331523,
0x37331523, 0x07331523, 0x17331523, 0x37331523, 0x07331523, 0x17331523, 0x37331523, 0x07331523, 0x17331523, 0x37331523, 0x07331523, 0x17331523,
0x37331523, 0x07331523, 0x17331523, 0x37331523, 0x07331523, 0x37331523, 0x27274E27, 0x274E2727, 0x4E2727EA, 0x27274E27, 0x274E2727, 0x4E2727EA,
0x27274E27, 0x274E2727, 0x4E2727EA, 0x27274E27, 0x274E2727, 0x4E2727EA, 0x27274E27, 0x274E2727, 0x4E2727EA, 0x27274E27, 0x274E2727, 0x4E2727EA,
0x27279C27, 0x279C2727, 0x4E27274E, 0x20209C27, 0x274E2727, 0x4E20209C, 0x27274E27, 0x274E2020, 0x9C27274E, 0x27274E20, 0x209C2727, 0x4E27274E,
0x20209C27, 0x274E2727, 0x4E20209C, 0x27279C20, 0x20033E27, 0x27277527, 0x27272727, 0x27277527, 0x27272727, 0x27277527, 0x27272827, 0x27277527,
0x27272727, 0x27277527, 0x27272727, 0x27277527, 0x27272727, 0x272703D0, 0x27272775, 0x27752727, 0x27752775, 0x27272775, 0x27762727, 0x27752775,
0x27272775, 0x27752727, 0x27752775, 0x27272700, 0x550000FF, 0x6E01F403, 0x3E000300, 0x07000B00, 0x0F001300, 0x17001B00, 0x1F002300, 0x27002B00,
0x2F003300, 0x37003B00, 0x3F004300, 0x47004B00, 0x4F005300, 0x57005B00, 0x5F006300, 0x67006B00, 0x6F007300, 0x77007B00, 0x7F008300, 0x87008B00,
0x8F009300, 0x97009B00, 0x9F00A300, 0xA700AB00, 0xAF00B300, 0xB700BB00, 0xBF00C300, 0xC700CB00, 0xCF00D300, 0xD700DB00, 0xDF00E300, 0xE700EB00,
0xEF00F300, 0xF700FB00, 0xFF010301, 0x07010B01, 0x0F011301, 0x17011B01, 0x1F012301, 0x27012B01, 0x2F013301, 0x37013B01, 0x3F014301, 0x47014B01,
0x4F015300, 0x00113315, 0x23373315, 0x23073315, 0x23373315, 0x23373315, 0x23373315, 0x23073315, 0x23373315, 0x23373315, 0x23373315, 0x23073315,
0x23373315, 0x23053315, 0x23373315, 0x23373315, 0x23373315, 0x23373315, 0x23373315, 0x23053315, 0x23373315, 0x23373315, 0x23373315, 0x23373315,
0x23373315, 0x23053315, 0x23373315, 0x23373315, 0x23373315, 0x23373315, 0x23373315, 0x23053315, 0x23373315, 0x23373315, 0x23373315, 0x23373315,
0x23373315, 0x23053315, 0x23373315, 0x23373315, 0x23373315, 0x23373315, 0x23373315, 0x23133315, 0x23053315, 0x23373315, 0x23373315, 0x23373315,
0x23373315, 0x23373315, 0x23373315, 0x23053315, 0x23373315, 0x23373315, 0x23373315, 0x23373315, 0x23373315, 0x23373315, 0x23053315, 0x23373315,
0x23373315, 0x23373315, 0x23373315, 0x23373315, 0x23373315, 0x23053315, 0x23373315, 0x23373315, 0x23373315, 0x23373315, 0x23373315, 0x23373315,
0x23053315, 0x23373315, 0x23373315, 0x23373315, 0x23373315, 0x23373315, 0x23373315, 0x23053315, 0x23373315, 0x23373315, 0x23373315, 0x23373315,
0x23373315, 0x23373315, 0x2327274E, 0x27272727, 0x274E2727, 0x2727274E, 0x27272727, 0x274E2727, 0x2727274E, 0x27272727, 0x274E2727, 0xFE7A2727,
0x4E27274E, 0x27274E27, 0x274E2727, 0x4E2727FE, 0x7A27274E, 0x27274E27, 0x274E2727, 0x4E27274E, 0x2727FE7A, 0x27274E27, 0x274E2727, 0x4E27274E,
0x27274E27, 0x27FE7A27, 0x274E2727, 0x4E27274E, 0x27274E27, 0x274E2727, 0xFE7A2727, 0x4E27274E, 0x27274E27, 0x274E2727, 0x4E272727, 0x2020FE2C,
0x27274E27, 0x274E2727, 0x4E27274E, 0x27274E27, 0x274E2020, 0xFE2C2727, 0x4E27274E, 0x27274E27, 0x274E2727, 0x4E27274E, 0x2020FE2C, 0x27274E27,
0x274E2727, 0x4E27274E, 0x27274E27, 0x274E2020, 0xFE2C2727, 0x4E27274E, 0x27274E27, 0x274E2727, 0x4E27274E, 0x2020FE2C, 0x27274E27, 0x274E2727,
0x4E27274E, 0x27274E27, 0x274E2020, 0xFE2C2727, 0x4E27274E, 0x27274E27, 0x274E2727, 0x4E27274E, 0x2020033E, 0x27272727, 0x27272775, 0x27272727,
0x27272775, 0x27272727, 0x27272775, 0x27272727, 0x27272727, 0x27272775, 0x27272727, 0x27272727, 0x27272776, 0x27272727, 0x27272727, 0x27272775,
0x27272727, 0x27272727, 0x27272775, 0x27272727, 0x27272727, 0x27272703, 0x82277527, 0x27272727, 0x27272727, 0x27272727, 0x75272727, 0x27272727,
0x27272727, 0x27277627, 0x27272727, 0x27272727, 0x27272727, 0x75272727, 0x27272727, 0x27272727, 0x27277527, 0x27272727, 0x27272727, 0x27272727,
0x75272727, 0x27272727, 0x27272727, 0x27270049, 0x0000FF56, 0x01F4033E, 0x00030007, 0x000B000F, 0x00130017, 0x001B001F, 0x00230027, 0x002B002F,
0x00330037, 0x003B003F, 0x00430047, 0x004B004F, 0x00530057, 0x005B005F, 0x00630067, 0x006B006F, 0x00730077, 0x007B007F, 0x00830087, 0x008B008F,
0x00930097, 0x009B009F, 0x00A300A7, 0x00AB00AF, 0x00B300B7, 0x00BB00BF, 0x00C300C7, 0x00CB00CF, 0x00D300D7, 0x00DB00DF, 0x00E300E7, 0x00EB00EF,
0x00F300F7, 0x00FB00FF, 0x01030107, 0x010B010F, 0x01130117, 0x011B011F, 0x013B0000, 0x13333523, 0x17333523, 0x07333523, 0x17333523, 0x37333523,
0x17333523, 0x07333523, 0x17333523, 0x37333523, 0x17333523, 0x07333523, 0x17333523, 0x05333523, 0x17333523, 0x07333523, 0x17333523, 0x37333523,
0x17333523, 0x07333523, 0x17333523, 0x37333523, 0x17333523, 0x07333523, 0x17333523, 0x05333523, 0x17333523, 0x07333523, 0x17333523, 0x37333523,
0x17333523, 0x07333523, 0x17333523, 0x37333523, 0x17333523, 0x07333523, 0x17333523, 0x05333523, 0x17333523, 0x07333523, 0x17333523, 0x37333523,
0x17333523, 0x07333523, 0x17333523, 0x37333523, 0x17333523, 0x07333523, 0x17333523, 0x05333523, 0x17333523, 0x07333523, 0x17333523, 0x37333523,
0x17333523, 0x07333523, 0x17333523, 0x37333523, 0x17333523, 0x07333523, 0x17333523, 0x05333523, 0x17333523, 0x07333523, 0x17333523, 0x37333523,
0x17333523, 0x07333523, 0x17333523, 0x37333523, 0x17333523, 0x07333523, 0x17333523, 0x13112335, 0x23152335, 0x23152335, 0x23152335, 0x23152335,
0x23152335, 0x23152311, 0x2727274E, 0x27274E27, 0x274E2727, 0x4E27274E, 0x27274E27, 0x274E2727, 0x4E27274E, 0x27274E27, 0x274E2727, 0xFE7A2727,
0x4E27274E, 0x27274E27, 0x274E2727, 0x4E27274E, 0x27274E27, 0x274E2727, 0x4E27274E, 0x27274E27, 0x27FE7A27, 0x274E2727, 0x4E27274E, 0x27274E27,
0x274E2727, 0x4E27274E, 0x27274E27, 0x274E2727, 0x4E27274E, 0x2727FE7A, 0x27274E27, 0x274E2727, 0x4E27274E, 0x27274E27, 0x274E2727, 0x4E27274E,
0x27274E27, 0x274E2727, 0x4E2727FE, 0x7A27274E, 0x27274E27, 0x274E2727, 0x4E27274E, 0x27274E27, 0x274E2727, 0x4E27274E, 0x27274E27, 0x274E2727,
0xFE7A2727, 0x4E27274E, 0x27274E27, 0x274E2727, 0x4E27274E, 0x27274E27, 0x274E2727, 0x4E27274E, 0x27274E27, 0x27472027, 0x27272727, 0x27272727,
0x27272702, 0xF0272727, 0x75272727, 0x27272727, 0x75272727, 0x27272727, 0x75272727, 0x75272727, 0x75272727, 0x27272727, 0x75272727, 0x27272727,
0x75272727, 0x75272727, 0x76282828, 0x27272727, 0x76282828, 0x27272727, 0x76282828, 0x76272727, 0x75272727, 0x27272727, 0x75272727, 0x27272727,
0x75272727, 0x75272727, 0x75272727, 0x27272727, 0x75272727, 0x27272727, 0x75272727, 0x75272727, 0x75272727, 0x27272727, 0x75272727, 0x27272727,
0x75272727, 0x0382FC18, 0x18181818, 0x18181818, 0x18181818, 0x03E80001, 0x0000FF56, 0x01F4033E, 0x00130057, 0x40360680, 0x11901102, 0x1145003F,
0x03BF0302, 0x03021507, 0x8F109F10, 0x0210450A, 0x300DB00D, 0x020D0B14, 0x13860A03, 0x80079007, 0x0207490D, 0x00100F86, 0x08920492, 0x003F3F3F,
0xD53232ED, 0x5D32323F, 0x0110D0D5, 0x5D32ED5D, 0x3210D0D5, 0x5D32ED5D, 0x32313001, 0x33152311, 0x23112311, 0x23112335, 0x33113311, 0x33113301,
0x72828250, 0x50508282, 0x50505001, 0x7250FE34, 0x01CCFE34, 0x01CC5001, 0xCCFE3401, 0xCC000100, 0x00FF5601, 0xF4033E00, 0x13003140, 0x18130F01,
0x02450C08, 0x05061405, 0x02490813, 0x0912490C, 0x0F0E8603, 0x92003F3F, 0xD532FD32, 0xD632ED32, 0x0110D0D5, 0x3232FDC5, 0x33333130, 0x01152311,
0x23112335, 0x33352335, 0x33113311, 0x33152315, 0x01F4D250, 0xD2D2D2D2, 0x50D2D201, 0x2250FE84, 0x017C5050, 0x50017CFE, 0x84505000,

};